FIPS,lon,lat,income_per_capita,pop_density,agriculture_share,mining_share,construction_share,manufacturing_share,finance_share,services_share,government_share
01001,-86.64418431935907,32.5374742405477,49879.0,38.689119170984455,1.336185734843656,1.033641669443526,4.114980611093947,10.777493182792169,14.01140411732054,19.35411045241647,12.242114983211014
01003,-87.72927412436934,30.738126357775815,57721.0,57.436990449569066,0.4172925757800372,0.1629275151505631,9.11210617929488,6.130385388057105,28.072843727299592,35.78752181403522,9.295249022948102
01005,-85.40367396769165,31.867678782245903,41053.0,10.27941787941788,9.669537805703692,3.772561364990614,2.473714448030105,24.412939987997177,12.350525283892503,18.21151459881296,14.425177746501133
01007,-87.12658998146564,32.998631706172276,38232.0,13.578134651019148,0.7797887652011876,0.2362311484414654,15.349462178680442,14.629469966138464,14.03272122986212,20.242697519833683,18.784808894389553
01009,-86.57758717030057,33.98480934446771,44085.0,33.14261838440112,13.18803853586228,0.0154718564586795,7.076733375373025,10.527660631861242,0.0,5.213937485885838,15.03200251925582
01011,-85.71731593518324,32.10378149436696,33623.0,6.380592312539383,13.653019473793243,0.0,0.0,0.0,13.523539465506524,22.71467785373938,16.138388232856844
01013,-86.68042802153953,31.75255298693701,47524.0,9.256575682382136,12.664702055559331,0.0,2.9524997815300664,25.446528270009416,11.946178718115528,19.048150773383565,9.457927545660215
01015,-85.8263676426593,33.771545425447904,42684.0,72.93257718966603,1.004882348061591,0.0513552551055202,2.5301910059206096,23.121632960356948,12.331343242222442,17.73946187106232,22.572074149502814
01017,-85.3914900212001,32.91567432559916,39568.0,21.66010165184244,2.6167119423566048,0.0,2.664413701125368,33.75878056600842,14.563199420890813,18.88684749403482,15.533659737945223
01019,-85.60292922267729,34.176328774751454,44552.0,16.397411003236247,14.327018442664654,0.0,3.8687128667197617,13.544701041054704,0.0,4.576000521002223,14.992246021591743
01021,-86.71787796773724,32.84803769347696,43434.0,25.15414152495886,0.9675932602124632,0.0269325710214018,7.319580049821722,21.28288106406983,19.349673840202904,24.71971746955418,12.178258275580289
01023,-88.26861989830492,32.01892048014387,43293.0,5.048780487804878,5.049294058539139,1.575243762654448,3.834316607148766,48.76862629477757,9.146552424389204,13.376334640019492,5.8832466387679645
01025,-87.8299358618955,31.67894945083247,44541.0,7.032127261384903,2.7906998917815993,2.160172768055072,1.6358617664866206,35.013563055096036,12.66489004152345,17.876821716143613,13.893049708954477
01027,-85.86078458985321,33.26911815542713,39516.0,9.05484693877551,10.266115531825456,0.0,0.0,46.04643102087774,11.646472319117397,14.804681450453176,12.837668419383624
01029,-85.51871922894705,33.674439996850786,44365.0,10.56641431520991,21.798034775157372,0.191155075732251,12.19814212332798,14.059079159859316,13.350957894092556,14.874548596234336,16.642026808793133
01031,-85.98793556915287,31.40286141916542,51873.0,31.083427922814984,8.906852811299006,0.0,3.151705736140971,15.254447304959111,16.26483154914559,23.468095662412097,12.872908402919537
01033,-87.80220595131773,34.704064203416934,44702.0,35.42307692307692,0.3514975492207947,1.6036637035983718,6.412976512005507,33.37438562689629,0.0,4.765768490086267,16.146825216401837
01035,-86.99548114038984,31.43082657486731,41313.0,5.120949338201735,6.817722872245649,25.542357110332404,1.7821860584823108,8.62406208548633,9.171467601116587,14.630872483221475,11.274771831878205
01037,-86.24780589992343,32.93740394350407,38883.0,5.961159420289855,1.203805106401254,0.0,6.299469604243166,27.33191608151345,0.0,2.324292984603491,13.593592303893148
01039,-86.45027310583997,31.255109472756548,42432.0,13.850812407680944,6.241705053676724,0.0712087986476837,2.9739111530292703,13.03967189276762,13.666231212495775,21.001778918160003,12.761866451608284
01041,-86.31329689921097,31.73729985857581,48483.0,8.487362281270252,26.339344995071844,0.0,3.0363785644952244,21.73904911882368,0.0,5.152024657600859,10.33098116079995
01043,-86.87389314471655,34.14088183012868,49786.0,49.66940789473684,7.977022013869452,0.1243748926091814,5.403893187651419,22.11993509049253,13.113702517893774,21.065322041858284,10.172877771771432
01045,-85.61079987701754,31.431979581504145,44902.0,34.001374570446735,3.820409375919264,0.0172623447783462,1.933000964694982,18.65900938801465,8.257654000372256,13.488144468211155,45.41852085191433
01047,-87.10724820945018,32.32598056838548,42265.0,14.3472493172064,3.024119040713306,0.0,2.9316969363180414,34.104603833105756,0.0,7.077916787517149,13.218837684493876
01049,-85.8035399212511,34.46017834732749,42115.0,35.73710317460318,12.71976203090604,0.0,3.7642344312441263,25.556749858464205,0.0,6.068633414657367,11.17540482144687
01051,-86.15985130333141,32.60173724567602,48775.0,55.56203473945409,0.6186587379505537,0.5232377472498064,5.8737631019131324,14.6547709297096,21.088518246618328,26.597972074282183,16.377501256170014
01053,-87.15935688069253,31.127566295588583,40499.0,14.855983772819473,1.0089129930740046,5.382769076926863,2.433230270239463,22.17419519467785,0.0,6.265389841441726,22.346211686499945
01055,-86.03335439139369,34.045857623980694,43197.0,72.05395935529081,1.449329580291863,0.26482626243931,3.765708500965217,12.261835680578178,17.526885561582162,32.5002158833313,13.056258211653423
01057,-87.73889455846962,33.72140567554135,43018.0,9.829044117647058,4.377762606339227,2.202395792799573,2.3000263299539343,23.465581158005357,18.08029004890847,22.998399232004175,21.465203684329484
01059,-87.83924489378266,34.44163861088414,42381.0,19.30332326283988,7.33939493865339,1.4873586977065898,2.656141296261295,35.59020223670824,14.30970486872107,18.48907583977094,14.133486683100829
01061,-85.83780053876733,31.097693905554227,42387.0,18.322161422708614,17.122181016337574,0.3443921018342187,3.743810764758946,5.7903845511342755,19.158330827570076,21.822458320804515,15.474123818114998
01063,-87.95964143992687,32.86604268103326,38672.0,4.301799187463726,3.8464417852344233,0.0,1.8002860598992092,23.412781282383673,12.933768858873176,14.902696291859902,17.249884748594326
01065,-87.6338909632306,32.766675123759775,44630.0,8.307561114269472,11.634388951577296,0.0,5.622025707697591,13.649548643477408,21.51241230437129,26.106620713339545,21.23859343570623
01067,-85.23973508270004,31.51572794469963,53120.0,11.853494623655914,18.75579767863406,0.0,4.028136974357461,13.977363240341026,16.252839428475905,19.852890562772263,10.449096791322903
01069,-85.29905368146301,31.153102615233855,52035.0,71.0006570302234,0.4721697482637937,0.0,3.1630976461229294,6.080981501651286,0.0,9.829754268470408,12.291315572055025
01071,-85.99902304584649,34.779810969790525,44272.0,18.121399176954732,5.367115998304278,0.2110809707227884,3.5200794804640867,30.611474211762378,15.46170711344952,19.36098331066302,14.20765311562899
01073,-86.90162364191417,33.554372240271505,67540.0,225.99083191850593,0.0035479584634606,2.0576983251693366,4.517599152061784,6.553414991818395,20.808479872936054,32.59868496504375,12.415313793068544
01075,-88.0932930877529,33.77865296384911,40141.0,8.918848167539267,2.228172221709291,0.0,1.8496291508940388,31.7535847957785,0.0,3.7402138685492026,11.766084529448946
01077,-87.6487180888474,34.90628170835644,44918.0,54.24377828054298,0.7700348139564974,0.0,5.428250453229836,9.639792638846956,0.0,12.0123057364149,15.05623291975538
01079,-87.3116000887659,34.52534075290325,43959.0,17.603183023872678,9.929190846639829,0.0451179966118,6.4231620630980775,3.9944963501653703,0.0,4.283972422090667,16.277404832721608
01081,-85.35262082564283,32.60140476934621,46178.0,112.4496894409938,0.4887317804072881,0.2326780625494413,5.439881175424261,11.266012449292134,16.20349260381224,20.551050976485392,23.66308557646824
01083,-86.98275631760112,34.81319948083577,53967.0,71.24341682723185,1.086829827650841,0.1057648736931306,5.8237001191948075,19.539111200349243,0.0,1.800489877560454,16.900510553026436
01085,-86.65097508198919,32.156666154533205,50952.0,5.1626187961985215,12.114541993086844,2.165007206366381,1.7115636369643232,43.503120005616424,0.0,1.740884669229848,10.112452353322569
01087,-85.69860775501583,32.38780415199572,38786.0,11.415129151291511,0.443203943237077,0.0,2.0716510411900395,0.0,13.32877875145552,15.590554659715933,49.26300974764671
01089,-86.5493895054087,34.76554692495483,62519.0,195.05550193050192,0.0183825650425574,0.1242685624310218,3.955906798154197,12.228406308230069,12.966925101707522,18.58833469072576,21.79789420600629
01091,-87.7893585380221,32.248327587558116,46806.0,7.377306635257165,4.324060386333793,0.0,4.94458529817404,31.417080281120185,0.0,3.493665711430624,13.744043538943076
01093,-87.8838083598405,34.136098853422624,43363.0,15.320903361344538,6.303684191819664,0.4058179348148031,1.3840302981237438,35.79728059332509,13.389385388816708,19.448773186634387,12.53422953435196
01095,-86.30759187618764,34.36809425245949,47043.0,61.23616236162361,3.3035959935298185,0.1700168909566516,4.149102087647285,27.46062396880411,13.739404821631329,17.441722792399666,12.804929467692103
01097,-88.21324809905144,30.789600300029417,48370.0,125.05047126786258,0.2700179975965681,0.2859606110467885,4.697666060285742,23.59625698598276,15.590519136149656,24.010589742134098,10.970299809475144
01099,-87.3663537851381,31.570474528348324,42513.0,7.202301410541945,4.1422799956054055,1.2956563426984808,6.669171918540195,19.473172997213428,12.20423878629286,15.57534232893541,13.655953177591565
01101,-86.20702405754307,32.22418349976666,50837.0,107.32070108953104,0.2760068041252786,0.075455854758005,3.870755535076389,10.778363630090888,15.251251506456493,24.190647660804174,25.44807176492671
01103,-86.85374726419663,34.45829402212986,47579.0,77.83082706766918,0.6654030798739828,0.3181455587555976,5.140882093779863,34.065960181172784,11.773326471447964,15.405786428306808,9.83556560251992
01105,-87.2940056648356,32.63885164278526,40241.0,4.2096,14.57697900411406,0.0,2.5189743225989503,15.382944389275076,19.678766491700948,31.19502766349837,17.853152929493547
01107,-88.09047742606383,33.287363304108695,41538.0,8.505434782608695,13.240666998982045,1.038581051529892,2.483961963258142,20.22100882545612,0.0,4.832896930666407,21.35431885851577
01109,-85.94767093493742,31.804399859429736,47569.0,19.34232121922626,4.957204332081333,0.0,2.2911705059812904,28.235406166827858,0.0,3.813513391208077,15.106981276829512
01111,-85.46052164410344,33.29496686052163,42760.0,14.92154255319149,19.272075633011383,1.3790881662340235,3.4757544405275973,13.22896209056384,16.82521637310964,22.342653226855667,14.350168204149655
01113,-85.18351442792495,32.289610562897956,39049.0,34.66943127962085,0.744447296351027,0.3487743308471907,4.572193246297575,28.0231054272336,19.508037807974763,26.03681617579263,12.940833460007823
01115,-86.3150476450532,33.71827070692085,48249.0,56.013723150358,1.5042314257903444,0.0012595286292825,7.866071172026813,20.052168101414097,15.854631503251357,21.377113498880004,12.081044369651185
01117,-86.66337699884392,33.26549719598299,67471.0,110.69745069745068,0.2198683422049829,0.6402653360424776,4.943847841380947,7.617299986175192,28.68321774849654,34.35780006820907,5.786051884266178
01119,-88.20093715629051,32.5899953785903,38568.0,4.933222729158025,8.164334317627423,0.0,3.4766979073051743,15.026832712800104,0.0,6.591860315830017,24.754910771600976
01121,-86.16857261406966,33.38042751825986,41552.0,40.276585122316526,0.5643319617101951,3.360572148768062,4.8361648118798,36.927400524593345,0.0,5.2682983772626395,12.01941709971392
01123,-85.798798447227,32.860062140176055,49152.0,20.35323383084577,1.0732301177089187,0.1570912828845109,3.6728451167585554,15.313350627388122,14.798969935937784,23.819254429257704,12.190769095946475
01125,-87.52603024765246,33.28900161411946,42056.0,68.33046224519093,0.230708986703408,3.901205670505904,4.094439879039918,24.4651073168723,14.445136135570555,19.190032209087384,19.621562562290293
01127,-87.294337668812,33.80704510039936,49282.0,30.89112709832134,2.0093818269463397,6.004178963287282,2.8724482907659588,13.435430396068224,16.84094115472403,27.943283168255828,12.573134122793745
01129,-88.21355242604993,31.409661110836847,45510.0,5.2008267309679646,3.898063542627211,0.5788779262812219,2.60399392055167,54.85626915773398,0.0,0.8987050191896255,6.84721559079627
01131,-87.30824894180934,31.989509954208195,38764.0,4.308085106382979,7.0274792302536735,0.0,2.912345161119228,34.439928059288405,10.745782162368064,14.11884682703852,14.530866519120703
01133,-87.37390206505533,34.14920819548684,43539.0,14.50274893097129,1.108870314650397,0.075800416300699,2.3368555692018926,43.84068399926328,12.835537160251706,17.050280942812797,9.35353073526404
04001,-109.48901464522235,35.420470470810514,46200.0,2.262970516055442,0.0233762953928869,1.6509856482765026,1.7910347037106735,0.4979985786377534,0.0,7.655771527324349,36.27514038822043
04003,-109.75045337512852,31.877873537593747,50543.0,7.737653369504901,1.872880979023415,0.0,2.875890582799786,1.7721437216438656,0.0,7.161003571040228,33.82257221434088
04005,-111.77025071905098,35.84701689806358,58530.0,2.9890442166304236,0.6047943914961768,0.0958869576291737,3.2990608878909837,14.237326871376707,19.088962684991824,29.129692289441227,19.612350205250863
04007,-110.81371958292632,33.80433640659975,50241.0,4.350354953210713,0.582319189981975,21.37578223415347,3.380789437379428,10.248709186431247,14.96629071179633,20.719644113143794,23.405576676474514
04009,-109.88537140335087,32.93926534512992,41225.0,3.19358024691358,2.2788894533760886,43.29610752692088,2.350330467802075,1.1299455603688713,8.825969810253394,8.825969810253394,18.073666186549055
04011,-109.242115080706,33.223755251765475,52784.0,1.9406620861961277,0.5876043571269959,84.43940355927973,1.8703482087974683,0.0135166012827898,0.0,0.0,2.295615426028101
04012,-113.9759593313214,33.73743251803043,57037.0,1.4057060371911352,8.445268031357879,1.3284379942964684,1.366423054275917,3.0153672081558196,18.117719049103485,21.577938646623487,22.749240876080957
04013,-112.48987496640471,33.35172014857833,64296.0,190.87763977752687,0.1932416392272829,0.4615331661747537,6.349291250132944,7.6393456413946845,25.10258724018204,34.4479065348532,7.869179434197162
04015,-113.75053974331172,35.72486948558931,43642.0,6.389259998264944,0.5594349133446166,0.0,6.188231949536072,6.576631141025676,0.0,10.125920277606564,9.96987723633219
04017,-110.32213994777943,35.416010796378785,42923.0,4.220346874636247,1.148187703338073,0.9063309173872276,4.35710196580971,1.093776949053893,17.0511000410679,29.262957596690747,28.051510720070297
04019,-111.78991815101872,32.098823304635,54802.0,44.56179019096492,0.1347217251428809,1.6832316135142522,3.971244681988104,15.135007616218015,20.193030324172383,29.88614771635464,17.247431363640075
04021,-111.34247516898526,32.905339811487615,46908.0,33.403372802296374,3.774665445083925,2.8937036166013,6.269262811186076,13.566474728066837,25.893869730199825,29.98790374493529,17.661257712515624
04023,-110.84406498300712,31.524601012288052,46579.0,15.118029739776953,1.002340864696439,0.0,2.1651021360390357,6.787677245371652,12.10859714193074,15.171412980727409,22.1178894257764
04025,-112.55478580830678,34.60238502787541,52023.0,11.701876930387265,0.2075779190537808,5.924449738655964,6.625343872405829,6.100106544775306,27.669690238245565,36.71678657572105,12.530588547534952
04027,-113.90399560407556,32.771445372262484,44828.0,14.692048801009676,15.341015251931523,0.0642681183747609,3.285318086110462,5.964391955975888,16.336304494029577,23.66109672967948,22.534906905401435
05001,-91.37454067547256,34.2902680513801,58426.0,6.1204908888062475,6.350437345488376,0.0528002525829209,1.9577475366268224,33.509691796725924,9.726281651414112,15.039642337679457,6.548304184630759
05003,-91.77016051236352,33.19702381564618,43540.0,7.572550640760645,6.412655682088762,0.0397507118722782,5.070085227887683,41.33818213303894,8.908193566288247,14.532525724810938,6.925676008083957
05005,-92.33697630583626,36.28818535828377,44190.0,27.73429319371728,0.4752692200375025,0.1760491239982907,2.78946885750021,30.71123065605982,16.421690578908446,31.34386603681178,6.70293990817543
05007,-94.25647996479329,36.33900417480903,108539.0,132.09660574412533,1.8249142038601136,0.0401180743287667,4.289467942515509,6.371365078416723,12.64043273271988,17.656213760976,4.422408317875168
05009,-93.08904606167847,36.311071520539734,42859.0,24.135015772870663,1.485541115606956,0.0,3.131942733661129,18.549578219262987,0.0,0.0,14.275469673295692
05011,-92.16301906618688,33.4766800103123,47939.0,6.31098696461825,12.273336738602987,0.0839155736359158,1.9058868599157197,33.19317000200668,12.616296039549772,20.724638342120144,12.913192987576846
05013,-92.50420833000054,33.559866929977545,46167.0,2.885276073619632,1.292153511858273,0.0,1.3171562827839167,0.0,0.0,1.2279711411316203,4.8482177148498415
05015,-93.5389857366378,36.34172945297125,41851.0,17.227764423076923,13.809212770808797,0.2493575336148356,3.775850807218939,24.717169067665125,0.0,5.066269614725895,8.128678430787641
05017,-91.2995117814268,33.27702220825059,46902.0,5.64638346727899,17.80671275985915,0.0008774084862948,0.0,0.0,18.78736297804139,27.99781232817417,17.737689958937285
05019,-93.17607242982122,34.05106640050988,42448.0,9.1935624184428,2.581028382531443,0.0609488391312207,1.638594044575295,28.59254668009607,15.629555021822783,25.88569510084967,13.58539293923194
05021,-90.41642278351884,36.36809216700631,44275.0,8.321052631578947,18.205279658321597,0.0006815393702576,3.0791948748239357,2.85156072515789,17.23817529192603,23.843882048252983,14.952973783452226
05023,-92.02658482985136,35.538219959762884,47933.0,16.4853228962818,2.8686791425955276,8.319451441571639,4.58194361193953,12.81779725941425,22.33176556825049,28.81071718817226,8.76563321651706
05025,-92.18518004469308,33.89855714009575,52655.0,4.82,52.49247948846701,0.0013820235588949,0.0,0.0,0.0,5.5082852312355755,10.367019389790531
05027,-93.22750042354814,33.2110907438001,45009.0,11.063956370847794,3.4546723302913223,8.30969933067224,1.1427547110623135,41.20478996680569,11.837594389298438,16.320825984385554,9.980617983822178
05029,-92.70876206722264,35.262106818397264,48812.0,14.24105334233626,13.11685141950598,5.965606163362722,5.620107350702301,16.319167281842606,0.0,4.931910526410553,12.676825572113623
05031,-90.6343574524619,35.83013510983647,46945.0,61.35290918977705,0.9110417317674128,0.026178565469919,4.8086982892676176,14.824135039610445,16.210400694899572,32.27257908953284,10.183154707640425
05033,-94.248447066827,35.590413015818385,41931.0,38.85750636132315,0.6053765209670285,0.7660833656090197,5.4064816531092985,21.04335244907276,14.25773111327178,18.656547666171587,9.25989046335244
05035,-90.30752828846038,35.21869386864741,45412.0,28.782741738066097,4.451797054420908,0.0660257398807473,2.8289028368905664,11.432980180273356,14.230393818143874,20.374619890277227,9.009327636343151
05037,-90.771378343618,35.2959536257926,42684.0,10.300434512725015,9.51330904373362,0.0005288011549017,1.6341718356979558,10.9001782059892,17.563954093009073,26.943123910449284,14.550492578275792
05039,-92.6485068361469,33.9717520100695,47129.0,3.5533256880733943,2.953860436523992,0.0009409196548706,1.6676232683157852,43.518474957423386,11.33714092153671,26.502256638972263,7.402842204637479
05041,-91.26712047267009,33.83787580880928,48826.0,5.4481012658227845,17.829989331718888,0.0004408380625461,1.0062863507719075,22.516097936583975,10.637716341279194,14.575722754003545,9.825398738027571
05043,-91.71953436928024,33.590549056742546,46616.0,7.834335955576123,9.2474809404489,0.0003998507223969,6.222476941941675,20.487817881324304,12.984219224822732,19.5464359972277,19.910300154608944
05045,-92.32881710300924,35.150668782026706,47981.0,75.35773317591499,0.0336570202075536,1.3947550031716434,7.082548845129597,8.548074555656584,18.17628677964375,30.319860957088412,12.281032277992027
05047,-93.892507707223,35.51314970210617,42975.0,10.782771535580524,11.049284035634258,1.9403795704213809,2.5690686997868504,14.916379734382687,0.0,4.734895064764715,14.960273542110729
05049,-91.81816400440846,36.38218315036168,34815.0,7.654275092936803,0.9227752932788904,0.3516106034091645,11.972989176226587,5.740407673860911,28.79480199624084,39.15313694989954,17.413231576900642
05051,-93.1503542465573,34.57683156435595,48493.0,52.54574132492114,0.1338960713675424,0.6262450344922834,4.760824631259115,6.889772166003039,20.01025288098933,35.06876218700038,9.396882468743929
05053,-92.42393797741089,34.292985093884546,47568.0,11.238065716057037,2.275023392986188,1.6525125043723137,5.190313261825665,31.114358410732898,21.528827083662552,21.528827083662552,11.17039504406049
05055,-90.56586612728964,36.11751055306574,41673.0,30.782868525896415,3.075337381742556,0.013048307926332,3.943164317685092,24.88369550972242,14.695885719714331,23.60135587943592,10.07031778925037
05057,-93.66686404770458,33.735299838405055,44056.0,10.177208572922112,9.933631262179992,0.0878133535778854,1.1787494814942356,23.164333064623428,0.0,3.832325018979268,10.01127016302604
05059,-92.94625632054196,34.317431468382274,38146.0,20.53869969040248,1.04854967799056,0.9124210098115004,2.002513860464127,22.492736591691763,12.151078892811302,16.23154901529387,9.707675649519196
05061,-93.9936869499774,34.089188605538524,49425.0,8.144336569579288,22.85144019568989,0.1786400606322565,1.379192264358554,36.44796030646588,7.587173835217715,13.29192204492582,7.3384905872732125
05063,-91.57627535664886,35.74111714681003,45238.0,19.571428571428573,5.5985424551462915,0.5426837438457386,2.573648866451511,23.905011295030828,11.083941963618742,23.71883699496101,6.911052006799707
05065,-91.91356822504494,36.0949279233986,35479.0,9.26882430647292,6.976090774010537,5.262461164392813,2.306362285559908,8.407132243684993,24.056733756585167,34.184249628528974,18.87018776171822
05067,-91.2166101649872,35.60427909283156,46315.0,9.723067915690866,15.82958784220169,0.0629374316255651,1.6259385695519029,34.83910863901374,8.915586954707017,15.38287486764467,11.147284573848784
05069,-91.93472602002495,34.27030237684869,41503.0,27.425831202046037,2.962041678568931,8.426381652733644e-05,1.397964804127354,18.351395282405967,12.052422205537988,20.76923314590252,18.613118696539875
05071,-93.4598956123114,35.57714294477853,35830.0,15.229642647920327,7.750233858196437,1.65304496224182,2.441736619231917,27.06261811655023,13.742815216820356,22.694694632046343,10.703273344188972
05073,-93.6117732234498,33.2357627612868,50336.0,4.16,36.599352296870805,2.2086882980259492,3.947069865302502,2.724375502795025,0.0,0.0,12.604942346170503
05075,-91.11191621016782,36.041276252602714,42867.0,10.643375082399473,14.681751790468573,1.762867211212849,5.038831946628924,7.6677483986686195,17.11718723133922,23.63472812207584,14.777315844628774
05077,-90.78437662314047,34.78587197309772,37417.0,5.282649842271294,19.30119011290815,0.0013462815703028,0.0,0.0,0.0,9.989858012170384,21.16579008777756
05079,-91.73151130940089,33.95942802521236,33785.0,8.603597601598935,27.209950891626683,0.0809087864571139,5.238028907849931,5.1648257201030185,11.682873121389854,17.23149693109713,26.712939774818693
05081,-94.23245039594504,33.714133016144764,42104.0,7.79089709762533,8.700377575965435,0.3958988140262189,0.967039231254708,50.354789858851426,0.0,1.813178982909637,9.277155792760752
05083,-93.70841542421668,35.22147602617619,41225.0,10.810178117048348,22.619766919897547,3.922722902457701,2.9174620580820827,12.82779316354283,14.826665506909617,21.645415671942008,14.565875494903024
05085,-91.88877663206326,34.75440482355774,48790.0,36.232658959537574,2.1168685683940502,0.1957391622056643,6.655625251668555,9.873416888208142,26.636709651015945,32.901460034210466,12.279066552412342
05087,-93.72471486357404,36.01109149130743,45332.0,8.07617728531856,27.546453678339216,0.079045513053236,4.450971979273243,17.98772236707482,13.835935179378858,16.208290702663454,8.243176342453546
05089,-92.68264270267828,36.26797662225635,37177.0,10.477811550151976,0.2644086189745481,0.0,0.0,51.18172853187186,16.197827026235593,19.063832719202928,5.9741706368630405
05091,-93.89603164661294,33.31248527591725,40367.0,25.889092017062765,1.104413594255716,2.61423333092958,4.585816117712007,24.11439361482296,13.96366615622256,18.55754191772255,10.217689160748684
05093,-90.05938154392597,35.75429386667333,44455.0,16.32842724978974,3.3038144865627666,0.0229794091145299,3.9921240697391696,55.13871076933346,5.3402096751893895,7.445781466772823,4.937831640071894
05095,-91.205127598986,34.68034838306178,42112.0,4.065553494124923,14.577475090616518,0.0012190562878923,0.9419241584448091,6.834435902020383,17.373583862945566,25.1381597126278,11.594038002048014
05097,-93.65944326751136,34.53913531313358,38847.0,4.117277992277992,5.1256690075060725,0.4945435363159803,5.319090479487433,2.603496972294572,33.73006714802237,35.73461694855648,17.861813546096954
05099,-93.30706731095296,33.66405680664337,40770.0,5.0970752955818295,12.965933786050018,0.5302276042510825,0.0,0.0,12.87827919146079,16.908075138180028,10.335303632207935
05101,-93.21793605861168,35.92017047553693,38229.0,3.326923076923077,0.6816184743243354,0.0024636812324975,5.006200264435119,3.609293005608981,0.0,6.922123036240752,24.495561267646117
05103,-92.88330048614644,33.59466163716671,48245.0,11.523560209424083,1.9257948783838543,2.0537858646557092,2.78738671068107,20.832015536820883,15.710152304331926,28.116877019934964,15.948096937111456
05105,-92.92574938575927,34.94946705680151,46390.0,6.810682893847194,17.48660887784931,0.4714350889643636,4.240381203426775,10.31074162315608,24.763437589766987,24.763437589766987,12.115374866933644
05107,-90.85606870518816,34.43413494455442,45037.0,8.586457750419697,12.519068172411757,0.0004434458700407,1.125022172293502,6.854194997930587,14.105717495417728,24.304972506356055,11.868533081061903
05109,-93.656603393453,34.16357222568267,42482.0,6.378701953371141,15.792763237309916,3.142243240850771,2.0378710859435984,17.13909402319262,24.19318062936069,26.86009050647682,11.450115480255691
05111,-90.66294599797588,35.57407702872809,44279.0,11.347496206373291,12.82422914782786,0.2836328438427347,2.1424659627851295,15.609103760968962,19.657016951742932,25.372212387126353,11.178088821529096
05113,-94.22848821514089,34.48666277664947,40318.0,8.63871543264942,16.13668748166464,1.0713088303088725,3.5843007417962363,24.490407987930094,13.890082142408112,22.118074472989395,10.737317170277858
05115,-93.03297705393292,35.45443170122286,41929.0,30.545324427480917,3.908416389004328,0.0,3.4167657015925785,13.340537837282444,0.0,5.980872420062545,9.359995398622663
05117,-91.5538009387071,34.82961218483567,44683.0,4.630184331797235,20.73998418555614,0.0012355034264628,2.3396316552451237,2.4969524248813917,15.73042962572483,21.53564839219821,12.139644833948338
05119,-92.31368416755178,34.77202863449178,60467.0,189.25035494557503,0.0563542258706654,0.3663065962708072,3.3173806593243524,5.453920533523733,18.884469791415885,29.55416010709752,17.452364620785623
05121,-91.0298769938554,36.343433735064856,40779.0,11.149112426035504,11.129526675302316,0.000482738090449,2.142391645412782,19.3540964349792,0.0,9.526353476921097,12.704540151740671
05123,-90.74783845756578,35.02216715032552,36191.0,13.453725961538462,5.347480827372612,0.0,2.047115810043507,0.0,15.311140402625176,25.33897758277413,21.637992220337736
05125,-92.67671956362686,34.64693648863738,51281.0,67.23957783641161,0.0892645912625783,0.1023016609339149,7.774870036711714,9.36719075312117,22.748675079697517,32.339884273528966,9.44993680954808
05127,-94.06335356295,34.860936260009964,41285.0,4.211273666092943,24.02943178136639,0.4809626210288512,1.0880365983853395,39.21563085031669,9.321586132969204,12.717677985523284,10.01998212697674
05129,-92.69944617274076,35.91104374607554,33389.0,4.5640877598152425,0.489231724994823,0.0,0.0,6.479947539173052,23.77562642369021,32.49033616345689,12.334334230689583
05131,-94.27548480581554,35.200904399836844,47513.0,88.99862258953168,0.9867102677334704,0.6851232145457516,2.9079151250936413,19.17652136548239,12.993138613810526,25.572661204109544,8.080564335485315
05133,-94.23961122371485,34.00709208919663,45592.0,11.16085409252669,31.45611364789447,0.0,3.8135069951243175,0.0,12.16302069152268,16.603953811200828,12.02197256107994
05135,-91.4795549047794,36.16186392831437,43902.0,11.316793893129772,23.40969850717143,0.1026441604058932,3.9018440823494975,4.381110352229486,19.931700653722313,30.650990340521027,12.068494487267053
05137,-92.1569127005597,35.85982595428193,36960.0,7.984147114774889,8.418731352964068,0.0009265607916535,2.996188746610332,9.026555232288793,26.10430603685241,36.92962461933794,12.630876711821063
05139,-92.58967655809322,33.172263698532404,52406.0,13.458229648062566,0.6540301250239405,1.2941808228742655,4.276742443894385,24.83999262996356,10.73200947437579,14.926869358831071,5.787357478283848
05141,-92.51568631374433,35.58071981660381,39069.0,8.58955223880597,0.9955918373886694,0.0,0.0,3.2427333412110135,0.0,8.344265282865445,9.85738061810411
05143,-94.21754639484516,35.9786573194349,49314.0,103.75645161290322,1.8360430998223616,0.0,6.117976525516662,10.590715011347534,0.0,0.0,12.95984315871982
05145,-91.74827989149276,35.255964912852995,43915.0,28.961208504289445,1.710142379437312,3.8425880531108096,5.566322580208887,11.776818287862753,14.579809912800624,33.34302590960883,8.885545325755091
05147,-91.24510466055374,35.18778548150896,51339.0,3.8729955099422706,23.49794094954453,0.0482614755946163,1.3449711224920702,24.511114427323616,0.0,5.60849147962699,9.66690056548479
05149,-93.41009683950652,35.00565829339563,45415.0,8.116579265832998,26.042139777764284,0.2319509381261764,2.637075718015666,25.967575444775033,12.292306758151678,16.556925132066304,12.10783897018641
06001,-121.88805705052614,37.64673666066671,100110.0,845.3193798449612,0.0787128368278145,0.0489820916487483,4.975516806909078,13.132832601562292,16.86686247531612,25.30120966765721,10.332613045061564
06003,-119.82222828168592,38.60246147235207,69311.0,0.6271459227467812,0.0067847783497722,0.025442918811646,0.0,0.0,23.230232972326583,23.92312846129708,17.785448346634325
06005,-120.66817252346011,38.45139385975048,48230.0,29.99710773680405,0.8157117999344089,5.025192021273262,4.990098658305533,9.367003465469594,17.333771304073544,24.97357553324156,25.111651205394352
06007,-121.5939051538142,39.6668310918044,54273.0,48.43157403082672,2.1168775650975102,1.711293630528405,6.071159871578892,6.037062107168215,19.255021367472207,33.319801597947325,14.495139112896732
06009,-120.55175830045282,38.21931561198807,56105.0,16.382963745160154,0.815459842290247,0.1058984025536024,8.60540412973668,1.9792586028153685,29.047588659057716,34.40957576823,18.6974195467139
06011,-122.22951868167766,39.17609133357739,57589.0,7.16682990532158,20.736623657854373,1.512535285701396,1.1430633789200964,7.185109756254753,8.445057423853779,10.292107603665846,10.39728799577216
06013,-121.9331580195881,37.91443209620643,96617.0,613.5885774722369,0.1361344031901962,0.0,4.754325589013667,14.113708299019084,25.150575806460942,34.616385509259196,7.122437245533589
06015,-123.89844982374362,41.7450703133465,44956.0,10.08974358974359,5.3419828646401095,0.0030822688375428,3.624439926066645,1.8519298598903329,16.79415273053059,29.1712087322731,35.10806948255898
06017,-120.5258811487524,38.779946093561016,79990.0,41.48495917490331,0.3862810141830576,0.0650876060403012,9.510463452528649,3.522720002791655,31.978329571843133,39.88042818033154,12.410611677587896
06019,-119.6516898337166,36.763158303931384,51116.0,65.3038202247191,8.884705199590375,0.5389583195181685,5.496283590877674,5.848533574967055,15.748604204764996,27.11879825201264,15.826588046696664
06021,-122.38652163628647,39.59990943061614,52081.0,8.176080691642651,25.638721660331004,1.3015418660796811,3.825423671530949,9.990389970302951,11.778531428764554,15.903056253939893,16.12280853852608
06023,-123.87317655493896,40.70242525449749,53864.0,14.523773666092945,4.963765077013045,0.0,5.559477462239029,4.026351718144604,0.0,10.292398529401488,20.433662889987023
06025,-115.36349226425966,33.03747921740169,46422.0,15.240949554896142,24.355927603972535,1.4241380017064311,2.054478412911663,2.407117654047187,8.516126695004008,12.56274001209112,21.01789235739677
06027,-117.41987029026548,36.518053798255906,59967.0,0.7086956521739131,2.4902219709851723,0.4639748193343693,2.402950153602976,7.89367485297674,12.754120046046562,15.863941405823867,26.785963579273552
06029,-118.73278322589948,35.343886912535716,45289.0,43.42420943003219,7.951208388395573,10.839721727455068,4.296951272945018,6.061072360443281,11.523377735094648,17.576127506961768,15.95236612453957
06031,-119.8156853241494,36.076444156311446,43286.0,42.35542001663432,14.889676132638527,0.0639207957132817,2.690052062625609,7.892900563032482,9.889766575293631,15.57761531109099,35.06604290383933
06033,-122.75393883208058,39.10171405166045,45772.0,19.74508101851852,3.48023852302752,0.9470306303654946,4.918917059829715,2.641872833285952,23.68839109278358,37.739690870882455,17.028222844975268
06035,-120.59648917649488,40.676401709323905,41082.0,2.4918852459016394,6.496267423996634,0.0022222123457229,0.0,0.0,12.55927751432216,18.55525086555171,54.4602764728453
06037,-118.22688344208518,34.32366881359379,74714.0,921.0550831443688,0.0359251505078503,0.1172327260876394,2.78099342134201,8.992534918132826,18.275220124012225,26.64622261028117,9.319906818006094
06039,-119.75684782628088,37.2207437339555,45952.0,29.187409024745268,19.32707414844924,1.0313930768909016,4.921434120134709,6.7965168901641215,12.920957845850436,24.761131207551752,16.710171462751383
06041,-122.71940657126048,38.071392381966746,168508.0,187.1491994177584,0.4615169081204308,0.0,3.5874775092621864,24.170167507861215,21.219420848373,28.786061280429887,6.125361337128917
06043,-119.90491863643364,37.58201553550481,61280.0,4.50698655417875,4.395101279948104,0.0,5.526574935686442,1.607692568900692,19.906114500965437,22.25980920799186,33.51986314121817
06045,-123.39207616552874,39.44301121607615,55500.0,9.893076923076922,3.7195920966903615,0.1908784968513195,5.413033626778815,9.29469415398886,18.99121788887863,29.25822816675172,15.376144934470087
06047,-120.7172985731554,37.19297069187261,46377.0,57.20548481880509,21.59748019073377,0.0,3.295267703428537,10.87838787330759,0.0,7.062889328793087,16.59799103627309
06049,-120.72519622532796,41.59361038597709,59345.0,0.7883191664381684,35.56456105473572,0.0046813338056279,2.41728473276606,0.2420249577509624,0.0,3.2930062433388523,17.504131277083467
06051,-118.88278550932334,37.938276626575274,66439.0,1.6045968534906587,3.461784784771145,0.1922078236684365,5.009894274341656,1.3053326126486222,23.8721511378794,25.786280646133207,19.136147334602104
06053,-121.24072394750746,36.21788384171156,65611.0,50.65896691816599,22.63788937023673,0.977313724659134,2.6871275970055115,2.162761431071241,14.939132706769788,20.973409122587444,16.35270897559184
06055,-122.33021756816473,38.50739864673669,89224.0,65.73411534701857,2.5432941305523125,0.0,5.8759431781676295,21.31935248810988,17.92867496689572,25.87815274197466,10.270765590353138
06057,-120.77279116524052,39.30196037389528,71651.0,39.504438440756466,0.5177127619798022,0.0,10.006857847401951,4.2338453008242185,27.782088251011807,36.765977781303974,14.155436029598178
06059,-117.76148751851063,33.70235434323987,84577.0,1523.6319343945972,0.0424338727506944,0.0573733228881796,4.686372808142235,10.287367196207471,25.459995784738148,32.756182247441416,6.58429272966451
06061,-120.71286192990776,39.06551200206031,80551.0,108.20765451254202,0.1714884311001488,0.1338788882901981,9.66514607284613,3.5222190445640913,29.18230426419532,41.24385154206292,7.696521566387771
06063,-120.83815844539858,40.00502768340702,60396.0,2.872579453067258,0.9422550898756346,0.0026125372177697,5.088961246493757,6.7339017633755365,20.752428135632485,23.93571765091103,22.63737373825338
06065,-115.989337715106,33.74678121423163,51449.0,130.5823371425562,1.0550522764518,0.1772832247028493,8.27715538388083,5.917802913970644,21.0600685119764,29.33276664236997,13.90072353364808
06067,-121.328524751109,38.45421345957178,62314.0,645.5680617635107,0.3603264892897245,0.0158889878876542,5.961324437943214,3.472016561467873,17.460825514990034,27.56458299476726,24.83766894839508
06069,-121.07475629721952,36.606471646512674,62415.0,18.76281518426157,9.855033307301516,0.1402937971678189,8.583050470479668,18.93656161146816,0.0,3.0572713070313355,14.111752421368998
06071,-116.17996861020802,34.84567268682215,49214.0,42.15431423361167,0.3489133359369319,0.4977057868381961,5.281311869384721,6.9596374147264966,16.664592097454435,25.59112900184015,15.19417468435766
06073,-116.73247705382973,33.03347467392332,75055.0,295.9137604758043,0.3973767173234764,0.0539619598416656,4.485037326233744,8.942261826993526,18.888339817406347,26.066089976843408,17.109501243756377
06075,-122.44146627519449,37.75479447471565,153759.0,6461.714285714285,0.0051219471589109,0.0049110937353778,1.8790809347026431,1.850675559308041,22.055319797276237,26.269634961842247,7.986501636006829
06077,-121.27226419075735,37.93687817116635,56457.0,218.58829991760504,4.6715452179480765,0.2769735655527848,6.9147188109128095,8.284898350374004,17.569453110626856,26.022092641973934,12.886753003957772
06079,-120.40550527026974,35.387735134956095,68999.0,32.937164840289114,2.9085691902758115,0.2624401610924439,5.721377973109199,5.5848678766906605,19.641209382504684,26.82455620375207,11.474087546018144
06081,-122.33037764035996,37.42475825265111,162109.0,622.3322005097706,0.0793358925159609,0.0413307254219205,2.083343623626235,15.86342754982016,15.233695610553024,19.239772721453864,2.7869079424279524
06083,-120.01903939505073,34.67392739790928,78437.0,62.321343596920926,6.134718405665809,1.0430485505752018,3.384384095754473,7.992260564187774,19.9439253228625,28.11035953380704,13.245777964412524
06085,-121.69447515437982,37.23206877560183,141894.0,559.6117052881759,0.1378913260450707,0.0170648767553323,2.611348613668264,18.850102393815817,13.439529614343336,19.519229439938673,3.9486492197863536
06087,-122.00340121706552,37.05671164694593,82838.0,227.22307692307692,1.8826355389568747,0.0466634995666399,3.550991785244858,16.79580200245685,21.83942886641154,31.47559337179337,11.677200424600146
06089,-122.0396931187666,40.76485712630571,54551.0,18.16805541612288,1.4960370743110083,0.7594104915167548,5.499698837970843,6.076877909132552,17.890399337064967,30.896773451834896,14.911505385749408
06091,-120.51558534855604,39.58064805637119,51014.0,1.298989898989899,4.755775522745013,0.0,7.852385776685324,0.0,34.3010413379615,36.62536745777349,28.830280181362212
06093,-122.54023610226128,41.59199425235191,52374.0,2.674451305251574,18.11280640202872,0.2925572570986985,4.481626428907039,5.047327783232845,16.139369606869444,25.17324135059323,20.657993579589736
06095,-121.92619193558704,38.28072035293214,60904.0,206.01191021530005,0.9056916303746834,0.3638975033971275,5.703411322247236,34.56163209191107,13.902959457458453,22.621277806740274,13.069271137371803
06097,-122.88881907220868,38.52906826683099,78666.0,117.0455205811138,0.8810592560846322,0.1612918626584996,7.492057807344555,14.147347479940922,21.660212676537952,31.227141935704395,9.207931218819532
06099,-120.99763643535752,37.56149416673729,51572.0,139.67383059418458,7.583779443329343,0.0239899844164291,5.094765484938062,13.365668477278808,15.843068540704529,28.42415698505653,11.765275839228334
06101,-121.68462527434087,39.04153278538871,52365.0,64.32985658409387,8.484111342953996,0.3058564211792812,4.613709251001785,4.1240484730278055,16.36540653121779,25.085330532120775,10.257437055934746
06103,-122.23281906664393,40.12563761427349,46935.0,8.478695765133802,8.928577125029507,0.0704594899801581,6.862004670184192,10.92361345931772,15.788069657200824,24.77031881025144,16.51148565449569
06105,-123.11139724697422,40.653550622993464,36297.0,1.8990129995185363,6.828714936088629,0.9935538690803536,3.6841503680268457,8.012482504437243,19.70501780288081,25.744410585543324,27.360795705742422
06107,-118.80345758717428,36.22321166531647,47655.0,37.9382882525581,19.74162028504791,0.1080301314147695,4.674529193898777,7.658358058848814,12.76805632519648,18.956290032767487,16.101927766572686
06109,-119.9555608372812,38.03136682718555,53583.0,9.037018425460635,0.8870183966897353,1.0975868694209625,4.8448011268986635,4.454184353578266,20.053203150758947,29.261215041197055,18.847242050168397
06111,-119.08469975908709,34.45778324559353,74454.0,173.9287648406582,3.087921549993944,0.8855669953354116,3.7537472159219862,13.381533525421304,20.950081078903853,27.891602019707072,11.675282173333086
06113,-121.88929837101516,38.68455598962372,63771.0,80.91956521739131,3.459474604085227,0.1628860752738382,5.276101023307939,8.279599215508386,14.502336130641869,19.778575907568744,29.581695195655943
06115,-121.34639009245902,39.273454194756944,48993.0,53.75079668578712,1.589701993524179,0.2681069104002215,5.521514629948364,3.23208103349358,12.668948371482646,22.343983487315437,43.88929115476685
08001,-104.33865165677533,39.87371846212063,56627.0,172.1029315960912,0.3002093720269741,2.445988104711701,9.488658606228242,6.990233517004181,14.093989568258822,19.081890974719663,16.794837550550902
08003,-105.78838816152133,37.57302246571508,44214.0,8.859049652963161,3.963023605653593,0.4191996228137024,3.707909358584898,1.6665285673105985,21.29713807562632,35.7221798847201,18.25385618138553
08005,-104.33813334360404,39.649683784710064,77807.0,315.9750360057609,0.0115057716834667,0.7517474535851648,6.077037492978254,2.391233683234497,22.92795156418379,31.382086793750553,7.097651514122571
08007,-107.05118858444996,37.19520642503784,55736.0,4.013486370157819,0.305586199839357,0.0,10.43646961029349,1.0793641003500225,0.0,4.096397026562169,11.802215640125992
08009,-102.56101519239392,37.32154803004497,57845.0,0.5210861650485437,48.03063605468274,0.7356624798595471,5.6122472006463,0.2559022245891799,0.0,0.8336003682825666,18.347783309036913
08011,-103.07185553503656,37.955819810420984,34240.0,1.3602204408817635,18.100089121341632,0.3825061962100661,0.0,0.0,0.0,3.1979599669535466,22.897029071771954
08013,-105.35739814526085,40.09263152523575,95621.0,170.76470588235293,0.0481736349209296,0.1899138286674627,3.0464280978142004,10.500314147094093,15.787254364540058,23.230930386745065,10.052036484844322
08014,-105.04366477186625,39.95896357723071,86027.0,965.126582278481,0.0045383646400126,2.8159796197171896,4.185478424472677,10.82116318853019,0.0,3.006543659966055,1.6120460299851642
08015,-106.1943127544041,38.747479017828866,62995.0,7.6969236612229395,1.0063215894385655,0.3291833260937183,9.521015589505671,3.306342718836631,22.264581778478664,26.072407635964957,18.207011876898132
08017,-102.60403132043965,38.82818671498259,79152.0,0.3761388286334056,16.7786713671918,15.448110609232124,0.0,0.0,0.0,0.6152913958356285,5.28148066541809
08019,-105.6447769952574,39.6895090624372,75208.0,9.05242718446602,0.0050677987002785,30.369628344535982,3.4221155356747692,2.4582202228817867,0.0,1.2887412094808377,8.784860120309542
08021,-106.19068461424078,37.20330591180268,45708.0,2.2777945164206086,17.12445588254441,2.285835803471068,11.88400262131161,4.469249497654274,16.684821998185914,23.94333800598041,14.916738637004762
08023,-105.4268303147508,37.280879115113805,40635.0,1.145350682323072,3.819322614600318,0.0,0.0,0.0,0.0,4.7233287238653485,19.50011351674888
08025,-103.78473528529062,38.32679570600733,24277.0,2.699277108433735,15.393899406998544,0.0643692218565692,4.058479438056693,0.2526491957870344,0.0,3.148459564059445,32.318981678910234
08027,-105.36749641309606,38.108829821631566,52322.0,2.790078328981723,2.0234198776082746,0.0,20.00349397033208,5.145385133156237,0.0,2.3306837391648383,8.735439649369802
08029,-107.86265988600144,38.86166867282154,48405.0,10.612773109243696,3.4313887027618803,0.0,7.645426218643701,4.1468487171882495,33.967873868134205,38.74541852946238,19.06614892845766
08031,-104.87985337814156,39.75944825536478,114859.0,1743.539024390244,0.0067946178552707,2.200601251015279,3.6868238804640305,2.8844955961968117,24.68139015082374,30.62037238327483,8.19899646885307
08033,-108.52252630938638,37.752380985691914,40128.0,0.8788853161843515,3.575638506876228,52.86685809279129,0.0,0.0,0.0,1.9332023575638504,7.220190418618709
08035,-104.9349873947714,39.330846922080106,97519.0,168.665770609319,0.0351521590019902,0.2503302515296827,6.829469599984156,1.35362144751977,32.116889866928425,38.49464791874963,4.663413441535818
08037,-106.69546891255334,39.62834825725735,117417.0,12.623373658981969,0.1081116964527035,0.1197797664489304,9.067495974600526,1.0750035055014358,30.478556830782843,40.518025051295474,5.752883486615758
08039,-104.13614297504576,39.28710817112463,73744.0,5.80367202169831,0.6831374150453577,1.602076831082461,16.00268354578071,1.8480296356794912,0.0,1.5206370504331592,8.737741737887584
08041,-104.52551893270878,38.83264073116201,61728.0,134.6891548784911,0.0177069643397327,0.0410936402630372,6.9249293601672175,3.546080315377362,18.962595623137567,26.874235827565897,24.41017638306402
08043,-105.43940833818782,38.47322621481868,42329.0,12.48677914882901,0.2506290606966857,1.0499549663865129,6.095267793806316,4.5853009622099155,0.0,7.862443182729209,32.38251313549505
08045,-107.8997101506608,39.6003861991208,66724.0,8.173457356216428,0.1243228052856919,26.75522313409901,9.4550897404481,1.2342925929872886,19.645652927784656,27.28520034480818,9.268005967030474
08047,-105.52239375594505,39.85776353758859,66533.0,15.271317829457365,0.0522549764155873,0.0,1.5037820990707904,0.0,9.28454808735174,9.666473903864778,5.40037762929623
08049,-106.1188334436707,40.10317185621483,70055.0,3.251703489572579,0.562480511677783,0.0,9.227615998296436,1.6094882461650786,41.939021515107726,43.290769570078105,10.37006897915415
08051,-107.03170203302076,38.66826524210318,66080.0,2.0512850882387776,0.1116577502966743,16.271312305792645,8.289519464309922,0.9881577339353416,21.70574576625465,24.16809299648131,13.182426192023284
08053,-107.3004279558423,37.82228528589966,63492.0,0.2654532967032967,0.3036277602523659,0.0,6.636435331230284,0.0,0.0,0.0,15.84384858044164
08055,-104.960634971028,37.68504774977896,47028.0,1.7139743279244368,0.2103038563738245,5.266545509616841,4.3737006594798515,11.173984277119215,0.0,10.339652774909476,11.276554734074043
08057,-106.34207091005986,40.6666669598809,66508.0,0.3138285168378313,10.71327658032965,29.601159210287992,4.05868502082956,4.997645354102518,0.0,1.64535410251766,9.09617822858178
08059,-105.25246066465122,39.59353868149837,81739.0,295.10491299897643,0.0361295691587256,0.3663519306109535,5.9432739203723495,13.1816589961287,19.254806375529967,27.351358269063457,10.390424989195488
08061,-102.74022183222588,38.43280132495537,69737.0,0.3093229504650659,49.51401631451774,0.0,0.0,2.288211035008993,0.0,0.0,13.21239758007376
08063,-102.60294834191984,39.30597695202598,51618.0,1.2522329403358343,17.426670072723628,0.9977267803384284,2.7707087724290465,3.106356284336773,13.201488748694434,14.832677451795131,7.798145854688555
08065,-106.34457912047044,39.202643582155,51619.0,7.392964824120603,0.0441999689905976,0.0,8.046939904241114,0.0,0.0,5.9822691014447145,13.354870211766448
08067,-107.8432174272765,37.28734279236256,71921.0,12.846730245231608,0.0778954381498997,19.30237972712717,5.773838165182745,2.0303438789874546,19.9535540689143,28.63175540545865,12.204510150644811
08069,-105.46214096671302,40.66868638652237,67835.0,53.73295371587093,0.2905370416688159,1.0349978835012017,6.660459644665681,15.55347713053084,18.388421035390373,24.920577366058385,14.75737043455632
08071,-104.03554771283876,37.318515153534015,46096.0,1.1647135416666667,2.5761839198950085,28.060977949837735,2.335975393682866,0.8106862680559077,14.20731886666396,21.750146716286416,14.844886919910415
08073,-103.51362994436856,38.99008040692748,40298.0,0.8240035826242723,10.84430860796654,0.0,1.3926366798705083,0.0,8.589668831560534,10.385659421309796,16.133754247682624
08075,-103.11024774905196,40.72396902400816,52525.0,4.377679697351828,7.068353782654009,3.0476448477870712,2.7948784516459164,9.6791695355916,11.948724316067109,18.62412003958176,13.20909477422972
08077,-108.46192668547576,39.02147178674544,55383.0,18.37388483373885,0.3344989975721397,5.692165629995579,7.739647195595918,4.019682263139521,24.04876266515191,35.44007814893201,12.40997788755237
08079,-106.92410852119052,37.66933140880351,72207.0,0.4060712714474263,0.251233837289801,0.0,0.0,0.0,0.0,2.326983630719757,6.643739252774738
08081,-108.20628867440328,40.618942452414046,49516.0,1.0743006280075034,0.7156422301548138,17.30643657878865,2.224472400776739,0.8615477952878697,0.0,3.6816766393725704,6.493758958879411
08083,-108.5973519555193,37.33925760417293,51204.0,5.013436790310371,0.4337899316641822,49.729278536237054,2.5048190605389204,1.8010524967252235,12.65737050605846,18.24042965859898,10.36264361594893
08085,-108.26439198156476,38.40254483699854,53080.0,7.539982803095443,1.2761554917078373,0.2727015521718547,11.859272739835903,7.869267594875956,21.30737073871727,21.30737073871727,14.584327387527535
08087,-103.80988372668952,40.263198714799564,52782.0,8.776351149596895,11.321403008016466,2.068217477017668,4.459193647519579,17.572014605779202,11.73085740233952,16.393733720504493,8.87825548678784
08089,-103.71642857135684,37.90295585887732,42773.0,5.558868268938242,4.296002662874089,0.0,3.3500771628286983,7.487971676702878,16.347777407934156,28.48064877295972,19.32943988864345
08091,-107.76915834978588,38.15582392204668,83637.0,3.648571428571429,0.7403555853740356,4.829922844682992,9.869842334786984,2.796377054679638,27.2579671251258,30.43206977524321,10.781616907078162
08093,-105.71707041633852,39.1204336114316,59018.0,3.131156129933636,0.504643473152214,0.8851973758539395,12.410840043082995,2.228339873613172,0.0,2.008217403421031,12.433436019492795
08095,-102.35729146281544,40.59387361620696,56653.0,2.5036455412226584,31.178981340178748,0.4507463591619756,3.642017106801284,1.4044555839658268,12.822352707341642,14.577164205753247,14.984116075609505
08097,-106.91693438604952,39.217458591351146,232863.0,6.69988090512108,0.0916256572437124,0.0820844731009787,4.136148760085258,0.3595966290239187,29.31409184434724,31.866010273583612,8.30028499365587
08099,-102.393203572199,37.95578054903811,46702.0,2.777282328091997,15.696613025486394,0.2461459171738231,3.655542968442788,4.734000097052775,13.638592199299543,17.531412469273594,16.23157461434072
08101,-104.51283431305455,38.17408965511371,46998.0,27.287876348414105,0.2268796831882436,0.0,7.496290724691777,9.169118488145116,0.0,13.150349676774589,14.098077043534332
08103,-108.21447641323694,39.98043707180082,59467.0,0.7883922134102379,0.6553131697115424,58.7837561848329,1.92196150086186,0.890452551405254,12.920139749311735,13.511460151567553,12.825375991547508
08105,-106.3832589701691,37.58268482422144,56802.0,4.796359017781541,17.73549603980311,0.0,7.55777105621696,3.2655020740274083,19.051640056623036,25.731602257331204,14.55101955619988
08107,-106.99107563870469,40.48564158353172,121611.0,4.102597614768829,0.2136954762277566,3.4414381036603157,7.41568144010315,0.6948594733549602,29.91313980918104,34.38497677430832,9.359082645824929
08109,-106.28184739458187,38.081265218475274,41567.0,0.8074019965911858,29.578835521119345,0.0,6.219204874562756,2.674239289878512,0.0,3.134990784970098,17.475175837815474
08111,-107.6762414168363,37.764035746023325,51912.0,0.7912524850894632,0.1619158037820333,0.0,0.0,0.0,0.0,3.969935633470595,12.3335865350018
08113,-108.40544548600997,38.00440600957547,145426.0,2.4049834884419092,0.3736516050773296,0.4070291792858184,7.032428430210349,2.063108229984286,31.86504826456306,34.69318231047642,7.163378795099108
08115,-102.35203590697144,40.87460304889129,56764.0,1.6292613636363635,32.43034055727554,0.0,6.639520796877103,3.411461838740073,0.0,1.905539103513259,18.596883833624982
08117,-106.11623402434655,39.6342107048045,97275.0,19.303560274828232,0.0304022406451355,0.4995196717426645,6.896096813763745,0.9386420350608412,36.039168943894026,40.0611682223837,6.3325152778045455
08119,-105.16144515317866,38.88260170256131,62998.0,17.178991015894955,0.0324904021134963,0.0,4.93223064944988,0.0,0.0,2.8833739534423626,9.494531208694124
08121,-103.20113448683234,39.97227416656473,53531.0,0.7402875497093913,44.63067266333207,6.443613131015931,0.0,0.0,12.885124626959774,13.416838300197554,10.742157398455998
08123,-104.39239364765275,40.55597527769321,59174.0,33.7579433853264,5.287012393104078,39.22950900185425,6.606360636662943,6.5623792621723185,11.130997060170584,14.381289517368304,5.086365023090393
08125,-102.4241218214348,40.00416818973341,52744.0,1.6248370273794002,15.621855792640012,10.38120608970516,2.8533546031630186,6.906786361590581,16.687780100545126,16.687780100545126,13.7711720823059
09001,-73.38522794753516,41.280103071651446,131179.0,571.9656398104265,0.0511243497696811,0.0308534623877342,2.636935670521577,8.035039433804858,30.727861005460312,38.59843741201628,5.509327794648743
09003,-72.73334231938318,41.80708444430919,72127.0,462.02724935732647,0.0247011596256719,0.008746928100034,2.262308997030312,13.377495004408752,31.147616702852844,40.55840099665175,9.206339703222156
09005,-73.24171170198578,41.79583059391445,77320.0,77.14037267080745,0.2576138903305162,0.0,0.0,11.884089533134484,24.37246308567701,34.7986289905256,8.424941910040703
09007,-72.53725999569487,41.46685000386012,76651.0,169.1130346232179,0.2166239061254422,0.0,0.0,19.47142030782313,20.69790615897322,31.78523068182234,9.698460101381077
09009,-72.93121928444182,41.41390046400405,65169.0,558.2275950999356,0.0283833199361174,0.0419721175933134,3.0504303667815953,8.979018026443145,21.21901174013568,39.7191276898265,10.277403164228277
09011,-72.10216071759974,41.492436518740234,66678.0,154.23691776883263,1.263140985792607,0.0801502487091439,2.178091370491356,24.140271737157175,13.138677490089592,21.719432320416153,18.253092498236867
09013,-72.33699296851853,41.85300474732159,64631.0,141.6983082706767,1.0032891958292751,0.0,3.9960263773517406,7.012398782588623,24.98611016161472,32.31571353982551,26.613293479220182
09015,-71.99027632394913,41.82990974025831,54507.0,88.10045317220543,0.5545482243310124,0.393225104525627,2.678906191416502,18.005024796336315,18.513364890873827,28.59369542762449,11.331209605886537
10001,-75.5669280119388,39.08752903361599,50951.0,120.01214057507988,2.9471466063201333,0.0,4.3787773016338605,0.0,0.0,7.2120485909296,26.126137979232144
10003,-75.65007131383504,39.57804042946819,67241.0,499.4072790294627,0.0549589454240314,0.0,2.572190912471531,0.0,48.6624465444672,56.29256807043183,7.175223062708621
10005,-75.39883335331648,38.66313362066769,66534.0,104.56176110884633,4.193779468467578,0.0,6.102916904876117,8.548147330112688,0.0,6.856294811823176,5.376084404602531
11001,-77.01425277947267,38.909755544496406,100849.0,4177.314814814815,0.003063481867364,0.0,1.1482763441618735,0.2185719814881143,13.343937696749444,20.898040025123457,31.93632180451268
12001,-82.35782973555467,29.67530017097704,52636.0,113.4610182975338,0.3650201875239814,0.04914089864312,3.6131785081453582,3.670423210515444,20.25762242906009,33.47812747381425,27.303372600243396
12003,-82.2841358551905,30.328150412959165,44679.0,18.459136212624585,2.9569199090822913,0.0052910402846579,4.553932235001555,1.6583002092165515,0.0,6.023628904071235,21.83931992495541
12005,-85.61466578797673,30.281822259294845,53918.0,95.93595041322314,0.1603473319518942,0.0705586249305947,8.233869180352501,5.608080352578225,24.746233270361564,32.15868373797662,16.445276260382645
12007,-82.16893517045261,29.95036502906298,41670.0,35.102960102960104,1.0970376194852072,9.445844425286811,4.548016711350266,4.891077806303703,0.0,3.4747813977282416,18.310604696988356
12009,-80.74015542306635,28.26741970930382,57115.0,217.5407917383821,0.1475547030563185,0.0318616464901863,6.035946636285948,18.266950464570535,21.1284365620479,29.778391747084033,9.93420055216604
12011,-80.48807620085178,26.151706067564675,66842.0,624.2022222222222,0.0266116415107865,0.0105915690338791,4.092375778677573,3.0170857089910226,25.214054672161236,32.33974778427915,8.793400552398124
12013,-85.20223571736554,30.40613990491225,35877.0,9.316262975778546,8.338834833126816,0.0,5.196885981839972,0.0,0.0,11.850992301285828,17.24085396818948
12015,-81.89653803064037,26.90630729159593,52648.0,111.1729611384784,1.2732345649507797,0.2845485364946411,11.152154318691537,1.5076601067346107,30.332198145796113,41.82150380548012,8.585731071695413
12017,-82.46270180851981,28.858738308522454,45430.0,101.29968847352023,0.118505774449562,0.4056915421625854,6.909466352539187,1.5234505336674504,24.821212700207543,34.39132858899335,6.604339803397688
12019,-81.85337119109292,29.98371307401583,54056.0,133.01876832844576,0.1581008642909991,0.0,6.79533890847615,2.801581196874231,30.61372687662257,43.145885861636266,10.129668523299744
12021,-81.33772508046428,26.1184497138791,130209.0,76.31669207317073,1.2113390511558395,0.0335317090760937,8.74843744382954,3.9134469080003087,32.57361373812338,40.76345488398936,5.613201865390933
12023,-82.62263731950921,30.221921773069447,43291.0,34.78771760154739,0.8799140917570836,0.0,3.599660175516343,18.91898368324882,0.0,7.891302173809551,17.90305672698157
12027,-81.80920217388346,27.186544678687873,33279.0,21.426932367149757,18.967026765559496,0.0038697194453402,5.705336988068365,6.092067075137052,0.0,7.152047726539826,13.105772331505966
12029,-83.15733123398158,29.61152478224751,34433.0,9.196613872200984,4.432470301053317,0.013135677869393,3.4278646040003613,13.84445715442905,0.0,2.39479827156372,22.388941948513615
12031,-81.685234050357,30.34583326482968,56760.0,503.71978293043907,0.0202537016726859,0.0671450419034981,5.367706634996656,5.93947601577653,23.42511430004499,32.806793484398675,9.818000561953433
12033,-87.37267724128492,30.691562315557924,53262.0,194.84795673076923,0.0907566399348349,0.0,5.531176462216885,5.447840086686203,0.0,11.3162363904902,20.643185091617894
12035,-81.31352414670332,29.461989305705295,60063.0,96.26535253980288,0.3315198815019932,0.039698474014373,10.384491463916005,2.576296431082104,35.07001045932799,42.30014919420763,8.697180906698552
12037,-84.80615323845797,29.879112435915463,44263.0,8.896723646723647,0.510146804835924,0.0103626943005181,5.223661485319516,3.164075993091537,0.0,4.219775474956823,18.744602763385146
12039,-84.62776069867019,30.587865651139545,44905.0,33.045696877380045,5.177851057702845,3.097676646950742,6.5655684021946605,14.29402380691476,14.5315960214777,17.942149350037077,20.908075034339348
12041,-82.799881835548,29.726590855760605,42446.0,20.794535519125684,10.753015730914532,0.0099470938943494,7.204804446350971,4.908061912370247,0.0,10.526926575940882,19.499619730889663
12043,-81.18874266718572,26.956655049385542,31586.0,4.888888888888889,27.38319797290502,0.3048982405188421,5.3434459142899895,13.502110739629655,0.0,1.5279252937987673,10.5823973390699
12045,-85.22439962975147,29.95618112508888,48906.0,10.060486522024984,2.0336483418392097,0.0659771408611957,10.300372400385983,4.253232262469062,27.936556099092723,35.84587457639677,15.030792272559683
12047,-82.94743169795014,30.49596413069568,35264.0,10.34115805946792,4.765640611932234,0.0071051638258346,0.0,0.0,8.17463900586916,9.70461761636556,12.50671660017911
12049,-81.80991213773287,27.492833868314836,34966.0,15.542649727767696,11.3621609252734,1.725696082603045,2.030302523881942,16.721280285490604,8.918688913199698,12.210289642866783,9.33629348146072
12051,-81.16590187728413,26.55382540520881,39708.0,13.538286826735886,28.757999096626563,0.9734192684509436,8.701159940661665,3.811937827730813,13.855260774562472,16.78996338356915,11.834593241207584
12053,-82.41811592927664,28.552385116115666,46514.0,165.20653907496012,0.2172025260939991,0.0674322108583395,6.785887344863315,5.163841577979909,28.46939634770867,43.63232967535096,9.980149187976222
12055,-81.34300520931646,27.342071810480643,41681.0,37.37354497354497,7.275569112090921,0.0014730916787813,5.7062354436292315,3.2112784809233097,23.912574464017126,39.54984159661041,11.846756727809176
12057,-82.30785277050873,27.932936991633778,60141.0,549.725468975469,0.275374293937067,0.0164718343579203,4.702611979261968,5.785876913105945,25.824438779145343,33.641206312642645,8.17747149426938
12059,-85.81428306711166,30.872060782515884,39445.0,15.049844236760125,5.4421353515009105,0.0191237653473303,5.812200555402972,2.034036233432004,34.72550276175654,40.11942181126471,24.923759244000937
12061,-80.61384228182547,27.692831874656648,101417.0,124.58989598811291,1.7707204938713912,0.0329646141080521,5.550676994522868,6.35956166041103,27.666025048459357,37.949178514634134,5.748528052347934
12063,-85.21778056706736,30.79655477710205,39117.0,19.599837662337663,6.345003949585938,0.6672104672231246,5.30463379017268,8.352436671846835,15.106052828348885,20.17084010154069,26.396653282609865
12065,-83.89627516979212,30.43578213466253,48728.0,9.593134138588685,9.429445798980296,0.0142201576659981,8.146669076193383,1.110357311086687,27.72901119541163,32.371892673360016,15.994418588116096
12067,-83.18067624389988,29.985539063310135,34511.0,5.486962649753347,28.363897878460985,0.0,0.0,3.253775620280474,16.13358504135203,19.477256382596188,21.43024092053218
12069,-81.70845236619763,28.771273148110225,52476.0,134.52733224222587,1.6201521080654808,0.2895587752813878,10.052656956313124,4.330916144419999,27.76343175074194,39.61147943441403,8.367727359580583
12071,-81.81385142996616,26.579307241642496,62774.0,404.1892420537897,0.2756933359770635,0.1717246680580869,8.923989899066077,2.0765614143445,29.296278791775094,36.15049257286932,11.502374508971007
12073,-84.29260105156479,30.458782920843245,53733.0,154.4979274611399,0.0456773044817371,0.0033659613230888,3.938693751032337,1.4907076792593594,18.493700059186494,28.87909154517881,26.094474069047152
12075,-82.73810195095076,29.32825201244499,44643.0,15.76984679665738,16.115890228387958,1.2364770288840778,5.921411331078043,10.670831832109505,0.0,3.078917078241129,12.563569522339805
12077,-84.88839200002394,30.24485332572547,32898.0,3.480786825251601,6.970950915429752,0.0142179673638407,3.643354136984191,47.437063278840995,0.0,5.733691547122195,17.20166705667341
12079,-83.47056440696346,30.442142224704387,43118.0,9.840175150519975,10.909879584967207,0.0650657597945657,2.324148939861887,12.56515251414096,17.973591976958044,27.69146684248881,16.962036298018532
12081,-82.30237164039447,27.471972111090444,61327.0,218.18642350557244,1.5354327745563343,0.0089437934067758,7.569034934216945,6.19313597793501,28.60334100781915,37.331245924906206,6.623010611993261
12083,-82.05007809199843,29.212695913108018,44949.0,91.62878262878264,0.6441298629678031,0.2898804260420472,9.410051281515685,6.995952269361498,24.50674187744918,35.30785915527217,10.057142613707532
12085,-80.43752681354016,27.074412079251513,109583.0,95.23695014662756,1.1356863520248837,0.1052740910340864,5.850014618859564,5.279700649681336,24.893424167010977,36.93422153772101,5.818351861994305
12086,-80.57190913206915,25.615268026625067,70861.0,532.7734144904771,0.2700173764700338,0.1134165679086839,3.402921119015706,2.5871024629302504,23.184025611421212,31.679287756169956,8.577123357980186
12087,-81.02815779114557,25.44558355602831,122924.0,30.59776119402985,0.2033740762853647,0.0209662532751785,4.74021861116245,0.7871358905632555,27.56197820361369,31.47616618218581,13.793977674418077
12089,-81.81542022260209,30.607146086766186,76177.0,58.164587046939985,0.5792134386357487,0.0418711342375398,6.8445551186109785,9.349793712370934,27.074190430670832,32.45151611827079,10.337327117001962
12091,-86.59851163366956,30.71062947816968,59933.0,90.9953897736798,0.0655735218077291,0.0011021755879484,3.974599237697439,4.622091841565934,19.772259710018787,24.62201599292332,31.59415951230271
12093,-80.891916874348,27.388015779294957,40424.0,17.27917913638307,6.561113494202685,0.0409322654237599,3.0554079461520898,3.138211486216839,14.284891128283595,20.33356168330207,9.21522304670077
12095,-81.32464681761302,28.5143920982774,56663.0,564.3859784283513,0.1367267472024486,0.0032215583311697,4.822783505562704,4.613536145151471,20.10318808930878,27.81110247956638,6.96676905773487
12097,-81.15005010187691,28.062945212728696,44733.0,109.59815005138746,0.5521706910519738,0.0047662658148852,8.619105672807166,1.7961540327122305,27.514166100271396,36.69454771688043,8.364405334318041
12099,-80.46783921022194,26.64674121316327,112099.0,266.30881585811164,0.985861691113229,0.0533562114251703,4.377737146924022,3.3005390227151037,29.644893309153993,38.007189403845125,6.829626597806664
12101,-82.38816958491842,28.30940192930449,53252.0,311.04635761589407,0.1668882650387194,0.1081927866150598,8.898559052127302,2.6401913420351404,29.313513578955792,42.01500612901562,8.069538166955882
12103,-82.7199941475756,27.92620592031211,68284.0,1243.1610824742268,0.0151035635550687,0.021501130003341,3.72482533648583,8.844035658620253,26.83486959688477,37.14519652948235,7.616652216863646
12105,-81.69756606860747,27.94935007166204,43504.0,151.64588528678306,0.935087125291278,0.6793739554855768,5.865125129434532,9.710479820151336,20.217779099885696,28.591599681316858,7.158136466625291
12107,-81.74642130575297,29.61510353101732,40213.0,35.51994301994302,1.5369566520413132,0.5803088667520473,5.264240567498234,11.445583364337288,0.0,6.366302504705566,12.489160438980498
12109,-81.44149147617584,29.92431338347976,85185.0,164.4428418803419,0.4163126559442766,0.0079862446819319,7.913762263201585,7.391058595182661,31.365837612761226,38.54810071682476,7.670333354550913
12111,-80.47552917489926,27.377025639621735,51592.0,232.63219133807368,1.1459551564621202,0.01780544619797,8.178119158134978,4.574011176330842,25.41936446950168,33.707831182524586,10.28162642493457
12113,-87.02168037347333,30.737200923558184,56805.0,70.79336188436831,0.561304418181053,0.5995802256775988,8.253007977608876,3.8397762547144594,27.52331371580887,35.77223182780836,14.59686372508516
12115,-82.3260530638892,27.18023620618068,81707.0,300.5615284974093,0.0645786019023972,0.0618688239783521,8.01435796139745,4.035658280625268,31.766703300822435,43.19344731755621,5.755325296189713
12117,-81.23710117401264,28.71680186816477,59676.0,539.3318385650224,0.0476050714512514,0.0084335171730692,7.8423013670436,3.47388713998234,27.63454872676205,34.92820878264509,5.497212607720954
12119,-82.08132728697277,28.70437111128472,67581.0,96.45908183632734,0.4624706149178981,0.2188501801272671,12.439272463167512,9.315346568846204,31.5288276289086,42.03219937164869,10.317945894383357
12121,-82.99338350634267,30.198404713163484,41731.0,25.094026548672566,17.020422679210373,0.0,3.874725433111141,18.35562776434442,0.0,3.86669861768864,12.875539246733176
12123,-83.60268508151884,30.047216703946955,36487.0,7.853936718175129,5.518065793945644,0.5821135162375333,3.798445978412461,31.019958512545852,14.881924830358503,19.26963329309597,12.146448369214903
12125,-82.37165761371232,30.04436442308758,27059.0,23.978328173374617,2.4092451032009974,0.010663325491346,4.201350243590342,4.724297497895104,0.0,9.799596126547016,37.41427685991723
12127,-81.17287825823949,29.05680743403199,53041.0,181.7979956154087,0.7402708495449964,0.0067854968575408,6.33437190668433,6.436995634769012,26.734960309582963,39.33078570445109,8.62432700944511
12129,-84.40390768607978,30.171767418817204,48546.0,22.070935342121786,0.4267234602411219,0.0046299109610248,7.968944872228927,21.90381938717341,18.349783985716726,21.128405757680103,15.652475025006344
12131,-86.16611702085045,30.66740775271844,86744.0,30.68685376661743,0.7870469533848148,0.1064953121770663,10.612216522931815,1.9582699208988597,35.186385585179345,40.01482441801477,7.038066249553765
12133,-85.67261611599938,30.61001593956809,36294.0,15.437765634486944,4.528084427562098,0.0834505797016641,5.280538968622073,2.1581388485346538,26.93583718995438,33.55298475754808,20.40137693456508
13001,-82.28908799757008,31.7491384422572,44085.0,13.956948640483384,5.995569496591311,0.0037404925480587,1.7772180240694095,4.30275458672398,0.0,1.0476459540192251,4.7278065575675
13003,-82.88126273052082,31.296319588548045,37635.0,9.171492204899778,14.099867547324545,0.0203546427760192,3.197448884772072,40.23021395974501,12.098917663994998,12.977707241237916,10.006814380407624
13005,-82.45215654002632,31.553592527222435,40549.0,15.039030955585464,15.140715749914587,0.0,0.0,13.588358387427398,15.268619747181416,23.263366928595833,10.985650837034507
13007,-84.45694263747745,31.32920599143518,49213.0,3.426470588235294,39.44921233431262,0.0,2.549214647574545,0.1700247519026579,0.0,1.9362002359527168,9.563024821300516
13009,-83.25086093396209,33.06966689200615,43440.0,63.72116788321168,0.1334156208964478,0.640803693364777,3.767633779083584,12.5490090751816,20.91075283194361,31.56782914392714,21.920040544335738
13011,-83.49713405492521,34.35355469197422,44907.0,32.07272727272727,19.690525495597296,0.3679293627353511,6.469963481879155,6.672680274880091,0.0,2.312652664012273,10.949616632476394
13013,-83.70724401131851,33.994634680645355,48284.0,201.7133182844244,0.646401607349381,0.0,12.555480545388138,10.941725838963563,0.0,4.879100227552909,8.842030374946894
13015,-84.84097168264398,34.23847181353446,49283.0,92.53896636587366,0.4864772810307154,0.0,7.330394414600859,23.563815118008527,0.0,3.6941896150609663,7.212494902757578
13017,-83.22095372635106,31.760254608928907,40325.0,25.455223880597018,5.134732082110631,0.0,1.053391152558913,29.274900179367886,19.5744651607095,23.045542948643057,10.721113867680106
13019,-83.23160119352788,31.27751371787065,40982.0,15.588034188034188,6.784328746672951,0.0,4.450140939135901,32.741290747124744,21.206281858628717,23.09673237278647,13.599693567871771
13021,-83.69747939295736,32.805754117943586,46709.0,235.1129518072289,0.1158238341306748,0.0,2.873595026515518,9.986704147372114,24.6151993468566,41.28421715936689,8.408837883496874
13023,-83.32595290699011,32.43454894804424,41768.0,22.028725314183124,6.579125738718175,0.0,3.969018718468229,1.5226845558897777,27.132069803142823,30.736904583075344,28.622512722623007
13025,-81.98716871065389,31.19968388270635,36465.0,15.050454921422665,3.538422261935154,0.11286833371404,8.912567351490802,13.532913212313396,0.0,3.2471144673017753,15.862838101124652
13027,-83.57571317737187,30.83851741828508,40099.0,12.118959107806692,13.420555893088206,0.0,2.1123875513835486,3.3482208422032276,14.660099466492282,18.10695198739741,7.485031328698572
13029,-81.44978780272979,32.01803772968126,58469.0,42.64430714916152,0.34252882684469,0.0,12.522910760699435,12.5734846919106,26.113381542410153,31.11114006314043,12.359285735012737
13031,-81.7417513455527,32.40007966735807,39665.0,45.5941790225151,0.7928511020578584,0.0,5.757566443466487,11.396873209252984,0.0,8.730248336193457,19.413424694970068
13033,-81.99753838141369,33.06440137754204,42289.0,11.353624535315983,2.0097981709609085,0.0371806809617221,19.066231422248148,1.1289208810895952,0.0,0.0,3.881570548981192
13035,-83.95719988032702,33.29433040988045,41941.0,53.383233532934135,0.296620213841029,0.011540428929672,9.150312527291556,12.848344208368164,16.047954121076774,19.899130413084976,12.605267426047684
13037,-84.6249046062501,31.528784135026765,34618.0,7.353494623655914,29.35739405846449,0.5935942164766093,0.0,0.0,0.0,11.250323365518398,20.53947855999217
13039,-81.68480385399793,30.931613261721154,44639.0,33.49148561362302,0.2508893029650044,0.0,5.346081051302938,5.852301320726483,0.0,3.278206395909185,41.54895899050907
13043,-82.07349712278508,32.403390140283776,40161.0,17.05426356589147,4.713628972356614,0.0,6.786237671749486,5.394747785288407,0.0,3.3651571161859644,17.095938811153715
13045,-85.08053032072227,33.58380824474976,49941.0,96.1141975308642,1.802936803097824,0.1543442942444389,6.392357937730357,32.76077370092049,0.0,10.556822131630875,8.660729059203579
13047,-85.13817980678266,34.903986117255855,43903.0,163.12796208530807,0.6848352851501499,0.2094566363131281,6.982220204091067,8.720501825834678,31.769342110391168,36.97752533011399,10.465762314300967
13049,-82.14130764348018,30.782270698378483,31566.0,6.299162148841794,4.192822636826337,2.121916958205012,3.7481870058282287,21.656191589229767,0.0,4.195106723971875,14.04218708957809
13051,-81.1368448996739,32.00496907567067,56879.0,247.54679802955664,0.0724587033559238,0.0519940851623866,4.669489081896254,17.11708318692859,17.586520595862126,27.24852415492961,10.772563916548918
13053,-84.7834556837153,32.34858258947165,37823.0,13.794025157232705,0.0459044583534143,0.0,0.0,0.0,0.0,0.3796225841607759,86.98983335952975
13055,-85.34517129237476,34.47533023441494,37028.0,30.690886699507388,6.095828355755369,0.0,5.200533784799035,23.190182406226896,28.00108899239937,32.38666371111352,14.045026562785916
13057,-84.4765436865923,34.24409544564999,67524.0,250.1822222222222,0.1658409489693637,0.1811233138571115,13.17839259176446,7.440565018139167,29.1015343039515,36.45521725837467,8.178876078486951
13059,-83.36618311239667,33.9503573581,42305.0,415.1884984025559,0.0062235179619214,0.1578824783976348,4.511369497700284,11.135707161896647,19.66431559480539,31.753865941441724,23.49284782628967
13061,-84.97887688310401,31.6260049305902,37917.0,5.213114754098361,2.3340572386952503,0.0,0.0,0.0,0.0,4.813253918764917,16.909282473606126
13063,-84.35776215200552,33.54090659911303,33796.0,782.3612565445026,0.0508872103803217,0.0708145490205792,3.1094502103965405,4.364742422185671,12.09978428934756,15.346109477582605,6.989402494458523
13065,-82.70528789538155,30.913585545937657,43783.0,3.1175373134328357,11.656669601584856,0.0,3.0101254677525864,36.366043913713405,0.0,1.6821896324014969,12.75726392251816
13067,-84.57759693116402,33.94213861180564,71886.0,877.734693877551,0.0111064968437066,0.044928628930919,6.08040517747682,5.540230811927389,22.190968848319176,28.975468672932216,5.120379964761333
13069,-82.84985051158218,31.5518541228504,39244.0,27.42938568714376,6.318276774705296,0.0,3.684933362653242,21.959597427177982,13.222624498354682,21.740925226378497,10.230275816572556
13071,-83.77386909275535,31.189648469645153,41403.0,32.6827880512091,11.917519392855455,0.0,3.7816985990989336,18.375091129374866,18.148093757047775,22.611099164494423,17.463640035035638
13073,-82.26364477398148,33.54606910290935,59113.0,201.0889987639061,0.0590465940859192,0.3165578680175455,8.381173938329917,9.377918131960714,0.0,7.506998081302757,11.229325086015251
13075,-83.43284222492768,31.15716238617736,39383.0,28.26948051948052,3.9044188327135383,13.373595751085048,6.447747861463624,17.133341748308105,16.58300239826781,18.989037877096056,18.335000145643793
13077,-84.7660171974077,33.354208070856664,59376.0,130.54778156996588,0.0409210573783866,0.1993675123031098,6.074097755590947,12.60881778597306,24.363365102624908,34.63800713393956,8.364454318228166
13079,-83.98323773468012,32.71515597488438,40710.0,14.712907117008443,23.18845882445182,0.0182944358780022,0.0,0.0,0.0,3.865875650105846,17.058777408985183
13081,-83.77382153493494,31.921417510252123,46317.0,26.235059760956176,1.8421026055734615,0.0161581133538261,1.7561072619067042,35.764507927185946,0.0,9.437891863380043,8.71186432777976
13083,-85.50492338998427,34.854559560473966,42380.0,35.650442477876105,3.1733454789096083,0.0,0.0,29.11004795495095,0.0,11.26132060557241,8.214449722583996
13085,-84.16968495188036,34.443583792844336,60375.0,54.369369369369366,3.057690770252482,0.0,10.69926599273829,8.632995577592396,0.0,4.037316983010894,8.277429890156165
13087,-84.57745040993558,30.88146520960248,43093.0,18.308953341740228,8.197014835545122,1.5152267461105593,15.002181697812285,12.4055099154404,0.0,2.7470584695013693,11.68223947518883
13089,-84.22637240818219,33.7714303225088,64793.0,1090.4992867332385,0.0341312048996776,0.055275050702331,3.8473314488691734,4.03952424277926,21.59514798945735,36.49520037167916,9.937393032716528
13091,-83.1678441463869,32.17149367694245,36364.0,15.26303680981595,3.308429888909675,0.0,2.855272113581996,14.461046740726882,20.285427703721982,28.185139927638048,24.83173258715874
13093,-83.79532067489414,32.15844307693468,45204.0,10.502467917077986,16.118613941215276,0.0,0.0,0.0,11.81054386865059,13.602671699772776,11.993329912775785
13095,-84.21546457179926,31.53485984949422,45836.0,95.37011494252872,0.4880943112512887,0.0,2.574186460021862,13.952940732876376,14.612961687363384,27.577162751287137,15.852076403927937
13097,-84.76731150974078,33.70216348857405,43722.0,283.4740882917466,0.0094590001518646,0.0,5.989571958548174,11.145464669766634,0.0,6.138399346258705,8.362566079215512
13099,-84.90144003379675,31.324219323278086,43776.0,8.023538344722855,3.898053966913599,0.0,2.556327486277972,0.0,10.614516562392048,13.892296472575136,15.459716731278547
13101,-82.893214337757,30.706558876848423,33308.0,3.2719220549158545,8.561827689738134,0.0,0.0,0.0,0.0,0.0,25.41904439981707
13103,-81.34151534221814,32.36893180994504,48908.0,54.0987460815047,0.7383878607979588,0.0,7.774423300599017,13.181921871347663,0.0,1.8416924589037431,10.227279127860967
13105,-82.838143886981,34.11635888546084,43145.0,20.258163265306123,6.2047276937059275,6.223449825279855,3.465727242241869,21.56694761713478,23.209992404502316,25.92778233981617,13.769061322090575
13107,-82.3004128120695,32.59273251622555,39530.0,12.695243362831858,2.357282090964584,0.0,2.407205277334646,27.36425999087767,16.33827043390057,21.194208002686775,16.07016023073589
13109,-81.88647221590398,32.15664474603057,40606.0,22.07453416149068,6.575036104628948,0.0,3.6983228887157114,37.00136215371398,14.094513175761003,21.08639853897681,11.387043781045124
13111,-84.3190226604272,34.863826889794986,51339.0,25.37216189536032,1.3785801576997718,0.0,0.0,0.0,0.0,7.224141075156434,7.255985868532718
13113,-84.49662116378326,33.41468440547929,73749.0,241.40316205533597,0.0285621144148653,0.3367983424698454,8.200545871928789,11.10633863428354,26.77549550630917,34.15458732927863,7.785276734698332
13115,-85.21400648283269,34.263818683043034,44222.0,74.09672619047619,0.6987938005257742,0.1285993904811564,2.659504919010628,21.023561083229147,15.913833865625389,35.170698853053814,9.76470518525541
13117,-84.12951978659633,34.22710893409587,80102.0,438.7479541734861,0.2896199860241518,0.0,7.567818878994786,9.18084849704224,0.0,7.97027034436844,6.390593654049617
13119,-83.22732502399265,34.37747560883547,44515.0,34.30539772727273,17.970840182868884,0.0,2.3145394514957776,19.08761625920618,0.0,5.470044575936018,6.254458142296221
13121,-84.47011726773812,33.78918555970523,101142.0,781.8220769789398,0.0116464834814132,0.1037247721939635,2.8773316561537303,4.77949076067811,25.01110070150952,30.853769817399375,6.4442424323439145
13123,-84.4553125915119,34.6912747088112,45937.0,28.94017857142857,13.214126754677208,2.5733534381564933,7.76297084720734,10.822563748510715,0.0,3.1251173647019717,8.552540631160397
13125,-82.6130362048648,33.23125222600234,39926.0,7.742705570291777,0.5498465234218604,0.0,0.0,1.254504203923662,0.0,0.0,30.671293206993195
13127,-81.54383721649985,31.239193330466513,60005.0,73.64044943820225,0.1251912771745503,0.0,4.691310886236252,6.563537000773903,21.456278874791867,33.14476164372317,15.83115428812645
13129,-84.87359314267988,34.50543797725411,45305.0,63.07173447537473,6.604104637539894,0.0,5.577210777652246,30.347230360385623,0.0,7.760559872273181,8.220634958459732
13131,-84.23401086920819,30.87471900184793,38274.0,21.822445561139027,9.350992716751472,0.0,3.636516963365213,22.564648926516632,16.72498491564639,21.833235938294305,11.88385760370196
13133,-83.16723465664063,33.58191031717643,80348.0,19.32437619961612,5.915010098618677,0.460471317812385,11.634654825451271,8.927986433623031,28.87158833240193,34.05175301192105,7.248156233568524
13135,-84.02618852398466,33.96399157081119,51627.0,845.5694564279552,0.0177537237205946,0.1578813842114333,7.242262569428494,8.066685114941668,22.01491840299833,27.26331197259742,6.4202789694443565
13137,-83.53041108980146,34.63183303970029,40453.0,66.79494382022472,5.018292710231828,0.4868726854235982,4.579222884471571,20.534015037189953,19.55478409228303,25.74794123047024,13.24743745326067
13139,-83.82169689968809,34.31645807185371,57162.0,187.116769095698,0.322286982509485,0.0881229017159151,6.667902358777414,21.84657238829798,16.854595551521175,27.687370066303902,6.318195530137144
13141,-83.00190186153138,33.27123240612484,36114.0,6.7624,2.1547346198637607,1.8670467054150204,0.0,0.0,0.0,4.903457040909115,23.520215260753737
13143,-85.21049615993107,33.79358491476745,45122.0,42.814207650273225,4.472963938080649,0.0,5.6439098535920165,34.93901948956367,19.252159643611332,23.89160669005968,11.444940900704529
13145,-84.90770561096495,32.73683736229798,57555.0,29.981833195706027,0.3022306882840737,0.0,11.108425259421912,18.307681841407053,0.0,4.18389753105898,14.743733562225795
13147,-82.96147829288587,34.35163079893254,46306.0,39.46696035242291,12.980629973266815,0.0,4.809021019403235,24.46252280807272,0.0,3.05586663296576,8.629892089450077
13149,-85.12912401209894,33.29554583560895,41094.0,15.06426735218509,1.7610634105045986,0.0,1.7413851583370474,6.412419163590188,3.5576710143830645,3.797902668337356,3.3703071433176635
13151,-84.15197997764703,33.453785633221834,47645.0,291.3939038686987,0.0070587966620196,0.0,7.466888534334299,6.734714850566313,0.0,8.25980939172896,11.040217493981856
13153,-83.66866347600104,32.45868474299276,48495.0,175.40392561983472,0.1033664020633024,0.0,4.223118544335095,8.916842006586004,14.9825195325862,19.40457967100287,42.89521365273299
13155,-83.27802898417069,31.603738944381888,43839.0,9.682590233545648,12.365623440188928,0.0,10.693878463246197,0.0,0.0,4.143975683709426,17.886702773576893
13157,-83.56592528097651,34.13588579647491,56286.0,97.00346020761246,2.1103787416088355,0.0342273433432941,8.812738173803854,26.520384056753173,0.0,1.4792395107881031,5.11580934344987
13159,-83.68977786616114,33.315917005668936,47111.0,16.344580777096116,1.6376285508116537,0.0,8.169138991864186,17.448207862600047,34.66699349465416,40.1480640950078,13.860077226882886
13161,-82.64025751584586,31.813734897335134,37471.0,15.877529286474973,9.157964636337596,0.0,1.8786945652456968,30.4443569177886,12.375979792192911,13.592744980599464,11.520533319444809
13163,-82.41767926500334,33.0555962580406,42400.0,11.205559619604974,7.292345967002882,16.16042931302447,2.4799549543079253,22.967988255944565,13.57346211191901,15.32989936539583,11.277079844063763
13165,-81.96314610034824,32.791947545069256,36603.0,9.44492911668484,9.189737250181636,0.0,9.078586377782838,5.674116486114274,0.0,7.154862986217292,15.123567238144812
13167,-82.66059405940307,32.701162602543526,32330.0,11.597744360902256,4.031716075950227,0.0,2.9883169163719305,4.36096044315613,0.0,13.090348727487491,25.133225169204447
13169,-83.56057807408024,33.0249817744461,44108.0,27.79142300194932,0.6538061727379465,0.0,12.13476970018771,0.621461743832123,0.0,8.593148216008435,17.018965426983854
13171,-84.13927224775969,33.076109926727476,44395.0,40.51767151767152,5.796538295841393,0.1870232554210557,5.098284353063414,19.46596159856734,0.0,4.01483346145074,15.086542603965164
13173,-83.06202318209107,31.038348541646737,34161.0,19.294896030245745,3.5445367164612738,0.0,10.273466818390917,8.123501924799651,0.0,1.7498728905890617,26.682081204755104
13175,-82.92168407614454,32.46228178530512,43156.0,23.568041725936464,1.3349868148102202,0.4879634090781026,3.627204866442349,16.11969714905489,16.019361283809843,25.109214082315596,23.71067102722173
13177,-84.15259883542011,31.778655307916928,51620.0,38.82373271889401,5.081784797986836,0.0813544595358902,7.759821962835152,5.443474019852947,22.05402591867013,26.353414428223644,11.8905587842324
13179,-81.50990888304953,31.836983437888183,40111.0,50.921407185628745,0.0413144537755816,0.0752697704723877,2.1427138948254507,12.00167667824906,12.01927835699303,13.68524066960401,58.00273880399821
13181,-82.45342118926948,33.79787808623868,46586.0,11.593519882179676,6.687853664157786,0.0,16.30266677179299,2.9324179256554728,32.39305923666159,33.29370879604078,16.988616032168654
13183,-81.74546140691139,31.752788004239378,39172.0,17.650047938638544,3.4441082744812084,0.0,18.806225097795913,0.0,40.37974224582126,41.86914080597532,24.98015881009262
13185,-83.26913085083989,30.835479243757476,43910.0,90.42889561270802,0.4008741972323544,0.2604440435823966,5.834115279878546,10.041208986467623,18.45719278092162,24.39442034603302,24.472898776726833
13187,-84.00394929228452,34.57331082734637,46945.0,47.555403556771545,1.1377916537005013,0.782816302168623,9.183276112156909,12.938957843382322,23.087086719415577,29.500534801188294,23.55939524103464
13189,-82.48144630704729,33.48291652484229,43153.0,31.534107402031932,5.518473863629409,5.662543683021917,4.2783962593256755,25.656056256999992,0.0,0.0,11.52986970066037
13191,-81.43689168510559,31.51072444717427,49003.0,11.942369263607258,2.61401013905926,0.3412252991601443,7.451231559178888,0.5387958329262512,0.0,1.1883180089521888,18.4037314053923
13193,-84.0422338146901,32.35773018862448,43861.0,11.281609195402298,31.69356892317044,0.5618669755292146,1.412060425343158,23.120497465848512,9.22414713686061,12.741894411723631,8.794696764336233
13195,-83.20877851024512,34.12728341232176,47253.0,42.49594594594595,22.49385791240947,0.8398918336418574,9.340137264774134,4.8939851075669765,28.722004131318908,30.72444456221774,11.653499191780767
13197,-84.52455984145129,32.35330806058786,38440.0,7.856842105263158,6.526714705822427,10.810168363431382,5.6309044355851965,16.106926739155533,0.0,4.046427285878254,17.3769534300908
13199,-84.69194265632105,33.03943717944484,44630.0,16.33463643471462,1.1499426182736756,0.0,11.04934828463901,15.402794073333206,16.788033826367386,21.807492322389137,11.110897398908785
13201,-84.73069943712709,31.163922962875265,52011.0,7.899045020463848,12.989560290911406,0.0,2.51523783757977,1.616483918710314,0.0,3.437465187707879,35.83557458185464
13205,-84.20209284012032,31.22964857194718,45224.0,14.927413671599718,18.666327723185844,0.0116028369991266,1.167350882448494,23.895620878355857,14.72041382045559,19.0654653159558,10.484007071401749
13207,-83.91888677668685,33.01424710177277,54836.0,28.569350145489818,1.7291287045616486,0.0,4.097062824408777,1.9079671838431405,0.0,2.6105911808690703,13.251339880417609
13209,-82.53267052852615,32.17394257057861,36634.0,13.89406099518459,8.569908326035627,0.0,3.635920231457361,4.185742315238718,0.0,6.400549822083781,16.060679961423773
13211,-83.49335102031301,33.59135750842464,61557.0,23.05366922234392,3.8316005647542033,0.0,4.901993142270386,28.346407026422423,20.40500944313035,20.40500944313035,6.799127198049031
13213,-84.75585058699842,34.79033380505365,38212.0,42.56,5.2316284172909535,0.0849533700391118,1.910562424624706,13.486819456875892,0.0,1.873249571901645,6.953127949769793
13215,-84.87437593133342,32.51120717411383,49466.0,359.322695035461,0.0655723616784237,0.2085457607186345,3.0521659301791177,8.278357493621256,28.434420858072396,37.439710922850736,19.765578194326515
13217,-83.84669067725552,33.56051080436276,42038.0,171.46802325581396,0.0343143957034638,0.0,9.119911856064329,18.800710534973444,0.0,6.167138077923854,11.806288426782425
13219,-83.43826109976543,33.83552445807235,83605.0,91.3723849372385,1.3037615531895603,0.0,6.904625186886563,5.243268083774957,0.0,9.22908514916259,6.348409886454746
13221,-83.08043374336239,33.880818497577074,46998.0,13.624561403508771,31.706532184830237,3.2508838595346625,9.005889458046427,10.198328381368858,0.0,2.162259859111468,8.812806926284793
13223,-84.86711002536266,33.92077470175554,47702.0,219.2218137254902,0.082557400241587,0.3213933245778813,10.746334285894807,6.384734271719463,0.0,8.639523521864655,13.1081380706655
13225,-83.82615637998353,32.568885063687055,44603.0,73.03589743589744,2.7885204208296326,0.0,5.653817791288069,20.016716226877264,19.73222774525868,23.088253954242777,15.55114816020361
13227,-84.46563783736289,34.4640050716204,60795.0,57.83554817275748,3.0588689081228924,4.378787790238971,7.469215529282504,12.491964186571131,0.0,12.30136930260828,8.326198505046492
13229,-82.21504244145493,31.366697506875465,41877.0,24.665036674816623,4.870431305135178,0.061183850088085,6.832579333965402,16.611169251260584,15.947332679393345,18.377463347101067,11.35624747801154
13231,-84.39489331273133,33.09267474641154,50746.0,33.4496644295302,1.95360139692758,1.955880978487589,19.85811884370505,8.594022481233345,27.491981571862667,27.491981571862667,13.6852399373571
13233,-85.18922011961752,34.00139442593398,40396.0,53.692874692874696,2.0962677604527133,0.7590812400765379,4.024345560395718,33.38519826568416,0.0,4.359580466555388,10.611616048528274
13235,-83.47671520789943,32.23492310358013,41022.0,15.241960183767228,8.5615233269382,0.0,2.1798531873162164,8.971546245383417,0.0,17.434541676993735,11.61313419682936
13237,-83.37224474638658,33.32298619380513,56574.0,24.28813559322034,1.819463811617152,0.0,8.928988784109201,10.209716937281874,30.022006360310822,33.597120790758375,15.60626472233383
13239,-85.02038889410001,31.868558204574295,38358.0,5.303529411764706,1.638256609166071,0.0,1.5795651730121465,0.0,0.0,0.0,22.33847096049811
13241,-83.40815699728576,34.88242362692001,51860.0,18.106806282722513,0.2322641934756706,0.8089663907942335,8.584919331465558,6.283343530952458,33.13555319400165,40.67628999881922,9.883908157021866
13243,-84.75439270990168,31.762551367050698,42733.0,5.525134649910234,12.582896643995984,0.0,0.0,0.0,0.0,7.680231909911919,11.242724941465044
13245,-82.07110200989882,33.36040106473462,43773.0,238.4642032332563,0.0125593873747266,0.2377495309249172,3.199718722190221,9.915246105950468,15.938970952661997,26.27625182496425,32.38475089684847
13247,-84.02643018484224,33.65380042236039,41775.0,277.01457725947523,0.0281087995691106,0.0685794863738713,8.094866731000845,21.10615513513918,22.51193174592488,29.715377364842123,8.34590094032631
13249,-84.3152238650396,32.26260770040621,43967.0,10.280821917808218,9.850353442014656,0.0,0.0,35.52038314121141,0.0,0.0,19.643178173607264
13251,-81.60787269144737,32.756757492241846,41275.0,8.309750297265161,1.951872581077886,0.0,4.743145999962811,20.40089359000582,30.06595671773022,32.670490013520734,17.41278598731867
13253,-84.86756521602133,30.936751340014304,44605.0,13.748493975903614,15.002463390125842,0.0,3.3936330411594913,19.843512098446535,17.295503825909297,27.03800301173798,9.087543596438245
13255,-84.2840957456967,33.26195352593789,42933.0,132.46641074856046,0.2272407925216792,0.0,4.108033834351541,19.139916537501954,17.556599789989196,28.14097815042394,16.218006674543577
13257,-83.29150206731818,34.55467884768505,46030.0,55.21487603305785,5.403209054198729,0.3666055657390434,2.7182684164511395,34.86869387826535,16.942838294074274,21.612531853519087,9.425674107587852
13259,-84.83666268576697,32.079503679851264,36311.0,3.8108552631578942,6.2600971578787385,0.0,0.0,0.0,0.0,0.0,19.822233730558573
13261,-84.19488050263742,32.041473833597585,43694.0,22.387596899224807,6.914979148664388,4.86147950557914,1.6661532103542849,18.17770597738288,0.0,0.0,13.878273283991437
13263,-84.53261499805322,32.698957024519466,46154.0,5.635029354207436,1.8128578340456416,0.0,8.57793726312394,0.0,18.130594306910737,18.832150633013462,8.833965002822353
13265,-82.87827893967567,33.565578000344004,43863.0,3.0828516377649327,36.50753826152408,0.0,0.0,0.0,0.0,0.0,22.68092968090687
13267,-82.0574822626525,32.04658007636169,36813.0,19.07227958697379,36.14111280665003,0.0,3.857749505971622,2.6802430693816173,14.382470710733092,22.37497186696972,13.944584731740736
13269,-84.24653939521451,32.56019880521093,38424.0,7.629666011787819,4.874945067543038,4.638018992299902,4.864245180273993,1.9267439860901463,15.969963887880468,20.806312933488737,12.365630433536504
13271,-82.945193327687,31.93435213411891,28771.0,11.475046210720889,4.808756891257946,0.0,2.1601168803004187,29.69918160961523,17.0917464701921,20.75966488226364,14.553252445469177
13273,-84.43675178966976,31.77700288386425,46940.0,10.025114155251142,11.124770996046667,1.423612545972974,1.9005606292271031,8.60469440885987,0.0,3.719506315687976,14.50404286678513
13275,-83.9187128213285,30.86240407308672,54447.0,31.58252427184466,1.2241843917813586,4.407628519949246,1.9854481411350309,19.05686448559373,0.0,14.056679190277114,9.64940361378809
13277,-83.52592467599166,31.45798858849592,45958.0,58.94301994301994,1.819339846073445,0.0,3.5522870194006497,9.051738141161778,18.052138018110377,22.937094182051094,23.840086119938217
13279,-82.33004395275537,32.12083733582023,42570.0,27.8559585492228,5.741965917894322,0.0,4.4719910897686965,18.588412774785112,0.0,11.445785496699086,9.650945299248612
13281,-83.7379521431301,34.91993024428705,48395.0,27.540425531914895,0.2077994462720294,0.2233490647005487,8.020775905765273,3.8670083543859017,0.0,10.06767113162853,7.869722469602515
13283,-82.56718043558334,32.4033618016386,39297.0,12.10095238095238,6.021589283391859,0.0,9.334190172362351,8.699211249072397,0.0,4.405070650968152,20.760750652192208
13285,-85.02749435353442,33.033655553243456,45384.0,61.28770706190061,0.0480915838391785,0.0,4.6336987239358205,29.032637456950905,0.0,7.908737810877341,7.685966189767742
13287,-83.6271070350652,31.71613958140215,38321.0,11.981029810298104,13.91512194753556,0.0,1.6720349511190324,14.104302053793608,20.35479766035941,22.923644492442236,15.165749715852236
13289,-83.42740965057084,32.66390316337865,43836.0,8.058700209643606,1.902721014623796,20.99563576741775,0.0,0.0,0.0,3.1339288943542263,7.163911895547759
13291,-83.99091207242935,34.834981614834554,45629.0,30.8411214953271,1.8807652010814215,0.7479650076564068,7.19390857737367,4.801830943606351,33.88134034743236,39.10912760922285,14.966993193490955
13293,-84.3023378315784,32.884416132810934,42204.0,33.52983293556086,4.637114735586462,0.0,3.413709680218533,17.46470301709227,22.45099842764567,35.99835244108299,13.786504595000167
13295,-85.30099147186573,34.73605442474841,42914.0,59.43658326143227,4.921207054097689,0.0,5.061655436309766,26.87947453658801,27.799306178976952,27.799306178976952,12.217054403447753
13297,-83.73344194593375,33.78160157835925,52663.0,120.53333333333332,0.2608226874860254,0.0,12.369201139641785,13.83902079695364,0.0,6.3160407187370105,10.124704904382847
13299,-82.42536076731477,31.058717222642272,39161.0,15.081745023295214,1.2899366868561182,0.0,3.865578510128273,10.765350235136966,14.789554703654227,26.436554191293528,14.464868982049076
13301,-82.6747461528025,33.408404114535074,41120.0,7.040871934604905,1.2149441545139736,17.224796371262745,1.9002097254060384,32.33819441057406,0.0,4.8568502170414085,9.768326586353217
13303,-82.79393602809672,32.97016713453375,42072.0,11.200339558573852,0.9101141287549644,9.422124765998143,5.280948020971231,10.464621252325438,13.295504248482269,16.568206073259347,15.153406075592075
13305,-81.91505583884985,31.551757300384484,38301.0,18.19503546099291,1.220310419284215,0.0,5.952135543233748,40.262795579196045,11.072473799438749,15.620500011285236,16.49435361917588
13307,-84.55117322736477,32.04645282065743,39344.0,4.305860805860806,8.736964337553873,0.0,1.1198945981554678,0.0,12.632589714387798,12.632589714387798,9.940599807954266
13309,-82.72757121824564,32.12371570126502,23344.0,9.652575957727873,14.82815439128596,0.0,0.0,0.0,0.0,0.4899459018066754,14.432989690721648
13311,-83.74701167488102,34.64461341184936,48778.0,45.58544303797469,5.701264775916873,0.0,9.8407367478258,11.2810818746726,0.0,7.493530174709173,9.26868170197018
13313,-84.97441969886525,34.80861630931207,46157.0,148.992784992785,0.8110275432728251,0.2588927138133645,2.39956722580802,30.33872044096151,16.569388124068908,24.53823731591795,7.185810050069554
13315,-83.43062683266467,31.97429899163355,33778.0,8.764529058116233,36.11122378615178,0.0,0.0,0.0,0.0,3.2992942035452075,18.39583417839614
13317,-82.74323051171561,33.782280855582584,52261.0,7.837285363859362,30.115885020707033,0.7799322235616103,7.790352468108101,14.263242986626295,14.731858645215068,16.886571820490886,12.222511491147277
13319,-83.1677741411868,32.802310192396206,42232.0,7.252921535893155,1.3142271680161657,46.1179781160246,4.114518127471766,4.979644466150123,6.665581382729256,7.947250032623118,3.849269565149983
13321,-83.85509535790956,31.557387638957344,41684.0,13.34640522875817,12.049570353653118,0.0,2.816542757425817,3.239448574752473,27.451930038296197,32.959691633255275,16.722504880642695
16001,-116.23929322471922,43.45790545092127,69187.0,194.1789709172259,0.3323664555759645,0.1643295237871317,6.312448641457616,6.305321359499644,21.341405355471725,31.586874442330267,10.080386376545324
16003,-116.45061403951128,44.88789715814582,44290.0,1.3649343232438609,9.110432177498296,0.0,6.498383412926764,5.800729688844066,17.121585145196217,20.52205380713671,20.012458102215763
16005,-112.22581586114998,42.669648448034614,47895.0,30.19858870967742,0.4698555303037696,0.1430006559251775,6.143225891189213,6.441332939127664,17.568878077830654,29.73034275057621,18.37284137450479
16007,-111.33154499983596,42.284985910202906,47914.0,2.4911439114391145,12.522419240801618,0.5368634233831183,3.9274115912967407,2.941564173953336,23.32120330905997,23.32120330905997,22.29181562895707
16009,-116.6599189941704,47.21772302804882,43958.0,5.069389763779528,8.468046103806564,0.4986332703366941,3.1453032355398376,19.602228945468703,15.527995652420772,18.506817426005988,22.955380534849574
16011,-112.39891229796072,43.21691609860422,48122.0,9.10360524399126,12.181535619780169,0.1683478113094775,5.685878529836475,13.108148623067464,19.61341317342142,26.18520576621428,14.996231847813965
16013,-113.98486933587525,43.41673633853079,174919.0,3.660223804679553,0.5572647194843483,0.2040910339046738,11.759870798046071,3.852077130965113,27.125274590282395,32.50796673121947,6.661614446339279
16015,-115.73647671052746,43.995872891344845,52100.0,1.7579803880659295,3.4422744035523443,0.0780838413486866,7.600003763076692,3.2470648001806275,25.263415368405205,28.319033641905623,24.941672311281703
16017,-116.60176676561528,48.30142667947173,53298.0,10.353898713826366,0.8380537739774044,1.8652928379161204,6.227540313276369,16.63308421877902,23.746504064968914,28.748001928913453,10.51910802312402
16019,-111.61913362554718,43.388941348240955,57394.0,26.48356136410047,1.3151404231318224,0.0049448153791217,5.049787433094602,6.502131444020839,13.092992847703536,25.90869103638518,7.7963496434439215
16021,-116.46295092087448,48.76338672465708,45542.0,4.099601593625498,5.021798192961395,0.3684481311321521,8.006932096146729,19.16544061233516,0.0,4.727184106725397,17.511666320663604
16023,-113.17206581171968,43.7248376830015,53655.0,0.4648592643757555,3.0170328456789473,0.0616579547964367,0.4610542590002209,0.2825880039124536,0.0,0.6418869174703674,1.3124336092384388
16025,-114.80695743163248,43.463650095581336,64410.0,0.4183381088825215,26.117184083952775,0.0,3.9256668124180143,0.0,0.0,4.742457367730651,8.810668998688238
16027,-116.70225795477008,43.633868845140185,46187.0,176.01959412176348,4.153446786802556,0.0802225084335031,11.797325791689053,12.64809391064006,19.32911576957544,27.538244006175628,8.153369212453992
16029,-111.56536239172104,42.77087303601148,49408.0,1.5564672856834376,5.711107182353693,17.017841156158077,2.8451622367837017,43.8117368702181,0.0,1.814490344033764,3.5937159107152263
16031,-113.6010687011931,42.29102726988173,53927.0,3.8378014078178824,31.514321309676983,1.4758957930332233,2.6845830136069706,10.651531817514297,11.11023581460442,15.894606520180934,5.82752963121813
16033,-112.3469407919764,44.28725323734477,50251.0,0.1756435215228206,33.866327691175485,0.7744028902120826,0.0,0.0,0.0,2.0154546062755068,18.062152940389375
16035,-115.64835696006226,46.67607982332254,42698.0,1.3864333947206875,6.320310818152929,0.042030159202042,3.1721493813365593,5.958441398681688,10.151001035377092,16.542660611590073,16.961937077776295
16037,-114.2902165095708,44.24750443822056,50545.0,0.3492863791498604,13.200037285607754,0.0,4.95479120059657,0.0,0.0,0.0,19.678877703206563
16039,-115.46414525353288,43.37045614103689,44645.0,3.665672383793189,15.319384878320456,0.010249558219343,2.5031150012781076,3.899154226213924,11.908010832424663,15.612052986511337,37.36223297122344
16041,-111.8136180496663,42.18192730404086,45398.0,8.79536231884058,13.654136502651854,1.7160494261651786,5.551645133929985,8.322628554133335,0.0,0.0,13.780658194347172
16043,-111.47949304866052,44.23365778323324,45667.0,2.8368336025848144,16.120582947746897,0.1847499336889569,7.896724234475848,2.290309746249742,0.0,2.671782440835814,15.683851050661636
16045,-116.39806661086592,44.06176663871954,45478.0,14.185362517099865,1.2283026344961707,0.7164516787908306,8.833269613824864,4.624465148920347,0.0,8.488136824114953,14.614112910969007
16047,-114.80943349914249,42.97863045503527,72604.0,8.716401535929785,49.41395593732076,0.024354912761084,2.0346844480846102,14.439474544346924,7.176114634695385,10.27891780248738,4.468268028676479
16049,-115.45526744625124,45.84998522604279,43783.0,0.8034009275256888,12.07894431279427,3.5208653259609237,6.687174656442109,7.660241156951537,16.51105779687932,22.415200116440896,21.200420626393164
16051,-112.30524285509868,43.8188392203122,47582.0,11.485370051635112,12.334112015873526,0.0130085174443435,8.061205858221266,13.89411536987682,0.0,2.563304853039017,7.964503987580784
16053,-114.26470314041268,42.69490037054812,47340.0,16.852371409485638,26.030061943030837,0.0095562668386027,3.011260275865246,17.687843968038315,9.6206852879545,12.357174108273655,5.292675063900338
16055,-116.70118162325473,47.675034930086234,59860.0,53.83983572895277,0.9824567146955194,0.0,7.5257092815314675,7.221873248024488,0.0,8.417226957813453,12.46354867883143
16057,-116.71255271152997,46.81659669104643,51663.0,14.813620071684587,4.429543147529165,0.2605706623997166,4.401767917131783,2.1197191486760123,0.0,8.585076005046975,26.6357080891801
16059,-113.92954102599715,44.946761388838524,53489.0,0.6864954432477216,9.413772991735067,6.135112451455965,6.379219596853352,2.608646172667397,0.0,6.411084399049746,25.817602458141884
16061,-116.4236586619826,46.23783787052278,59204.0,2.9744612928970473,29.79771590654624,0.1549951920754866,2.4294288888205875,8.043064953084317,17.665061097963108,21.6172189559559,16.401389248690446
16063,-114.13951018335244,43.00261489704811,51707.0,1.719000320410125,56.6916464864629,0.0452691057442677,4.960239544472806,5.838896524641665,7.933547134411064,10.004199664026878,11.401269716604489
16065,-111.65503687191207,43.78677400374694,27779.0,46.73440134907251,4.826695101569429,0.0,4.416971056250763,6.078068500890751,19.913020743866564,37.96226973616689,10.861495446850393
16067,-113.63505303903924,42.86162625622183,49931.0,11.456140350877194,22.357204480997837,0.0289480679814797,4.141775405395268,16.140953443352302,12.96726666634049,16.508797766350767,10.330464620568296
16069,-116.74068062312628,46.3358851517216,53085.0,20.303588290840416,2.5751394859599377,1.0255556571846702,3.87311808286838,23.362663495838287,16.17232232690021,26.833879081679317,12.691960120735388
16071,-112.54005171884369,42.19517317704859,47492.0,1.5231362467866325,17.861668631129263,0.0,0.0,1.3983653457730851,0.0,2.2256531146416103,24.66202942820304
16073,-116.1693983881603,42.59547300121328,49122.0,0.6297753648453455,33.18174476865202,2.3106670320277725,4.886462826624662,2.9452702371641206,0.0,2.1348218773874743,9.02272558174985
16075,-116.7596028144091,44.00763641497589,48419.0,25.554079696394687,10.08355327803036,0.0446391712356794,4.767499779979695,12.3403718660716,21.371456879195694,27.88777784935369,6.8303375791959695
16077,-112.84227310166136,42.69444342654998,50721.0,2.173982869379015,21.49055094439604,0.028193461494695,1.2048458785744978,22.49923147341407,8.54737435651821,8.54737435651821,8.307899773942788
16079,-115.88695739091496,47.35861578356677,44653.0,1.993854509075318,0.0996303867517396,32.96888228127774,2.115338949802804,2.1195977616717254,0.0,3.2959332218298956,9.394680873030625
16081,-111.21107202077008,43.760154311323255,64985.0,10.89670138888889,4.704790785037001,0.0611011790264545,15.903714290190562,2.1463747504164803,20.544444579838004,26.53288235672992,8.012610169255488
16083,-114.66926003671,42.36642575910595,50199.0,18.46953616352201,10.423872083358878,0.0626399015610478,3.957000641773071,14.08692828434353,16.384768360793835,27.940939628521573,7.714813521144295
16085,-115.57472361695837,44.76861141710143,63321.0,1.3063025210084034,1.908349516807694,0.7967471216534887,7.671400332917187,0.8859007259444213,26.57543232995792,33.68705784436122,16.417123271836132
16087,-116.77440029950188,44.45368802155778,43680.0,3.046245919477693,5.589251439539347,0.0289652765660443,3.1125458035246902,11.341825161402896,15.477403594486129,18.28686093177456,10.660617693247252
17001,-91.19278432455624,39.98716631220673,56962.0,28.091423595994776,5.386699697711939,1.5871752404944977,3.601435938112408,16.584089053485528,16.48559174261107,32.516145459488094,7.067833738773588
17003,-89.34053850078797,37.19495415178783,49326.0,7.362121212121212,11.777767307080678,0.0,0.0,8.341677170084695,0.0,0.0,17.64161945036693
17005,-89.43413303979845,38.88734399360751,45054.0,16.6993006993007,8.160102717786389,0.0,2.002969860368009,26.28798474338761,13.967919573699607,20.22296880837387,15.621978045691613
17007,-88.82341519285903,42.32605478864891,55333.0,71.44549125168237,1.5658106470814184,0.3393442720098349,9.504387125066062,25.379115808572983,0.0,3.3826681758211685,11.161458162175208
17009,-90.7534204102461,39.96273808812245,46925.0,8.0625,5.6684317417370425,0.0,1.4467221596846085,0.0,5.617279899850078,9.352037408149632,7.14173939819185
17011,-89.53042775907294,41.405489378784054,51702.0,14.663989290495314,1.5478545634572038,0.3181399881260829,3.7233677772719647,15.826011193354786,14.677676709422782,23.282739648367468,9.87566349920024
17013,-90.68177385551482,39.17681947963937,57249.0,5.8979591836734695,26.0799392385835,0.0,4.412323174784012,0.0,24.04506471723789,29.166271084527988,15.082755783410867
17015,-89.93634974430064,42.06970757512224,51854.0,12.832508250825082,19.036966158604343,0.0512365304484726,3.9027597193036625,12.325912243135305,17.166633174389187,20.03707661657908,20.944029746465677
17017,-90.245756913719,39.980812077786375,50681.0,11.625688073394496,14.205873776090709,0.0,1.882262520820668,0.0,11.019755539409756,13.273948092900955,8.069151801821839
17019,-88.19934757067077,40.14050081878455,55063.0,80.50812693498452,3.0652296546582245,0.022398548084753,3.704054304682731,7.29226384295443,16.828766085394246,30.564843177759787,26.206803697333285
17021,-89.27741222517405,39.55350848497112,50287.0,17.5104821802935,14.663369742411176,0.2006072057071354,2.109117557617241,17.712509534326067,12.729434520990472,18.064619050705165,6.578360943412218
17023,-87.79208150426801,39.33536983908749,52495.0,11.902190923317685,19.491966558056735,1.9155210013764676,3.7313353557948985,22.314256532910026,17.54199592371303,20.089902918809653,9.752584860676276
17025,-88.48939512443961,38.75387325219743,50201.0,10.707957342083676,8.551274503720677,1.5251972329126606,1.0599802956261437,36.03463853370401,13.576343854944332,16.25171959253413,12.313417588953444
17027,-89.42071969083304,38.608266564234945,59991.0,28.649883810999224,10.972669442952125,0.2563672635566338,8.031221234819684,10.496822784247032,19.422797250177084,26.59286811731574,13.775531503539934
17029,-88.22149643335723,39.52046374180824,52366.0,35.33131618759455,4.116481018148768,0.1909222868398079,2.9895320804064993,7.957584029885624,13.214362708387942,33.22933396338442,14.837089021758418
17031,-87.64458796695614,41.89668906237078,72949.0,2060.660778803693,0.0078968262229849,0.0235454985918886,2.8046917918295713,7.281342566898977,24.47123390341362,33.61767787143799,8.15256251470574
17033,-87.76689530038975,39.00212516522401,56899.0,16.681081081081082,5.732562202184045,1.059376107324011,2.640975510638983,57.72010813677171,8.850043239841115,10.434244467406575,7.7419758501151
17035,-88.2400753915214,39.27342128641977,94219.0,11.465478841870825,70.30291184022917,0.0947309171542443,0.0,0.0,0.0,2.2800304306850308,3.110223639581302
17037,-88.77023449074066,41.893768410157875,50823.0,61.136170212765954,5.006491294687911,0.1609933089731678,7.550315919897827,10.528759224433566,14.86871636827924,22.84197756291131,17.979726612314735
17039,-88.90428755219673,40.174568186687466,59276.0,14.624404194470925,7.809113527096641,0.04135501121322,1.909496288676196,4.420917498270802,6.567127199148366,6.567127199148366,5.237147609455663
17041,-88.21741441293139,39.76955751150202,68340.0,18.225716928769657,11.253814706634468,0.3634724676521649,5.659766289969658,43.6627795961522,8.867864567203272,10.98082239103754,5.68776723188086
17043,-88.08572934442775,41.85227232096009,89732.0,1062.1618828932262,0.0019154230057004,0.0609866924255875,3.8331793915014782,10.607404909098392,19.647164723087823,27.33831118239079,4.842356028417835
17045,-87.74472265924652,39.67920672567654,57163.0,10.133251079580504,16.794981190092642,0.0,1.7646427857023443,32.151654334492626,0.0,9.25478364982746,7.948478344689498
17047,-88.05237267187424,38.413107572711795,50910.0,10.345826235093696,20.325825777720823,0.5045974433729535,0.0,0.0,11.788357415179572,11.788357415179572,6.96120206324288
17049,-88.59001276192842,39.05989483348008,64015.0,27.623491552695093,6.3907524041992385,0.165446698705434,4.930186143220819,13.497653188585618,12.24375690591423,25.657081362279925,5.67995530023612
17051,-89.02325320404238,39.000736629813105,45438.0,11.387907972177636,18.417099171458688,1.6370695521073768,4.306546944003416,6.5194593801283505,0.0,6.500513668930368,12.926445277581353
17053,-88.22344907002989,40.597930917939074,69110.0,10.540111199364574,16.898517153002288,0.0352129766480862,2.0531068789977436,20.127261601010325,8.881474072304613,21.195737516761852,6.156560700985677
17055,-88.9241347969226,37.99239861227067,45836.0,33.267202859696155,6.461857134006152,10.96545649702188,4.917873571013532,4.39919355513916,18.62174286532404,27.697680298866857,15.452310742495255
17057,-90.2109945242585,40.4757270648381,48431.0,14.755138516532618,14.81839858685275,0.0087629888248832,2.943810793234973,3.3902620133658643,20.801675114495367,32.604959851674884,16.290672951420756
17059,-88.23378620590971,37.76242211797647,55256.0,5.812725090036015,35.18865468356756,3.207971943007959,0.635570507486459,3.976782532786759,0.0,0.0,9.259930470117975
17061,-90.39581922653778,39.35459586991921,53745.0,8.074202496532594,37.37046344560574,0.0,1.9258433750987896,1.800635805812828,0.0,5.224308028380382,11.942670917212045
17063,-88.41851510417091,41.28514190369623,59222.0,47.67085201793722,2.2072874214362637,2.1963225029152835,8.289914722148396,19.115362514813548,0.0,4.1257497832152135,5.280044588139259
17065,-88.53902681962799,38.08158726282839,53278.0,7.070921985815603,19.957975702920542,27.548970903878928,2.441830338785241,2.817862227810672,9.794180775785636,11.895395629758337,9.731429562952064
17067,-91.17145121552986,40.404872799033,57229.0,7.949308755760368,36.903362011649946,0.5081966399730086,2.4881416649300903,3.5205362547507764,18.018095124686177,23.16915245154952,9.743929425540571
17069,-88.27060557297483,37.52168729073738,51645.0,8.026845637583893,9.68361517274072,10.703631355689778,0.0,0.0,0.0,13.852767856413106,11.68114686434929
17071,-90.93005899854592,40.81877987495068,58142.0,5.791549295774648,44.93216187391836,0.3832375564992167,1.836493122428968,1.8517288662653288,0.0,3.5190661661008606,11.0756044488372
17073,-90.13785650056651,41.359441580879775,56612.0,21.916516245487365,13.341265460955809,0.0981819604677312,6.729866262474824,7.272570009349683,18.95596587983805,23.130526918435347,14.181140825984704
17075,-87.82421013178791,40.74788595713282,57143.0,9.11559696342305,28.511534622578168,0.0430339975777184,4.049369638291334,5.638964910020804,15.102558363959677,20.67308626445471,7.789513377600301
17077,-89.38771041396805,37.782622562484974,46558.0,33.024299065420564,1.6797565468149482,1.6670726176140973,3.4718098858348556,4.091724698088249,14.69288098985514,31.51421659781804,30.192153375767433
17079,-88.154031588684,39.01023557020271,56385.0,7.125678820791311,20.73134031145521,0.5518815026867915,2.881282592974665,3.3566552926574005,9.270291676710633,10.044662575217435,7.347090943663469
17081,-88.92388066354982,38.30069932611419,47888.0,24.08399470899471,2.2349673668818433,0.7531919825956703,2.3746834765861835,25.383394557580512,14.083776168907594,27.906621134847892,9.471495060451511
17083,-90.3602452504155,39.08574833996187,53237.0,21.414732593340062,7.024034129850527,0.0,6.114264152105778,5.1170133300476675,19.69689735632272,29.07613759751111,17.370030110044127
17085,-90.21093827979072,42.36829913155502,57354.0,13.767632241813605,4.312195084642544,0.4706559450547664,6.310690285825732,13.695390095670405,20.92263096960096,20.92263096960096,10.91820452835456
17087,-88.88096880413273,37.4596693680939,39247.0,14.840531561461797,2.751515236153395,2.200234617210848,4.380219534675865,5.332653688238416,21.136147808842836,25.253819512331372,30.31100745747563
17089,-88.42861136917489,41.93949428949531,64200.0,379.5652173913044,0.0197693288963835,0.0993764205931457,4.655663486214149,18.38926511972042,17.58810895070209,25.17936363413243,10.630667033020316
17091,-87.86022808128598,41.13793903609206,50881.0,59.9441309255079,2.1132936983173964,0.1098254330211775,2.180812044214595,42.143163061511785,16.083600127048463,24.868057475055547,7.125386071250171
17093,-88.42869768576546,41.59067142967693,58095.0,164.7928143712575,1.0531075449188358,0.0,5.726159341134481,11.074365018484666,0.0,3.4333766857873504,12.648411884738977
17095,-90.21328189890806,40.93220794005371,47652.0,26.119571045576407,10.580631586651052,0.0451917447306791,3.2959784836065578,7.458055840163934,0.0,13.794322672716628,12.14747694672131
17097,-87.63473749362572,42.32624378043117,93358.0,587.5767326732673,0.0148733821170274,0.0552413610559396,2.505498266781588,25.463223610189793,15.982118334347922,20.78176216207645,9.006223377030599
17099,-88.88588917205938,41.344613698219376,53684.0,36.38533960995292,4.511765895180324,2.847341807044575,2.8695575461382155,15.774073039236455,13.21042769521025,17.096144141399893,7.291656052629179
17101,-87.73366930405192,38.72052815804504,41615.0,16.061290322580646,17.654210401895053,5.481732116064062,2.1163374496847203,23.31284002515161,18.63486585540398,24.15889255727861,12.283923715362262
17103,-89.30142961340184,41.74688645381265,51953.0,17.89451476793249,8.95408383432826,0.2741109353415508,1.9349007200580055,19.377121142666372,13.892060033602364,23.51152439065356,8.766071846626042
17105,-88.55791124309465,40.891813910351054,58353.0,13.11410635155096,16.301763562104203,0.2004785226913468,2.817904082684375,14.593055762003246,11.425351742850266,15.720134396817697,7.993109635418828
17107,-89.36766891132979,40.12488427428447,48522.0,17.262172284644194,18.142235123367197,0.0,2.1297661928629767,12.67113930298561,13.167443281643878,20.31335386025631,9.517254954960247
17109,-90.67783086010716,40.45646526021556,48836.0,17.624183006535947,14.59874372554711,0.0,3.683590864155301,11.368708958353883,15.607765879608571,19.39163444130845,27.841644980047363
17111,-88.45289439159994,42.3254844576469,65707.0,196.0534255185418,0.103026755047216,0.0,7.82692589644226,17.349761164933668,0.0,6.623334253066106,9.833500560633784
17113,-88.8472617750359,40.49110709921661,60473.0,55.849934895833336,3.1462725753099137,0.0649922954877669,2.662705193566407,2.4348636018441954,48.03758064768903,54.13122427236121,8.633874831758474
17115,-88.95922710734013,39.860568897403134,57306.0,67.57933333333334,2.391122654103378,0.0,4.84575740686021,40.232130198798885,0.0,8.0618726236266,6.687357430137945
17117,-89.92448598985644,39.2614345305157,51683.0,19.67927046263345,11.94877965238317,0.0,4.720060154317713,5.363692437405122,18.239175566969983,26.45688771666938,13.253001466700626
17119,-89.90806456283562,38.83018628288135,56523.0,136.21310629514963,0.6867507200779439,0.1677191953207357,5.886763354847986,22.7774188760916,14.793518416619204,22.6992831511653,9.723434675053364
17121,-88.91885149498265,38.64975878072726,50917.0,24.70060281312793,6.074883379119579,1.588567211160279,3.14937881048279,17.11417334010402,17.114614906655984,29.442206823464844,12.213604665466027
17123,-89.3466300577339,41.03217781161995,56543.0,11.187140115163148,18.69930044582986,0.0,3.727028888325057,30.69176120917757,0.0,3.32831925767516,7.092138171010186
17125,-89.91474542958292,40.24855172166761,56186.0,9.02555003548616,26.869470008581654,0.0,1.6296931974735072,2.24849327770051,0.0,3.564183246365947,14.703406688433171
17127,-88.70758453428235,37.21813933163877,45986.0,21.78930817610063,2.464771817453963,0.1006138243928476,1.2285828662930345,7.1776087536696025,0.0,4.079396850813985,11.334801174272751
17129,-89.80617718476944,40.03151112082268,57457.0,14.29112426035503,24.25242342570395,2.0733505070208618,4.27148324076418,1.6942388730884346,0.0,0.0,14.500052116681806
17131,-90.74573030958378,41.206240507775576,59758.0,10.37591973244147,36.22294079284563,0.0,2.5980925525774037,10.521270201284914,0.0,5.511879402734995,10.162495721780353
17133,-90.183328144139,38.28350721437841,69659.0,33.467111534795045,4.4641746150515225,0.2746610080913424,6.206044698984476,2.703722813869261,30.175796317833637,35.82248155515701,10.09435198749716
17135,-89.47896233448482,39.231364824569525,43433.0,15.226456178551986,14.893664811614425,6.452648602368758,2.686654722455645,18.956612389212157,0.0,7.549626611279352,8.8668590424548
17137,-90.20271876212878,39.71589247519033,49869.0,22.175757575757576,7.498864659624176,0.0,2.078362155112725,21.914956373278063,13.834298047526676,23.353262263366716,9.13432702276559
17139,-88.61944481289231,39.641454438798895,82616.0,16.099775784753362,12.14244953789067,0.0,4.994068903946832,46.45897793976377,0.0,2.956562965681847,4.088680639392227
17141,-89.31996516183793,42.04348939425059,54973.0,26.096905124302385,4.28972716906413,0.1257753287561338,2.55047416866909,11.150288016862213,0.0,2.702684458106258,6.665309365995675
17143,-89.7706678226229,40.790191408079494,58474.0,116.13728041639555,0.7991661874828517,0.0410971742947632,3.4663976352915973,23.57499404260904,16.09692920188216,31.88768184094426,6.757158444116405
17145,-89.36716312145028,38.083764243673514,45934.0,17.70552677029361,4.585089927512056,9.065921567438052,2.9301001890550284,19.79390979952079,17.761441873161264,24.162647983581532,17.331265859897083
17147,-88.5910991753151,40.01071756072725,68019.0,14.642669007901668,24.987614010792225,0.0,4.789497874982093,4.081407287140061,0.0,7.023303567164891,11.795341674227592
17149,-90.89471680830938,39.62203983360313,54926.0,6.672191528545119,31.790359303848792,1.1210051358825608,2.895561724159441,1.3636340007901355,19.862428004075436,27.50517227039278,9.884234711912336
17151,-88.56383807959942,37.41750328844475,37853.0,3.971458773784355,1.154617749361352,0.0,1.288842062724609,0.0,0.0,0.0,24.47067992552715
17153,-89.12704005838181,37.22500458163984,45358.0,9.737254901960783,13.63134885447384,3.1391128616501347,0.0,0.0,0.0,0.0,37.9389808838389
17155,-89.28745141130707,41.20751777811104,66871.0,11.859275053304904,8.319791054382778,0.0,5.096507022923909,34.105531367109684,10.955282552668605,10.955282552668605,6.088839123045457
17157,-89.8263408996963,38.05756860512049,46618.0,19.894910773298083,3.623284212260255,3.4252357616439486,2.798741593100653,16.96096684490124,11.084536073536391,14.988610182128712,11.925605307590104
17159,-88.08441049091168,38.71294483204185,52381.0,16.633832976445397,14.318159296586042,1.877716743576902,1.752241020518026,6.330163185396072,16.75870897934806,27.000715091100464,10.642269650944485
17161,-90.5751108348864,41.46884603738306,49671.0,128.10478771454382,0.6034983026847293,0.0,2.696428157522657,11.424897750188064,0.0,7.498243684322538,14.123424636462673
17163,-89.93372141256067,38.471686322456954,55856.0,142.9886941775014,0.6455120318941002,0.1012492069278833,4.678752121192887,11.711078260716508,14.863704939569171,22.45956899014017,19.61550370313674
17165,-88.5407930341103,37.75319527535743,48435.0,23.11788211788212,5.601892444255931,0.2052187822138095,5.433813513630431,6.199928463581315,16.864868971236664,28.44954836041272,16.809792259506274
17167,-89.66450980611812,39.757894275029074,57326.0,87.0949395432154,2.381145712868174,0.2276731148055846,3.787776949885659,2.7598640285564353,18.42936027388881,33.691829300966134,15.45228247233944
17169,-90.62127956500196,40.15967022590926,53056.0,6.058295964125561,34.101144926238845,1.5243046016218502,2.9816237640877787,2.3886328487950337,13.385975039434978,16.686165500338014,14.571030804041351
17171,-90.48025399645984,39.643484484544615,54816.0,7.098550724637681,36.928329576428645,0.0,2.708743999170023,0.0,0.0,0.7139690833466947,9.475888217152235
17173,-88.80568166974854,39.391246766860895,52884.0,10.399799095931693,20.709235589873945,0.1596684332110341,2.3433690638913536,10.242260377448982,0.0,3.2446264278234738,7.429178357033804
17175,-89.79752035008096,41.09364251604601,62104.0,7.127175368139223,31.347114317425085,0.0,6.20809054753977,14.396619496855346,0.0,2.611103403625601,6.160111450240473
17177,-89.66163761066909,42.35273328941973,52551.0,29.70904146838885,7.194723244497352,0.0,8.198983906645866,21.03374862361234,18.01645681871155,27.333384533912497,9.641277430635869
17179,-89.52087518777456,40.50965312850209,57019.0,73.78352272727273,2.7913620740911727,0.1258209265047709,4.728424534930246,19.96762104230214,17.602485732500416,22.250379951575148,8.988340129204047
17181,-89.26041123633154,37.46947860175458,48416.0,15.0364768683274,5.6944725862275725,1.544260247859042,2.72008137914494,7.182908725514927,16.820630936480434,30.552534621285112,24.60623327861192
17183,-87.73209613726287,40.18382981224579,49528.0,30.715381337878146,6.95338775798343,0.1384651845278014,2.549201530882375,20.395982190129946,15.541052960663986,21.87810424724053,15.511781642521822
17185,-87.84158759101842,38.45755231621046,52689.0,20.03804347826087,8.969562716585775,7.427971117142898,6.471785023316394,4.6732614906330365,17.233216236386887,21.907903806205343,23.339449628506372
17187,-90.61494581159512,40.84918975234729,56194.0,11.64153627311522,24.098958123972334,0.0,2.601531708979122,27.174626691397584,11.332961986742545,18.500238312631716,7.519289924065364
17189,-89.41398408332402,38.353473099057595,60503.0,9.210526315789474,8.080715032409879,8.315286721120417,2.9149562481031523,28.707314244637217,9.05116080909138,11.429694703137685,4.897794351691392
17191,-88.42565359178342,38.4297703774637,50431.0,8.582298974635727,28.326795724880498,2.487890866934523,2.8548968540075275,3.3146468897393957,16.30532484238276,25.48190379393035,12.03766932935254
17193,-88.18739389509936,38.08752334429563,60434.0,10.917534027221777,21.470393856049924,9.976334896045342,0.0,0.0,13.689388158780622,17.71570610695884,10.010849730459263
17195,-89.91638999731423,41.75808895885354,52664.0,30.001098901098903,7.754323531386223,0.3924614934045075,2.912956909646069,20.26447625939934,14.682928736517436,21.38911450506696,17.11058340286246
17197,-87.97763615843408,41.44524116844238,64368.0,316.7693701857725,0.182970383366465,0.1774377158856219,5.217781552433431,16.574410354861104,16.68943473221283,22.951929385528945,7.5380125666496305
17199,-88.92995931477473,37.73027115246638,52882.0,57.83231972198089,0.4926656553222737,4.008665560347824,3.988383366083308,11.282249475566536,16.537883791894963,30.815718958015857,19.253294855331312
17201,-89.16028772464,42.33829556091172,50898.0,207.8710390567428,0.3036746784609736,0.0,3.575325874530338,21.616118438984188,16.749208940691076,31.39420396684704,8.426438157690773
17203,-89.22137348029126,40.79011626913264,63567.0,26.363886974500343,11.626273357140866,0.0,7.053864284674495,14.053216959305226,0.0,6.003276891103767,10.184812941551783
18001,-84.93851294360994,40.746324355917515,49725.0,41.66168009205984,12.963408488180924,0.2671548451074273,9.765554289298777,33.105655297190566,0.0,2.743444329090468,8.598374734345894
18003,-85.06606424003847,41.09128808663608,58206.0,228.90776415645067,0.4631024252656266,0.1109834340869933,6.05052773487289,15.99060863709746,17.070296273525386,31.675858612755817,6.829083417191588
18005,-85.89774448268052,39.20596536548011,62368.0,78.85687382297552,0.947590246721094,0.1680081248744778,2.7889634523545688,49.26763890451376,7.381601233176778,12.24213227551306,6.947245734583795
18007,-87.31117794071157,40.60635793492123,54863.0,8.239316239316238,16.968619237273767,0.0,1.5596426983697769,8.739590542231348,0.0,0.948557303769022,6.206030496216617
18009,-85.32481118383829,40.473687252645576,45313.0,27.75058275058275,9.28866724315616,0.4733531550954169,5.012141816415736,32.70638126488113,12.003695850460204,18.495125504921877,9.088001516246342
18011,-86.46868694560648,40.050826735309926,92062.0,67.94794520547946,1.2300180637845806,0.0,9.084056333293768,8.922297456257429,0.0,4.138850845884297,7.802823015767133
18013,-86.22767332656164,39.19640867731442,58766.0,19.068376068376068,0.6681689476830168,0.0,9.482330425119336,8.818932108310158,28.341756770788024,34.186340841932164,13.641759296416131
18015,-86.56546583747786,40.58425938030502,51143.0,20.904179408766566,17.78547886777821,0.0,4.131007773407928,0.0,0.0,1.5611440388485756,6.929711589948116
18017,-86.34613537403379,40.76180206747282,47189.0,35.07448789571695,5.67683180799928,0.0,5.032983238211025,32.54798329449641,0.0,4.20091632614006,15.411502482185671
18019,-85.7110552990722,38.47773998635897,53672.0,129.89132706374085,0.4201443199237054,0.3743395762587936,5.485965146691783,21.709322191307717,12.791087842770793,20.34349305136963,7.24920771100019
18021,-87.11579351645449,39.39317454672267,45397.0,28.272240085744908,4.914126169477307,0.6123485952708617,2.766784809915269,44.94225518315682,11.32140632548065,15.826221958367809,8.957567549802231
18023,-86.47534804768468,40.301763361759555,46819.0,31.232380952380954,7.097968861762406,0.0,3.633053344083796,47.38429148773121,10.435920898643966,13.433601928424338,7.2108376204779665
18025,-86.45202535715006,38.29389132264994,41770.0,13.299620733249052,0.9837893814474052,13.366790138208469,0.0,0.0,0.0,3.173085859189336,13.520355102384018
18027,-87.0780813861931,38.714349367029506,58145.0,29.56288478452067,17.745356899415526,1.4915507514771802,14.774278205742776,18.824468532489707,8.13051507675764,10.83879476754956,8.269835184312763
18029,-84.97318964418191,39.1432955313798,58067.0,63.32422360248447,0.0629064955265295,0.0706190042246451,4.623713594481463,12.581514538509762,12.3775854677378,19.661209743612947,7.322186819365721
18031,-85.50120511772153,39.307081930170625,53286.0,27.41761658031088,5.27994039388027,0.3857980842694146,2.4268943914338017,39.638241826114765,8.506500476722675,11.45138949878394,8.978171784331925
18033,-84.99791839580978,41.39837309017481,55214.0,46.15806111696523,1.6944950119715063,0.4069776440599063,2.768686206038497,57.05143163978088,0.0,3.126640798846545,5.070150289733079
18035,-85.39693593706819,40.227767723461675,45752.0,109.3401559454191,1.0250841292290027,0.2319294502789958,4.186236313315639,11.738236935444418,15.287227692189884,32.20423043602379,16.17852239256921
18037,-86.88170094405439,38.36875457184948,65393.0,37.446259673258815,8.80100448985403,0.0718329771956663,3.387780308272452,38.395341520105326,8.386031356910879,17.601393770686403,5.180675171394304
18039,-85.85687112977025,41.59810644264577,58363.0,169.52618657937808,1.7014019260409865,0.0,2.5805084027362257,54.64037843411683,0.0,4.683464138235436,3.541804896197123
18041,-85.17865068440615,39.640202797031506,47731.0,41.90664272890485,3.732384764688491,0.3972284392890025,3.323207301772592,23.988430894047394,15.386053038345644,28.22803639243657,12.015356027286668
18043,-85.9079419591534,38.32099213722,63479.0,212.82849604221636,0.0403040764071545,0.0596794640511619,5.768715098413889,22.45740957334906,14.70125931844417,31.735140903487135,9.699547962123434
18045,-87.24569954654251,40.130044117212734,51312.0,14.982851985559568,10.8798789815729,0.0,3.2415207279704767,35.71872515270672,12.491804752391152,17.641907590155473,9.34141982761694
18047,-85.06184278622118,39.41482384256896,55337.0,22.92361111111111,6.714080750140107,0.4044816915418607,6.02436923359176,30.39259950435943,15.582864997427198,20.801567474053403,9.968567386621146
18049,-86.26364579836843,41.047083427564885,49865.0,21.1789802289282,9.749174841581084,0.1754971076328591,8.237898634894714,28.9464423309144,11.631801087944062,14.120041861695398,12.681678607983624
18051,-87.58999603338418,38.32081089267495,56746.0,23.79524152847873,2.4265483170299924,7.232268972541703,1.2832763772045634,46.24749787223033,4.258980872162231,6.77698606277305,2.654055527771086
18053,-85.6547504099763,40.516007496851586,47619.0,61.47113594040968,2.81814383843136,0.9483101776862076,2.5872955602413388,26.66758221866577,0.0,15.41434903403032,12.269019997899216
18055,-86.96202441735603,39.03662099954944,50986.0,21.992922859164896,14.996037738670177,0.6228724650249448,5.935542231725004,9.038441410864072,12.866259974183,18.579392253903706,19.34841983024576
18057,-86.05218895498436,40.072397834532126,93725.0,351.5009596928983,0.5036182210851958,0.2378666503620619,6.369892887887935,5.134568062471214,28.65635820017844,36.67566866675314,5.66368845376974
18059,-85.77339999517508,39.82339183754159,62965.0,104.683879093199,1.4450470114402725,0.0,8.354007367529869,21.31933444281039,12.025628274796974,16.118003992089562,10.41830756971524
18061,-86.11281658589901,38.19802074771139,55001.0,31.96067415730337,4.963286735261604,1.330066109677364,4.655264461864051,21.520145490245632,13.047548292216286,17.470075993381755,11.686851960764209
18063,-86.51045206248315,39.76958486771316,59120.0,173.61116367076633,0.6784172522289742,0.0807047478595662,6.679639024995747,8.099395148518067,12.69452775931398,18.436634660250593,10.53046355010635
18065,-85.39653030292781,39.93110792944399,46947.0,47.77788649706458,3.688537187074509,0.2151552326130036,3.8808827296135022,19.75594170856981,10.859731190768276,14.851534800954449,14.971407001981692
18067,-86.11683863801993,40.48370069300364,47672.0,109.82128777923784,1.16369741310619,0.1043758520865938,3.5281432319138504,45.41767892372751,9.747474962680156,18.74400787445192,7.362373114046648
18069,-85.48830745048214,40.82930009459685,50903.0,36.65239043824701,5.681905481532308,0.5371348109451741,3.689539446890059,28.18763306031085,14.754684933179124,20.87843220619915,6.1215372747775
18071,-86.03886765834874,38.906233949128435,49739.0,34.771364317841076,5.519609672244357,0.0041696480664854,3.284100036248546,42.61508152575031,8.040085839966473,10.878337886974537,9.93118863274805
18073,-87.11702084685204,41.022830433027,58154.0,22.935906271536872,12.953884336656603,0.0,4.399211040361247,21.26993539494491,0.0,3.716957558537761,5.996209526708778
18075,-85.00957455557271,40.43904611193607,55134.0,20.717078189300413,33.28146831861691,0.3750369601641901,4.056269313497562,29.409565000608755,5.443507476099094,7.634303090739378,4.9074401535223755
18077,-85.4409694475345,38.78593758007493,52680.0,35.37849462365591,0.3281299505068565,0.0,2.613039136086813,27.853789110102532,7.966452917745579,17.008278314451424,9.358456990875125
18079,-85.62822946816645,38.9970224899823,50202.0,28.0,6.014659657792383,0.2757901180234259,9.198365588899588,30.658723970841535,0.0,4.614932655381873,11.15905572323138
18081,-86.10147269273742,39.49019650364129,59090.0,198.9820143884892,0.3235611561193121,0.0889674148000967,8.914453341488226,10.690115067243855,18.40557605312797,26.72887221150411,10.404861593093518
18083,-87.42497570640195,38.70294092808331,54761.0,28.808186195826647,8.553085818059447,12.8021726174935,3.5322025974930193,9.725513501775012,7.528444529541116,14.31037298037002,15.708044370730834
18085,-85.86076133783911,41.244386476800074,57999.0,56.22020905923345,3.9942129715857937,0.0215767102193374,2.647330533996356,56.98851878319962,7.096273389812928,11.067319335884331,3.5162730803461675
18087,-85.42417315697479,41.64189743763173,54382.0,41.361336032388664,13.753812263458482,0.0513639033532749,5.2302274253748635,45.690109225193005,0.0,3.5323954961567665,4.355482032746489
18089,-87.37464777756377,41.47384620988443,53446.0,390.37080405932863,0.1385870795758081,0.0,5.674354705344598,28.151234240330147,0.0,10.58747403632037,7.338278513757782
18091,-86.74275804328673,41.54857063800805,50715.0,71.44408945686901,2.1374640272303216,0.0,4.930772798689658,28.975117299268625,0.0,8.704934120221337,10.498421613269183
18093,-86.48364749504731,38.84141296871741,52224.0,38.74293059125964,2.0616451503555195,2.130724498839245,5.713690605033574,33.27495039297631,11.924122403471236,22.099032013960564,8.176567748229111
18095,-85.71942628093078,40.1616472077084,46714.0,112.03066439522998,1.4183508027375618,0.3082035508463689,4.391266541944613,18.002555613038865,14.419171262982974,26.730301994941147,10.94195805652165
18097,-86.13874696853983,39.78181934089259,68100.0,931.4593301435408,0.013157128737068,0.0565795696294941,3.9959285639648465,20.401808263248427,23.681718565808477,33.63691992141184,7.623729147886069
18099,-86.26198254154212,41.3250713510645,53183.0,39.78902229845626,6.318528552078136,0.0,3.490031130438916,36.06796416434971,0.0,6.34666476557116,7.768113875620826
18101,-86.80241277151625,38.71138347541819,53082.0,11.260619977037887,4.7805349954730305,0.0,3.4025309687439274,5.666429178764998,2.454485696292019,3.0454722724836047,67.89696424314168
18103,-86.04516796925365,40.76981716536854,40780.0,36.36196319018405,11.369833414834067,1.4082276958445124,4.1961651207770885,19.37463423083282,11.111422145513362,17.087073400522595,19.681071155826192
18105,-86.5233468912724,39.16122298048105,54062.0,132.43996247654783,0.0345396436954225,0.726509050479143,3.6632671669652614,16.324765812931993,13.783430791474077,24.474104811551246,24.980482159979896
18107,-86.89351337601254,40.04058891849397,50145.0,29.29335370511841,4.996587268837381,0.2011836003464599,3.5655352250314074,43.20366178939111,0.0,8.06093067726304,7.921437872916043
18109,-86.44655420764406,39.48189282274463,54458.0,67.9576669802446,1.9592718959753177,0.288207843103552,8.197959727390703,16.27207645436029,17.96965373806475,24.48602146841187,9.227334840190103
18111,-87.39719632224991,40.95708247144486,52792.0,13.25766283524904,26.476014575750124,0.5880671539908412,3.6581294987037336,13.178940719552736,12.960464377162523,15.962165414375464,9.344511006770167
18113,-85.4173715450312,41.39867857108728,50861.0,43.73820536540241,5.67256145882333,0.0,3.67663823096906,44.284509537188896,0.0,4.065075793211878,6.194829025600603
18115,-84.96054021813151,38.952355232401686,52055.0,27.42792792792793,0.7572996690913862,0.0,0.0,2.212131372177437,0.0,3.775565241475824,16.25023688391959
18117,-86.4951059518107,38.54200816516858,45742.0,18.53918791312559,15.768856502749554,0.8158138903346986,10.250627984339994,11.06779967865306,0.0,6.455113263481863,7.457512050510308
18119,-86.83773074070244,39.31301038735419,49833.0,21.48753738783649,2.4885859711208687,0.0,5.161398373273332,47.20332627010653,10.020461512695604,14.042568684419397,8.284218421186768
18121,-87.20882104314659,39.77322496836281,49797.0,13.84517766497462,9.283891709576416,0.188023633831466,10.907968325710485,18.643712197958315,16.72031634327001,16.72031634327001,14.369321576361374
18123,-86.64129636781693,38.07987127732839,44801.0,19.12624254473161,4.770311708564788,0.6660403491404948,3.0672744889101864,47.86179820385585,11.99377045252492,14.92138454004544,12.681668862981482
18125,-87.23421402117671,38.4083076550741,48731.0,12.831923890063424,3.44354038758435,3.030467645713528,0.617544835558588,3.1964789948925434,5.2637983353233695,7.143159800047587,5.127230098466025
18127,-87.07272024035835,41.50753863265013,63336.0,160.12259835315646,0.5151353879400713,0.0,7.14825745480349,29.940576601566487,0.0,9.540632509232829,6.52513425903527
18129,-87.87487258666552,38.02660503415648,59121.0,22.16328331862313,1.3885150963989237,0.061039267259502,0.8074078075442161,82.519174552909,0.0,0.0,1.4370195141319209
18131,-86.69885497555956,41.04191189732504,55856.0,11.08629893238434,15.865911972657177,1.2312130777668486,2.14976830955554,34.62954379694925,7.801998005000215,9.92749343187353,9.908075125727752
18133,-86.84540335283333,39.66672445926163,46799.0,29.887820512820515,2.626980853699654,1.3551946311405216,6.971744825568134,18.140484029901067,14.145405586827309,24.189897751736332,14.65545645366801
18135,-85.0130079886014,40.15844094510869,52792.0,20.89640410958904,10.87616507238322,0.202565776426961,8.298983681539363,28.35495311623616,0.0,3.518261134521549,7.436206674967892
18137,-85.26247676816813,39.10366125430246,50979.0,25.014642549526272,4.42333568916197,0.598310818626818,4.2369839224024375,19.378494095626746,10.614662309254376,20.454587858103988,7.384589895510168
18139,-85.46572440432077,39.62003976670634,55546.0,15.747637051039698,14.43071223399898,0.2063795322240103,5.86464039489574,26.717164910723017,0.0,0.0,11.863652098544245
18141,-86.29028101671751,41.61645232752366,56225.0,228.85570469798657,0.3470638322659884,0.0141712742974469,3.7345912574519344,19.136325874381154,12.73332741232704,30.768202216140946,6.608879103431481
18143,-85.74746005721613,38.68564556652218,45134.0,49.20523138832998,0.7604672403018795,0.3816757198480988,2.626664423400471,41.65012257847426,11.646517329231362,19.478200259577942,11.800100946978802
18145,-85.79145327675622,39.52375931198489,53319.0,42.29466791393826,3.3897975108825382,0.7222842921145102,4.872667545004203,34.33407128519641,12.786605299585675,17.083797533132344,10.635088895917
18147,-87.00569562517013,38.01846607929572,54327.0,19.615384615384617,6.379542309002212,0.4860642004094951,3.4021273460830246,21.25792159044522,6.459814962275074,10.342692571840804,5.691306962787144
18149,-86.64677006761374,41.28108175114166,42278.0,28.84739454094293,8.714813375116576,0.0,3.9796458662264382,31.16226838854576,0.0,4.8159505767591115,10.662405159878489
18151,-85.00211956410422,41.644359047868114,54795.0,42.09818181818182,2.2059191447610305,0.170125375004623,4.044067258262067,34.894084988719946,0.0,7.8715618684204225,6.169873015113312
18153,-87.42259167113512,39.0896793182532,43878.0,16.8720456397718,4.640251980055869,21.89527159360816,1.8093371286917677,6.349048036915464,0.0,1.3819169241188378,12.979611074961008
18155,-85.03491461575057,38.82881689858654,42498.0,17.068376068376068,1.7246801563085488,2.033817782773941,0.0,0.0,0.0,0.0,11.138991488678336
18157,-86.89409556070662,40.38874964148015,47274.0,145.3584036838066,0.5468990602882867,0.0651307748358217,4.3774970323680344,24.826565847489903,12.458414394135882,21.721381573571925,19.93406472768808
18159,-86.05194595256317,40.31130365171036,50366.0,22.67603550295858,12.941144490353848,0.0,5.776947611502894,32.24121594333468,0.0,4.5552569718433835,7.240050949081985
18161,-84.926507537333,39.62556169973594,49442.0,16.56769596199525,12.51373167120409,0.0,4.1786735868982605,24.126347295855822,0.0,0.0,13.908391842193248
18163,-87.58746922889902,38.02551112906124,56859.0,292.7117263843648,0.2082690611113817,0.2754693901851581,5.460632925779791,20.18545760919963,12.202005112911635,26.578451801696968,6.634401560213826
18165,-87.46575833813914,39.85109450306151,46727.0,24.478537360890304,2.41595679684263,0.1689817903467067,7.243042339375128,28.381479244647007,0.0,0.0,4.457607955223776
18167,-87.39252797039154,39.42924533988739,46535.0,98.5743494423792,0.656267541209562,0.1782285564156188,3.384008749089852,22.1202471312427,13.268657840812349,28.47603601569084,12.539938829817812
18169,-85.7941184290081,40.84615985660509,53385.0,28.2942254812099,5.479807554151504,1.1934503596175137,4.683477722576435,37.00316417838649,9.08174264640259,17.008202558053718,7.06816307386733
18171,-87.35912542325161,40.35198676565172,54227.0,9.617214043035109,24.951892238614494,0.5011861490373357,2.9824266674811897,11.86836291069774,0.0,5.393923658837065,7.418776790168708
18173,-87.27259522943962,38.09195571341569,67827.0,64.39546351084813,1.082317336907121,1.9577200867184723,5.589222474936684,24.13880412085755,12.349996073979534,26.3568725986396,6.252753205030097
18175,-86.10487852995774,38.59964664464987,50214.0,21.107946026986507,21.617193597996863,0.0,7.636410206021557,17.32265817600099,12.991910830346034,18.095804826563658,9.955187744471884
18177,-85.01116140884486,39.86436802910997,49876.0,63.724303554274734,2.010973580918574,0.123759795357545,2.8847646565426732,23.44009944807707,12.261372114685043,31.69664165790047,9.541060563230165
18179,-85.22121307329753,40.72932187726529,51767.0,29.550573514077165,8.485641192285435,0.2816064388895032,4.207475629951094,27.77096733270332,0.0,5.395839877127058,6.736438489243529
18181,-86.86624497651297,40.750270984317254,53825.0,18.84862385321101,11.891711216239216,0.2169548803569707,5.3849103574423935,21.461513065482233,9.938912231702892,13.242860277365947,6.732163253420935
18183,-85.50491463470996,41.13950356275449,55600.0,39.45267958950969,3.784728440312483,0.0,3.251490016909206,55.470789549228826,0.0,2.9733745249629013,5.435468296813708
19001,-94.47090900090669,41.33091984277261,68112.0,5.048747461069736,16.521906967766842,0.3355689398118808,3.8433890031262017,10.65218613741609,12.061636476100592,14.34314051797376,5.589624111114657
19003,-94.69931915359535,41.029090043784784,66659.0,3.268602540834846,28.133877272047673,0.0,0.0,14.912749097588584,0.0,8.227429035220744,6.038858867838556
19005,-91.38267384736936,43.28403998636324,55950.0,8.416267942583731,19.060665203880827,0.3064307352047832,3.721214031429691,16.519108481868056,17.663745135833,21.242721428196205,11.68410291223689
19007,-92.8687300082921,40.743023634931575,47222.0,9.0695067264574,3.8891157750042336,1.3524847349914837,3.185879493590191,22.65456754953035,17.839690018228364,27.879633042144373,11.160738298486947
19009,-94.9058848382752,41.68472657879981,71777.0,4.854529616724738,44.343366797512765,0.0,2.198257894188349,6.943021155382638,11.621565289887796,13.567104943203528,6.814925139820057
19011,-92.06578456764728,42.08057984768584,69469.0,13.84731182795699,23.265519683458,0.2679543508669318,4.3044461748239184,17.490231381488776,0.0,2.655408238407143,11.774136151111456
19013,-92.30874156949004,42.47032320081174,53193.0,87.65566037735849,1.8394122352794868,0.1124039862721339,3.0943937755801834,27.616798862229302,14.78234978342098,23.812338292599048,9.934695756375476
19015,-93.9315258554685,42.036850804577256,54937.0,17.892255892255893,12.70097791021215,0.0198855510056735,5.778664639360236,5.725509031864301,16.526346060595863,20.761203595919486,15.745608734957727
19017,-92.31795215433858,42.77471147298456,59828.0,22.19683655536028,10.360145579208488,0.2066865305700913,3.609637413346907,11.920152741480216,35.622644849904134,35.622644849904134,11.161475025601096
19019,-91.8376314434957,42.47091782651124,61837.0,13.94878706199461,26.59030587217121,0.0,5.277362773459868,17.353149090068058,0.0,2.632619525906528,12.304551618143805
19021,-95.15102471611334,42.73568048754379,54742.0,13.749001331557922,22.879392067241184,0.0,3.433683700277351,33.25932717656985,8.923496230716289,13.40302182914867,9.098755919158751
19023,-92.79017965906216,42.73181736666562,61479.0,9.472461844724618,27.503414752838257,0.3208761675136728,9.722782899138984,15.615927402631158,0.0,3.1563652651894287,8.43540725420692
19025,-94.6404184847679,42.38548401088318,66030.0,6.562078272604588,40.997994434268115,0.0,3.8610830054952174,0.0,12.368748595858008,19.916268040662313,8.68329608086546
19027,-94.86043392404778,42.03641121668653,67849.0,13.92349356804333,20.76048978068674,0.1855757823042083,2.512860199389994,10.322217332733109,21.40646435421932,30.623151337556276,5.786794670119658
19029,-94.92766144599004,41.331705590752875,60638.0,8.971291866028707,14.814922343204069,0.3308607180224735,3.4998877775829857,8.018263779628672,0.0,4.764595334897375,14.098262171665684
19031,-91.13246743194976,41.77248143849607,68023.0,12.163901791639018,26.26886184945572,0.0676818560740142,3.7593984962406015,10.542688572374043,15.104468732020203,18.645947793882804,9.879590864909552
19033,-93.26071570135016,43.081789577982185,75464.0,28.461744966442954,4.52865140975849,0.0,3.4281120225720314,18.074805009010166,0.0,15.225330563796405,7.747886546806244
19035,-95.62378224120184,42.735767723618174,94368.0,7.676686706746827,24.93321996180616,0.2920763561181168,2.5957410710058237,22.96562554252616,8.997451113460961,14.529047836997522,8.474653177822319
19037,-92.31771339224314,43.06014017502087,102316.0,8.980137509549275,19.232879249548784,0.0207362579509959,2.7147385469922862,35.099740394129824,10.706653419620324,14.417940285616789,5.348746614000597
19039,-93.7851395433474,41.02903796636967,49140.0,8.65474060822898,11.057238231248412,0.2032644979279287,2.934543574826743,35.36907400755233,0.0,3.509992377581328,12.495159326073052
19041,-95.15096250674227,43.08265518000953,62562.0,11.137651821862349,19.38172793748868,0.067256823644959,3.5659106047124514,8.505101632132597,13.094730370136237,19.51436532145803,10.480518252794733
19043,-91.33772455510602,42.84590055103333,65960.0,8.177372962607862,22.24087025732524,3.4884767496651294,7.135961823883721,11.753027070240735,18.074269770593872,21.78793478011496,9.748127990230076
19045,-90.53733001527644,41.90431150443086,52408.0,26.49942726231386,6.393703650901856,0.7198647507535957,2.8748247564986467,32.79670409557727,14.150795551547857,22.001032269567396,7.257406923281288
19047,-95.38209380203944,42.037436072022935,56912.0,8.707501349163518,25.40228972699861,0.0,3.058391664241316,21.274293928979855,12.71746085876032,17.078192324916632,11.536045610311318
19049,-94.03976977456504,41.68506879834927,79169.0,70.60313315926894,3.823694353988544,0.0572691462283833,3.725221087697157,14.98601917376687,46.079599205408314,51.915435360027814,4.573112010422962
19051,-92.40977465446387,40.748864491143,56036.0,7.055469953775039,11.582055947938192,0.3410644706946715,10.402337846590385,16.277796625852016,15.97220080395604,19.780454204319977,14.636729070927018
19053,-93.78755779132518,40.73964457519845,44688.0,5.734604105571847,12.623456462230912,0.6030730876421365,5.733975005931576,6.176984067963469,0.0,12.479682138342064,14.914992545690842
19055,-91.3670635782022,42.47148240827174,62738.0,11.734489659773182,24.82651578055883,0.3305605690713311,5.001334175272511,20.96760025788531,15.663383435343878,18.27936138581863,9.685449534198808
19057,-91.1816567048968,40.92989475795575,57372.0,36.16068052930057,3.177149658576752,0.0,3.1696428744173053,27.286154355734123,0.0,10.688228936795587,8.398427599581943
19059,-95.1510234421,43.37779808602802,76570.0,17.25812619502868,9.890197754635995,0.0,4.977193653678308,16.27246260715695,0.0,4.014200911058238,8.322821889310012
19061,-90.8771733123051,42.47469167156168,60852.0,59.630434782608695,2.827067836068524,0.0034260762523937,3.344284713692218,26.78631876068688,18.869995606419117,28.667765423797185,5.17441261490927
19063,-94.6783900750178,43.37789407901372,54756.0,8.826295585412668,26.965128095627865,0.0521951624574431,3.467617251292028,15.010063385488952,0.0,7.064536155035449,11.107091029154162
19065,-91.844368927224,42.862892733666584,53643.0,10.18585005279831,26.082630484787643,0.0416966381838446,4.16264850722083,8.94847402161111,0.0,9.504165711530405,9.167430775676038
19067,-92.78893920600538,43.060084892355256,61556.0,11.808789514263683,17.905216451023527,0.0,2.262138509374952,35.2237538185069,0.0,3.2663410268839255,8.222601559324069
19069,-93.26251065715198,42.732794424628096,67751.0,6.572564612326044,33.14261704255609,0.0223699083307195,2.8800369281026414,16.370511963166585,9.246938932517445,11.216437740047462,7.117655065482284
19071,-95.60260478650814,40.75205477550462,60652.0,5.078554595443833,26.76000969085266,0.0,3.156155291342686,16.258233796391526,0.0,4.889995108862101,7.227684754734575
19073,-94.39667757912191,42.0363711195433,62195.0,5.883108108108108,29.280944189575735,0.0,1.8793520015538996,15.559816047365988,11.377283163247483,11.377283163247483,8.938136075202028
19075,-92.79146405752256,42.40199235832036,65882.0,9.522307692307692,27.511387984356112,0.0,10.06576536513927,5.686232829997248,0.0,0.0,7.3199994261994705
19077,-94.50107733953163,41.683988246315245,69253.0,6.957682291666667,27.384212580975607,0.0,4.279416124383236,10.057413065875329,0.0,0.0,10.640349409578825
19079,-93.7066749726933,42.384037525229125,66952.0,9.931772575250836,36.16809772624672,0.7513621511931953,2.677548977101557,9.183513836059126,12.757065530758467,12.757065530758467,9.067479562144936
19081,-93.73424011381948,43.08206997955197,68906.0,7.190829399865138,23.3774368207942,0.1781775204481744,1.3281393334556455,34.90862855363032,7.617686337590081,9.571495010090752,4.8439026679694335
19083,-93.24039781304492,42.3840932633807,76866.0,11.298780487804878,26.235423042764445,1.087731079445675,4.347703558053792,13.36760221684892,11.828964775356036,15.483882915721574,10.022843238377286
19085,-95.81015188199903,41.68518753428119,60000.0,8.277714932126697,22.918007296910897,0.0,2.68902522471632,9.180393264479534,22.031225886854205,22.031225886854205,10.193836934715067
19087,-91.54459321207769,40.98818115612206,50984.0,17.907161803713528,12.43139065873488,0.1221804351123054,2.0386410536486284,26.847829976637467,0.0,5.537909163873444,11.886861257896143
19089,-92.31700225287732,43.35688755563397,65758.0,7.744091279543603,28.243004174401076,0.0,3.5013261058386425,17.4071362795251,13.223439392751008,16.104415220731987,9.475483745399298
19091,-94.2071921978514,42.776665339260234,60809.0,8.45438441098317,27.212449232434032,0.4183747141766651,3.9101149151964103,17.865530782763926,13.36059316849921,14.918642660091225,10.873607068947392
19093,-95.51366128705476,42.38706277362466,74444.0,6.166219839142091,18.12192519404302,0.0,2.3840487146733973,35.80061662844802,10.319292467591096,13.9630176831802,3.737476337781061
19095,-92.06534906982574,41.68659594066605,61564.0,10.842209072978305,13.685415342653858,0.0,3.297273050784745,36.650140891983334,0.0,2.7241997201799584,7.5227756388451805
19097,-90.57256178769548,42.17269742727394,56123.0,11.382352941176473,15.612723854305882,0.0982389710660001,3.738207448755381,9.926666515652068,25.225478706345356,29.01471319346997,10.481883613048138
19099,-93.05376561567248,41.6862756062873,51251.0,20.003161222339305,13.236871224243382,0.0,5.2927577059353315,15.275106544428906,0.0,5.6747563846548745,12.24386555664564
19101,-91.94892831470383,41.0319357455183,56929.0,13.821396993810788,7.746866171842272,0.1325499210500875,2.050334597248032,14.965680956421798,26.29655090926668,26.29655090926668,12.211456867568234
19103,-91.58824453036412,41.67207033855657,60853.0,97.27977667493796,1.3349378948725663,0.1562166965036756,4.055555604284952,9.573373166690494,15.428446876236205,23.082819408762344,36.90807599095856
19105,-91.13137183378797,42.12138379131888,54724.0,14.020066889632108,20.19148031988312,0.6724522850382879,7.6930461362675855,9.333670496038923,16.945469785889973,22.792433038667177,13.117385303218148
19107,-92.17861435066251,41.33664874882772,57346.0,6.587882822902796,40.066473633114725,0.2049745000699499,2.797785342733474,4.884836974262664,0.0,2.9440442931453306,9.386221135054242
19109,-94.20667120279214,43.20502989676363,69505.0,5.727524752475247,31.12616535920572,0.0,3.4859212465277207,14.584323360851725,19.279040099300072,22.151156776885152,7.0471720316788815
19111,-91.48294304093362,40.64801426719227,50596.0,23.54127781765973,3.388757165300041,0.0719925880890441,3.648202152564332,40.2425920704169,13.952931742407989,19.778616936666197,8.980056601069256
19113,-91.59902350541306,42.07943686402068,60886.0,121.9749600426212,0.7464943097546001,0.119653783254296,4.501963121478729,17.91509948731284,26.915403143843147,34.37885777730615,6.610885078694652
19115,-91.26300299788107,41.22100567970701,54679.0,9.913488372093024,17.97215434349952,0.4669281057149646,1.1199080966903037,31.590127805764883,0.0,1.6113597373692896,5.973824123746847
19117,-93.32784350236513,41.02952844547325,49026.0,7.744227353463588,4.840748368256459,0.0,4.891689276802545,9.753413313283865,18.473025835485384,21.956893639741537,15.671820688001915
19119,-96.21121271745822,43.3806537325942,74572.0,7.9640522875816995,41.00641905623768,0.0741604227220786,2.043667988312256,22.160775501752394,0.0,2.0581626314296013,3.9917020085434034
19121,-94.01568193661676,41.330955775961385,59639.0,11.718213058419243,10.828204332849005,3.40962891613472,7.5891793055034045,3.4520758166946925,0.0,2.832024553899401,14.32011493314613
19123,-92.6408697330573,41.33541307828737,53422.0,14.787205387205388,14.778734949856135,0.0,2.4753296365617232,26.708505601028023,0.0,4.345947286085426,12.21986130122636
19125,-93.0993231607642,41.33462386836077,60504.0,22.721244925575103,2.4556730558063493,0.6200281837924893,2.676697737976135,51.89001457992728,12.59017135989849,20.83549388741124,5.73539414606769
19127,-92.99893472243969,42.03608434444027,49056.0,26.91374663072776,8.536729416425427,0.2853542099400125,2.545608516376179,26.599364688222927,0.0,6.456246899311442,11.980242821394889
19129,-95.6230206570214,41.03424773541086,67777.0,12.638334778837814,13.239641126751952,0.4678496645115931,3.235667232182432,7.634768520641326,17.718067464502425,21.49219741085485,17.450593791553946
19131,-92.78886078981628,43.356997343843055,103776.0,8.646191646191646,18.85231883500293,1.6600823467542298,3.9727178276874926,30.918512627784978,0.0,2.634796848077507,6.618203506791684
19133,-95.95285822249278,42.05059903225875,61040.0,4.8161764705882355,36.83169167642352,0.0,1.949364641180704,2.534775556677444,0.0,9.30448886645112,8.815106824065222
19135,-92.869065391987,41.02987801255957,55552.0,6.693950177935943,5.6894420363722835,0.5205282566237527,10.33013416235516,38.95726492737608,9.688609750681476,11.640634425504311,9.74578567944062
19137,-95.15642446973504,41.030288101722014,50952.0,9.27338782924614,14.200711459917176,0.2421385103496408,4.4361199440232735,12.59885838814091,16.2083245795514,20.601714198218858,15.030748029953958
19139,-91.11103848974668,41.4855875753744,55357.0,36.82928942807626,4.078184485912443,0.0,2.665776835519129,39.030644233441706,0.0,3.949977700357441,7.231030760579403
19141,-95.62473868887012,43.08396634465032,66452.0,9.506064690026957,27.455878690242457,0.1823411470416002,1.6244105566277969,8.833174926717852,13.820859194150422,20.441034005082894,6.370694803902051
19143,-95.62388657549052,43.37880874518615,65776.0,5.867632850241546,50.17981432480328,0.1043859436177185,1.4608830149157457,7.363197192330234,0.0,4.051804558995398,4.352477692273013
19145,-95.15033413798994,40.74429011225973,53759.0,11.286458333333334,16.997527801249785,0.2440809736118836,2.459517588520159,17.332636915740586,15.02152658586716,22.875057912731005,15.994586022848692
19147,-94.67814476624936,43.08212381260598,67946.0,5.947118644067797,38.51806051912399,0.0,2.0837919052271014,11.431238947902113,10.641176252364994,13.421173037209243,9.07564272200032
19149,-96.21549010058504,42.73883556394451,69463.0,11.45389755011136,25.14261425248454,0.0335651090691226,2.5320179673229677,18.3688056265512,0.0,2.808080999800707,7.079990350031143
19151,-94.6787797019896,42.73434699326109,67301.0,4.736138944555778,35.85724660465401,1.1692066256897122,4.065372062027497,11.183564327233166,0.0,1.9477502093831471,6.208732042438695
19153,-93.57439949513189,41.68650490035411,63676.0,328.2652259332024,0.1651740051874374,0.0168678673329635,4.796977957610854,6.009355261408158,40.23340702181495,46.51377409465955,7.506105813807467
19155,-95.54175416455122,41.33778636642757,55698.0,37.60290556900726,4.987274154619387,0.0,4.2507137730048346,11.2560869889378,0.0,8.04800077773116,9.59472823997392
19157,-92.53140090979238,41.68670267846213,56395.0,12.192890059249509,15.749686067991323,0.0315985917139644,4.562583854762761,13.322724632808566,27.250562296939552,39.68290181243203,4.469494403573422
19159,-94.24549934822514,40.73586917869962,59141.0,3.361031518624642,37.764806565578986,0.5345504816659719,0.0,0.0,16.532882754383273,20.79392596168616,17.354896754514932
19161,-95.1053846789394,42.38641552092469,81000.0,6.461949265687584,40.91751030738458,1.1378944360533942,1.1554986324856105,13.670679062742378,0.0,3.9411713679226033,5.6782463158754135
19163,-90.62045634541808,41.644842930977745,63006.0,138.08333333333334,1.168321025073474,0.0311947592804408,5.936507134713635,19.88976331261482,19.9709558461116,30.065285993772704,7.257980659249245
19165,-95.31019534575532,41.68532788451328,66172.0,7.66644908616188,21.92549641593909,0.0,1.8338301788947284,12.74714654972853,0.0,3.117642718002994,8.642383403033234
19167,-96.17950199160612,43.082596874016,69043.0,18.04332669322709,26.76991222867387,0.2662929597533963,5.63845879824737,24.1315941954801,12.176355696922425,18.06340022302184,5.956772331721033
19169,-93.46511838849445,42.03643593237451,52645.0,67.33670033670033,2.421298334961642,0.4010872610557049,3.5704052421226056,20.616729490756228,15.259661498774504,20.47673060681507,24.35558444329626
19171,-92.53258895404188,42.08016954596583,58064.0,9.042780748663102,25.060076225259724,0.1454775889559683,3.211182127493334,23.828570390256974,0.0,2.795304742046998,15.911909401872473
19173,-94.69824181676492,40.740008126485925,58609.0,4.319352465047829,27.849158560232905,0.0,2.570245314740907,21.89918837185568,0.0,2.514113520510934,8.04081238014922
19175,-94.2423421916628,41.027764528943166,50639.0,10.798913043478262,6.655708981513814,0.2353388445461927,2.089019655649062,33.350344950132545,10.465346923342349,13.671451269982624,14.902176316110276
19177,-91.95279660436309,40.75520157530617,50557.0,5.804643714971977,18.894819406786883,0.5552101055183276,5.248140093492458,25.977141378145745,17.0057162336617,18.821591013108513,13.499275607053915
19179,-92.40953196541598,41.03068672451774,46336.0,31.04424778761062,2.1097996888500776,0.0,0.0,25.543481907580993,12.892687785112924,21.281561922764652,10.429273782216145
19181,-93.56069121696775,41.33528139418201,61761.0,36.410857908847184,3.3746954799586377,0.0,11.91288243919823,7.596555491292333,0.0,7.206360890571418,13.327140695561749
19183,-91.7174878878263,41.335971416345465,82109.0,15.230405405405405,27.651115179069585,0.0,5.311452430246552,9.131292335074768,0.0,2.977115428065532,7.700660761466493
19185,-93.3265275194331,40.74042539522187,55698.0,4.751835535976505,13.371699822629424,0.0,11.76164712187528,22.60613523549453,0.0,2.2873148136332895,18.4736560031646
19187,-94.18174573851876,42.42829777295518,53540.0,19.722192369693712,10.684180894152028,0.0,6.080632982659635,23.941717993571505,0.0,8.034827603738092,9.397088535851005
19189,-93.73406681908205,43.37802082354941,56061.0,10.192344497607657,22.06192874352613,0.0838364013783121,2.2574775220163623,12.042659773120532,0.0,5.421668806008821,8.085968794393832
19191,-91.8436741927914,43.29108542159843,61774.0,11.13814317673378,13.28521048292714,4.495543805351796,5.4249631052952285,15.368066561631688,0.0,8.737928379858841,12.48085137550628
19193,-96.03977663286798,42.388926007239625,51792.0,47.11279536335265,3.781233719935502,0.0,6.093459727030746,14.43362255709986,0.0,11.364003813367972,9.909878518584597
19195,-93.2608363345539,43.3780224212569,57188.0,7.000956937799043,21.529879733911812,0.6229808839323997,3.0609905714443393,16.201111389406567,0.0,1.8169391367841023,6.147027733792945
19197,-93.73517919056955,42.733317554556486,72689.0,8.448275862068966,31.425000509564057,0.0,2.130811578036492,19.252719682328504,0.0,2.1361851626065222,14.155318829596222
20001,-95.30131175646132,37.88573043317794,47258.0,9.533231474407945,5.286162722663342,5.193961335581463,2.4216024992141074,29.264389357583457,11.480050357299175,17.049585695398502,14.380709003096944
20003,-95.2932678463244,38.214354975369965,50554.0,5.150132275132275,14.821851907281006,1.382065680654334,5.410704719021188,34.8930373994955,0.0,5.402896438339526,7.878121414426666
20005,-95.31399738818612,39.53215876502487,43390.0,14.341354723707664,4.514133610691045,0.3276287968468807,2.847387112446199,19.999726291731957,0.0,14.212438672241191,8.902361418082537
20007,-98.68619710825736,37.229119149217034,54276.0,1.3992537313432836,5.11614975392353,16.577171738968055,2.240001327900009,12.830833838211984,14.437177880505596,15.41276941846279,19.11304578765219
20009,-98.75631279552478,38.47920454481204,55824.0,10.743996569468267,7.371539886660855,5.419640911072363,4.610464799476896,6.356732236268527,24.602223190932868,32.725247929381,11.125694747166522
20011,-94.85018449233053,37.8551306301221,46550.0,8.765312310491208,5.076505418987094,0.2693644436116813,3.1086798183762343,21.209914076687156,16.861058946012996,24.262241501002368,11.20384210622708
20013,-95.56425702260782,39.82669040822318,51445.0,6.327481431465226,3.0871513087608946,0.0247754820567121,1.1882763050130112,40.101721501488896,0.0,7.446373705796675,14.258842243301546
20015,-96.83900158648736,37.781742249533224,53996.0,18.208588957055216,2.825908996569426,0.0,3.779777695536139,46.10110766456351,0.0,5.4546866717880516,10.433377714670607
20017,-96.59386103450788,38.30230740869855,59065.0,1.2699751861042183,19.575643254305827,25.913254675691334,1.2778784628472093,15.62180222164688,0.0,1.873358730628398,9.484533540456905
20019,-96.24528256609788,37.15061272673,43180.0,2.033013205282113,17.304205448291775,5.473566224546983,0.0,0.0,20.338238041340205,29.91725365655322,17.552554367534423
20021,-94.84740932552272,37.16945589505327,54837.0,12.40586319218241,11.776358812306745,1.0410906896572742,4.311435540063618,25.27056950865152,0.0,4.149037234927217,6.971284670731993
20023,-101.73078598921796,39.784813142970144,62925.0,0.995049504950495,52.76297003872267,2.9699360100247536,0.0,0.0,0.0,8.122515637999568,6.9654577388839245
20025,-99.82051626040744,37.23520882895688,53697.0,0.7674418604651163,22.335129034294052,1.5043791094758805,0.0,0.0,0.0,0.1195483892525255,12.29974716629478
20027,-97.16537637991536,39.350084446239805,49088.0,4.742486741308191,16.227400513789927,0.0151471087198875,3.897351073627066,7.818937521205953,16.296168387378216,20.56704716203771,20.667018079588967
20029,-97.64941524724404,39.480448016273144,45943.0,4.804838709677419,8.523307281889341,0.5126404636899966,2.765133142429218,9.175168394071555,0.0,7.17716943721169,10.286498235388429
20031,-95.73398789521902,38.237057876768496,56523.0,4.876623376623376,4.667394925191829,0.715949412855343,1.3041412630471998,1.8384302244190007,0.0,1.0773963912622204,9.0249309128107
20033,-99.27335141979631,37.19213735539204,50107.0,0.8337432365961633,2.4713356058258444,10.861481251936784,2.8586922838549738,7.530213820886273,0.0,6.836070653858073,24.38487759528974
20035,-96.83753220703493,37.238366295445054,44313.0,11.768101092896174,3.420091694602016,0.8989617545097432,2.757126265265403,36.20012588985958,0.0,5.449169611118552,16.95369177358187
20037,-94.8521827505261,37.50756086305921,44885.0,25.458089668615983,2.5040464769591733,0.3273565442791764,3.877881947107679,20.178644828474617,12.96116562136776,21.658632713627433,16.503971742512295
20039,-100.4597472735259,39.784215645662954,69606.0,1.1621153012570438,54.5238763299385,1.8749952603759847,0.0,0.0,6.791691628686479,21.54557243283005,5.2651535259010975
20041,-97.15261491073588,38.86700345521036,48547.0,8.326827054017249,5.949153010888604,0.0572952135880122,3.1283689208647556,29.760842742229336,13.505084950205935,20.854201272054254,10.526236433222175
20043,-95.14753174087475,39.78992413122022,49008.0,7.276967930029154,8.68980163196847,3.821318903475347,3.8359868498671914,18.88019795350261,0.0,3.5783411828104428,17.68571692776674
20045,-95.29623061662224,38.89152760867756,53318.0,93.93818466353676,0.4224529939946343,0.0416126958199302,3.7183176433623704,10.07014295546568,19.8758220206232,26.082908928058895,23.21375238116194
20047,-99.3121142970108,37.887766228900354,64806.0,1.7051520794537554,47.83793742208045,1.7615497599951544,0.941848668238097,6.036714936831532,0.0,5.60213203042585,7.17087032671953
20049,-96.2439920406148,37.45391704329745,41645.0,1.453681710213777,0.7392161722395233,3.961164211592547,0.0,0.0,14.96535597676749,14.96535597676749,19.189448389564767
20051,-99.31711356313734,38.915036300818926,54691.0,12.3737676810973,0.9688564705497864,4.6687719068900995,3.092905640028433,6.031799204202855,0.0,12.36973315467388,13.995030353043068
20053,-98.20484486349729,38.69668991545826,46702.0,3.415910304324613,10.149897368116507,6.802027055835399,1.1055007035004478,10.261665621059942,12.135230449692104,15.774550947441512,20.94390878248741
20055,-100.7368552847807,38.04467111705213,50214.0,11.163307646710136,10.018745464452389,2.6595765262744298,3.283006562847256,23.35106571957925,9.540945420059863,15.695782463968008,8.30171860978936
20057,-99.88804125567466,37.69197343444716,47545.0,11.89107519325369,2.4541162011202338,0.2831572176549716,2.060775239514278,44.91527137558109,7.839191751027795,11.11228173637577,7.159660093913865
20059,-95.28574985804714,38.56460491676271,49127.0,17.39892904953146,4.140848449061687,0.8555533002417286,5.335559943166092,12.0666875795767,0.0,8.689498643736277,11.052534460170133
20061,-96.75232239856814,39.00211342076138,51802.0,33.96271510516252,0.4200290489001387,0.0033838324534404,0.9332147160270452,7.079006414242405,0.0,1.1986286512853648,65.60409507354485
20063,-100.48287943431323,38.916376052683304,87163.0,0.9873919308357348,31.346209184623454,3.8167137803205984,1.09281107706891,15.396516410785924,0.0,3.2679384532051388,9.622357262555647
20065,-99.88321714037411,39.350013026016256,61072.0,1.0287800687285222,19.075098855852108,18.8818626496001,0.0,0.0,0.0,2.519968618861328,11.919040874459649
20067,-101.30805620289864,37.56237796523511,42460.0,4.855607790463398,11.037879274533736,6.95402668037087,2.7778848418663413,4.9073895633926465,14.851716237339671,18.281407250380077,8.481188839639408
20069,-100.437906986888,37.73858525116418,64598.0,2.535317636605953,42.048574635471915,0.2016237777361117,4.660719835413355,5.014010926210834,6.822203786417493,7.799758051466717,6.960643552277064
20071,-101.80618999295382,38.48093588438034,113233.0,0.6095143706640238,77.86482182784255,0.8007227543872677,0.0,0.0,0.0,0.0,3.666575909837215
20073,-96.23257676496438,37.87839129518981,46806.0,1.9822445561139028,11.257371279397711,8.239517050089736,3.1349789059040156,5.74959793021467,0.0,8.36246882502389,16.943453837726967
20075,-101.79110504292532,37.99955237298402,93379.0,0.9469403563129356,53.76552923637568,2.0664237203909224,0.0,0.0,10.10477058141461,10.10477058141461,6.595163160510187
20077,-98.0753400845926,37.19260634926152,59954.0,2.594881699661999,9.552684519772724,5.208042446244066,0.93748753341046,27.60117171694145,0.0,2.3727837965680547,14.521368446848165
20079,-97.4271794074617,38.043289642995326,51000.0,24.07857142857143,3.7651284512837577,0.3448842795131179,4.901451285646704,29.151320103635364,0.0,14.372761008107773,9.045920948113656
20081,-100.87130520312446,37.56237491169783,68589.0,2.3867735470941884,36.496027439682926,12.400425752288156,1.8927239558529227,4.910984981562011,0.0,0.4166438956854846,9.985660787849923
20083,-99.89802235535642,38.08765404208098,61027.0,0.765814266487214,56.57028575302532,0.0,0.7877699061048777,0.0,8.196332327717705,8.196332327717705,13.287007220094235
20085,-95.79359882843224,39.41712128737383,49670.0,7.7917888563049855,0.478363679356822,0.478363679356822,4.460156065263655,7.845117048947742,19.887443840151334,28.95128872073776,33.771104279971624
20087,-95.3810761347136,39.244089041932384,54370.0,13.312046444121917,5.703610317093772,11.111180457603636,14.57337344334461,4.257319869018345,18.769737745434572,23.62329875717216,15.667453055891889
20089,-98.21838028117,39.78386610571256,52427.0,1.233446519524618,35.07290367032272,0.0,0.0,1.1694381855086498,18.347889238561667,18.347889238561667,20.823634569188656
20091,-94.82778139587126,38.88266664651555,96517.0,511.8272727272727,0.0512065548343885,0.097810759161886,3.9822671743852074,6.233733953530438,24.709060791073316,33.10415892947968,4.825379176924593
20093,-101.31992971375954,38.00063633094329,60412.0,1.7083333333333333,44.15224145583666,9.572421955910638,0.0,0.0,9.956354490309218,10.460127237757066,17.46597129752922
20095,-98.13645316770167,37.55900241660175,53226.0,3.201426024955437,6.44088069459897,3.4495577938993605,7.986648958667267,8.207011182439986,0.0,6.18226488185837,9.13641175947652
20097,-99.28614512613596,37.55840052429675,48872.0,1.2873931623931625,17.69073853168917,5.167533686729299,0.0,0.0,9.693448998750643,15.77011851234886,18.050722438290993
20099,-95.29854846357742,37.19225123467368,49542.0,11.741973840665874,10.336779220983257,0.0,1.9200480748459363,20.081852923963975,0.0,9.487417665934808,21.692006771326337
20101,-100.4664678581729,38.48154826977293,82008.0,0.8357565966612817,55.90178749574546,0.0,0.0,0.1414269450606199,11.761909791908735,11.761909791908735,9.057779655645929
20103,-95.03846972219232,39.200420174470295,50694.0,68.47272727272727,0.1110414346714372,0.0175676635381274,5.3443650209705,4.399190219843064,19.44815109685763,23.733539659934888,45.70085345492112
20105,-98.20779008517783,39.04547969009173,49173.0,1.5581146223888591,13.124321299374431,0.0199862760904179,0.0,0.0,12.711271593505794,15.678567383729838,16.118931666922045
20107,-94.84531388210884,38.21235296954114,47908.0,6.287644787644788,4.792154553061005,2.626834881325774,2.8032140903927862,5.709887363489192,13.76505728428994,13.76505728428994,8.39374944491967
20109,-101.14836211639737,38.917616268062126,66645.0,0.9733812949640288,36.64049342752783,4.441285186238271,0.0,0.0,10.187003783819252,11.542179742350342,20.55510596881083
20111,-96.1525734505613,38.45669038469205,47109.0,14.450767841011745,2.3074985798358143,0.112766118439999,2.151929898662956,28.48956645182566,9.90342883537502,13.98593501012467,17.915695891744527
20113,-97.64806841642454,38.391957413290605,59219.0,12.90441491641663,3.920618784313933,0.4311623672181109,3.709506344596064,47.73491819341948,9.798955497432411,15.87354964774463,5.661225137765865
20115,-97.0969799061206,38.359347017564566,47139.0,4.777327935222672,12.475378121702429,0.5458582483292297,3.512574744987689,15.027040098487513,13.344838199085473,22.488568413647556,13.325492437565952
20117,-96.52289439256822,39.783503684548705,46828.0,4.278324070115434,1.0441015353292913,0.0416446502297172,2.441958701642202,22.71170856506566,13.909163912746248,18.648892312009483,6.925550112395776
20119,-100.36559207265576,37.23809019136942,66731.0,1.5367965367965368,35.62059838351373,1.854784074616754,5.196467678152227,1.8370594444707031,0.0,0.0,13.44354114477478
20121,-94.8409708606749,38.56346120066364,60411.0,23.03445990722333,0.2007302540573743,0.0,8.624883708426271,5.871278465977689,30.94211245782139,38.28530416661914,14.18667587766534
20123,-98.20952308247196,39.393421952683205,65630.0,3.102632993014508,17.200487463933044,0.2250936396709618,2.54968727038119,9.869173282675318,9.828312335346512,12.963493969425976,12.098603917632932
20125,-95.74285421781028,37.19299675319828,43949.0,18.352137767220903,1.3475180301920826,0.0,2.210136025552255,68.21702875956746,0.0,4.140047219272611,5.300426736177557
20127,-96.64996604855791,38.687526107832944,50226.0,2.953846153846154,19.807195654109893,1.1443583578234928,4.133938908184167,8.199305370024044,0.0,2.57814587229495,16.582509573425952
20129,-101.79741515954392,37.19424658510634,51870.0,1.3955984970477724,38.66290777285541,10.69788849893562,0.0,0.0,0.0,0.0,14.536562913526264
20131,-96.01414932197513,39.7835661148292,65296.0,5.4575268817204305,2.004338561856596,0.2392306112494544,3.497805047108053,25.79438682514826,0.0,8.074153466998691,8.253857212538188
20133,-95.30681606938954,37.55855268656297,46763.0,10.41644385026738,4.3089233174154895,2.081081195061298,2.366590240398335,21.72708371698758,13.953252989691592,20.831757715140416,20.517149520426337
20135,-99.916196035649,38.47969047870182,65381.0,0.9590664272890485,18.598936730051257,18.141059374883454,1.251393314576246,1.802917984013657,0.0,0.5813592120365805,11.606465808371077
20137,-99.90348696799292,39.7839439902953,54975.0,2.3403693931398415,34.702422078654934,0.9359094700274992,1.090059265090852,7.7171241153591,10.547699727209917,15.190361233528682,16.392729635022835
20139,-95.72687529901984,38.65266265289922,49860.0,8.408360128617364,9.614065041089672,0.5451608197403327,6.881507215681613,4.4920387069585,23.46920030472815,23.46920030472815,20.32790693904897
20141,-98.76778819807816,39.350598051400965,53375.0,1.5060449050086355,15.75832267485514,1.8253183303386031,0.0,0.0,13.587100048157335,18.14547657637598,12.282191624766334
20143,-97.650204667492,39.13273162660259,50929.0,3.122591006423983,18.951908725239697,0.0189734119254218,1.5735282956816514,11.009006046193932,22.840825722886997,30.382124516177996,17.845126362923423
20145,-99.23689554737771,38.18152922610203,45497.0,3.1489252814738995,19.25370356106704,0.0,3.7308403296618655,0.0,13.906005288967624,20.225808108038716,35.44410639554289
20147,-99.34702306994748,39.78392742006454,61890.0,2.0762564991334487,5.883567041517081,1.056377669089226,2.0439563188772,62.4338591246263,0.0,0.6124676331886468,8.539678270767922
20149,-96.34093341348988,39.38998367592419,60683.0,12.5625,1.5108107181089685,0.0018052464071083,5.922411712920089,14.554498282909792,0.0,0.0,5.891120775196877
20151,-98.73960930930797,37.64792571792802,55406.0,4.763903462749213,10.607776465531153,6.492621825914221,1.502482716664691,3.0055366652338265,10.959655318668858,19.038445335248863,10.564362840793384
20153,-101.07559580200866,39.7843859249026,86475.0,0.9183599419448476,51.55785457105648,2.310243062522116,1.9972494500724116,3.3644989366242655,0.0,1.8717601695564463,7.24445238885626
20155,-98.08597970066413,37.95333159206628,47507.0,18.663228155339805,2.031980611381907,1.149349265248777,3.83551892940881,13.833380864086168,16.578322767972764,27.391694549374083,12.415742054369725
20157,-97.65067695267912,39.82707190894131,47913.0,2.497576736672052,17.007264421186647,0.3580723072026361,1.5628803055550355,10.483795472842674,15.147160697234652,25.018254666641702,12.868603845649773
20159,-98.20103950701969,38.34737428656912,49055.0,4.985130111524164,16.702828836942725,5.0476931264584275,1.8794294645028768,43.38304528017454,0.0,2.164311911361343,8.070023768298821
20161,-96.73044365390614,39.29495266962847,50813.0,42.83373205741627,0.2964729249195451,0.0,4.496867133888289,2.5816502581116016,0.0,8.743562049922254,29.57493279719489
20163,-99.32488756382809,39.35048746134587,45958.0,2.0689952565761103,2.971460259127501,15.542480650027493,0.0,0.0,13.72238487530018,16.919418584432613,21.860886973603208
20165,-99.309073001423,38.52332392404368,55528.0,1.585483870967742,10.598013061165364,1.7998334158206686,1.5813425719148728,16.27153221231033,14.707089484675462,17.011503965427746,13.84640455812943
20167,-98.76237404739486,38.9149539437553,53761.0,2.890416845724108,5.904755082793119,12.768167329250383,2.411565965879923,13.407471079116076,17.02720771701109,23.688860236619988,10.827573033439586
20169,-97.64978093553528,38.78411715273372,56745.0,28.588770053475937,0.5922705272662693,0.0,3.9149195969935704,17.386734680777312,15.192851671324092,28.905226730344307,9.70119723664146
20171,-100.90691327709952,38.482501230256226,60040.0,2.694997310381926,42.548666377486434,2.213556651292901,1.9008436390676593,8.357825128581926,7.885767906305604,7.885767906305604,11.00979966891814
20173,-97.4610555783034,37.685019647317944,57757.0,200.9514340344168,0.1707094718994044,0.1961922137016935,4.575911263767,21.78189316961303,18.059066484029525,26.578475342876303,9.585643473600816
20175,-100.8506241814912,37.19364131236494,46604.0,12.86248492159228,6.624547907164316,3.0161643129337476,0.0,0.0,10.78552486159642,13.59583857637657,12.06363629402561
20177,-95.7499633206145,39.04072333386208,54755.0,124.09370629370628,0.0804346901373467,0.1104935191104725,3.59136567017547,11.576187337504038,21.203881653916497,32.68416064828316,15.90928193522562
20179,-100.441729065307,39.35069818889137,56753.0,1.046100818612667,42.972469956919355,1.6358362935530193,1.3491043760864636,4.105415312523618,0.0,0.669356057743179,13.571819968256367
20181,-101.71995047110538,39.351679194989536,54800.0,2.140716374269006,34.072127153154575,0.3251023700210944,1.2816839445453416,1.6884567225800629,9.5619803945899,11.713160892959875,11.80475809089781
20183,-98.78546811887188,39.78435936267303,57905.0,1.5374296841194288,30.56917700523033,0.4497800090515894,1.5723637245890627,1.6773434984859583,11.409201827114645,19.52437163773113,10.13078146943689
20185,-98.71744463408938,38.03128658952742,51196.0,1.932491500728509,38.0035390357578,8.62664139704887,0.0,0.0,0.0,0.0,14.943723529753042
20187,-101.78415127248192,37.56327692423375,85393.0,1.1220204313280364,50.14658733138846,3.913809537563907,0.0,0.0,4.8792640305017185,5.412538632621819,7.757574882296872
20189,-101.31103982233508,37.1945346733708,51328.0,2.7663802363050483,24.65960629277466,14.408837972114409,0.0,0.0,0.0,0.2500949880002501,11.487055179611486
20191,-97.47655609270936,37.23810641897323,47914.0,7.312642927147991,14.10986288382244,1.1133422180084611,1.982281334132358,8.59100381921773,0.0,4.33094371349606,15.415954849154314
20193,-101.05546865316992,39.35125907744561,56286.0,2.8321954725116782,22.62915784027236,0.8707702654201968,2.295070088458303,6.238048279008787,8.066541295071222,13.675316250038213,5.838836738783639
20195,-99.87269548196134,38.91460088612669,60695.0,1.1832618025751074,26.310126113675064,9.29835385868358,1.502504997655421,3.1910955354278236,0.0,1.2848293393222932,15.768404945827882
20197,-96.20265171107567,38.964262327301086,56109.0,3.216352779053744,5.244785757919539,6.474012940545797,8.277336591325597,18.70083402939673,0.0,0.0,17.105706057621582
20199,-101.7642063886563,38.91697084104283,63506.0,0.6288485870940531,55.386690588597354,0.6141999358298574,0.0,0.0,0.0,0.2239407015499054,7.7626228563571
20201,-97.08752502401326,39.78373663685652,50230.0,2.3695558430357915,10.962103716145286,0.0131219819441528,3.69821191126041,9.275054237525367,17.611011967247535,20.57220589264469,19.263069494016374
20203,-101.3473988563552,38.482358526148055,54011.0,1.107469102632993,60.10482739015334,0.7821189346694384,0.0,0.0,0.0,0.0,6.858198745624788
20205,-95.7433989300198,37.55938885021244,48132.0,5.760241773002015,12.186214721316126,1.7459529550013169,5.997882772453755,26.46331827299066,14.998125899061938,19.235113560386573,17.111554592053814
20207,-95.74012096820444,37.88680211366,44198.0,2.385026737967914,10.156345222661749,11.11702068720983,0.0,0.0,0.0,3.6044720717127063,18.656162395151192
20209,-94.7718734651596,39.11397514430948,39729.0,413.2643391521197,0.0017412177600165,0.0794168697846554,4.561715982384945,22.03480730427123,0.0,10.983160907016948,11.871933361501084
21001,-85.28058705161736,37.104037149612246,41523.0,17.907129455909942,9.58903550065046,0.288775929076305,4.255666768099042,6.387176224795926,20.39525950009497,34.47298392943574,13.618419574678397
21003,-86.19016702581138,36.75274738642391,40949.0,23.606666666666666,9.646295684963908,0.0,3.742772254988378,25.87081777744501,0.0,5.283102987070888,10.144537883763908
21005,-84.99565715899641,38.00276350269677,46038.0,47.419921875,0.1406713685589856,0.7378947025148898,4.7202729824998295,35.65137217582587,0.0,3.3237872467841254,10.851854816475004
21007,-89.00238224288047,37.05820627541005,51890.0,10.3991825613079,20.817013018517024,0.0,2.861486213309614,20.58348831567882,12.376485809007844,12.376485809007844,8.108029433168918
21009,-85.93323668849321,36.9658837949462,43062.0,34.66074188562597,4.683853846570452,0.0,4.4973591694393615,12.897507988424142,0.0,13.207331689731255,9.897639853347368
21011,-83.74252482165807,38.148511649813784,38616.0,16.821522309711288,0.569982866837016,0.0,13.489734835887871,0.0,0.0,4.148161868398786,15.93342061283682
21013,-83.67272160287746,36.733017591982744,39908.0,25.558695652173913,0.1096419994962394,8.067918773741994,2.221561178982016,22.346338789219526,16.03007062905103,26.36901485181804,13.097090156040398
21015,-84.72304322781012,38.96840934237773,58805.0,216.76049766718504,0.0678602472933,0.7378932715405905,2.348994692929484,10.676348405326037,9.774966019979113,13.24093136966123,4.540919310624874
21017,-84.21642335978618,38.20679498520117,59068.0,26.610303830911494,36.52575219421571,0.0,2.6376513465106144,11.515982312832037,0.0,4.088272936258781,6.347520096494367
21019,-82.68510585245036,38.35832652918459,45845.0,111.22222222222224,0.0198887452479509,0.0,3.20739350215804,32.90306792228723,0.0,17.087904365135138,7.627667133515146
21021,-84.86639660233003,37.62416084958492,46951.0,64.81932773109244,0.5492064747870196,0.2608228175219498,3.066516303371566,15.248407469830608,16.185540870131376,37.65562957712593,9.12302704918086
21023,-84.09538075448016,38.68969441053033,44665.0,14.748251748251748,0.9603570742944902,0.0,0.0,16.781052025340756,18.54482626223843,26.57035899404876,14.69859857938184
21025,-83.32354273696356,37.52166797327314,39295.0,10.359193173002328,0.2011982138983837,0.0,1.7266396906483967,0.0,19.865144840275544,41.33725757111123,24.18529682346166
21027,-86.43006678382123,37.77502181014179,41387.0,13.72346002621232,11.107686942699695,0.5859382919797416,8.242671716413977,6.215406324889605,24.692331710007178,32.8573513967228,11.921309906614818
21029,-85.69456244267694,37.97097994384397,51482.0,108.82101167315174,0.0515836321618084,0.5093590587159486,9.80557953184923,18.225317891460417,0.0,3.0759671564669313,6.52984303628293
21031,-86.68996452642308,37.21067900707824,43321.0,11.308043875685556,11.630503148935244,0.0353965915805122,4.4349206435644914,31.004691409791786,18.80321401051551,23.930274160215863,10.973487952906195
21033,-87.86820542154082,37.14581137952021,44203.0,14.001111111111111,2.5418129217752607,1.7360125880258983,3.558339666369692,25.978082072182723,0.0,7.043659258171601,8.428858009687065
21035,-88.2736466450131,36.620681643849714,43739.0,35.82612781954887,4.695149695414098,0.019699441151842,3.6041841845448297,17.796556491198302,0.0,3.420497065131931,19.438757691643893
21037,-84.38396477802118,38.94801462497547,63089.0,207.80623608017817,0.0980359403674216,0.0,0.0,9.882760074604082,19.641633133613425,28.867149204710795,12.192860080479328
21039,-88.96582009813204,36.85388475875108,55713.0,9.427145708582836,28.00128769554701,0.0,3.775210120590948,3.0112934379730976,0.0,4.661805905998225,6.536359997911845
21041,-85.12700719447811,38.66836132525087,47042.0,29.87704918032787,0.0160874961280415,0.0,0.0,47.66373576473712,0.0,1.5282707761327727,3.906242568838147
21043,-83.04943869176992,38.31811592526767,38955.0,24.60243217960711,0.240161828514734,2.685019298419088,6.440459810183332,15.269633187582643,0.0,5.251717416844176,14.305298811257607
21045,-84.92823232610927,37.32236710768144,40231.0,13.77209705372617,1.5645711656979984,1.5005465802571891,5.342258834799971,21.378520462968893,14.398655009449554,24.30966083568683,10.679537979621212
21047,-87.4900813444514,36.89833034329704,45420.0,39.076298701298704,1.7416977014153912,0.0,1.6068014521315912,10.504158672620909,0.0,4.76559402736383,57.07785678068007
21049,-84.14725604326098,37.96873275078009,48818.0,54.83259259259259,0.2578754499092026,0.1098811478529408,3.371410241075215,28.376412252753823,13.523264791274752,20.830116459880603,7.204364798886509
21051,-83.71462176933277,37.15976928384813,38244.0,16.271685761047465,0.2646001731752504,0.6987476236776038,2.3306099348416027,2.9304348246721523,19.031137683998704,37.45688758604343,29.690606451987406
21053,-85.14751536537598,36.733986731872186,44407.0,15.54421768707483,9.45926704918729,0.0,2.150242177020286,41.99192160408865,0.0,6.37378942714331,9.03586318184884
21055,-88.09912533545742,37.35383704464869,42312.0,9.043346774193548,13.413382136321028,0.0,0.0,15.970628933624962,18.783645047538275,29.455876445118957,12.462170245056466
21057,-85.39888413712139,36.78443919794473,51109.0,7.933333333333334,3.26907369684803,0.0,6.991310680089353,5.790255759257619,14.502209232525416,51.99814995227271,11.780277310345506
21059,-87.09248007109333,37.73484456228013,49997.0,81.01332288401254,2.8340595836311344,0.4842583555380382,3.321886062325414,21.96073673875007,16.795137398358808,30.80047823829134,7.831755856936925
21061,-86.23791098843188,37.20957407755916,40330.0,15.530303030303031,9.82669217517768,0.0,7.376836309807215,3.524589454366024,0.0,4.533964697836682,24.00988599080655
21063,-83.09796222240824,38.11793195714606,27551.0,12.028006589785832,0.8496859856140121,0.4802572962166156,3.5476019731838235,1.148488602038377,0.0,6.413933980920095,43.2503205337158
21065,-83.96571881979162,37.69389120583607,40379.0,21.01201201201201,0.1685239330258115,0.0,2.7143988499836733,0.0,0.0,13.149370756405974,15.866396928285372
21067,-84.45928277799354,38.043547933851464,61957.0,436.82744565217394,2.095914167347139,0.2239634582611401,5.110674749146712,6.459335943607959,16.36809215669861,26.87405925081222,20.017275037550995
21069,-83.70222472887444,38.37403014440768,41449.0,16.858563535911603,7.331188780160794,0.5599309370282666,11.22972601484468,14.097141506749557,19.61952668714763,29.53792434903809,12.061664745571434
21071,-82.7463580216869,37.55720838498856,42226.0,34.75440313111546,0.5218813612574426,4.960913471696083,3.0918391133474237,3.951766124800903,12.709300231470833,30.970314196903796,13.360131663167444
21073,-84.87749672793043,38.2395117086834,49883.0,94.02003642987248,0.2451642829207382,0.1911094195983813,2.298434851676134,16.708258443183162,10.943010467154316,16.996262124587265,30.25036752316571
21075,-89.17771785440476,36.55234522253373,42023.0,10.405537459283387,16.975015288492003,1.191765581367933,1.7078903354626702,19.390228627424975,0.0,0.0,13.49218629119604
21077,-84.86118386886595,38.75683149367599,43927.0,31.491039426523297,0.7602465740036163,0.0,1.8597767430171108,0.0,10.868942984997522,14.70391805067845,7.134263687114436
21079,-84.5381757547175,37.63935619082529,44136.0,29.00990099009901,1.0694424216123672,0.0,14.971302205167683,0.0,0.0,4.926330932685763,13.39151163516498
21081,-84.62433136342378,38.64892957326513,45643.0,37.727407407407405,0.1739736605680736,0.0,0.0,13.074766607874183,0.0,8.669086473022064,12.615944881298285
21083,-88.65106547119724,36.72184516272045,50339.0,25.125171939477305,20.75950832054187,0.0,2.8391564944083036,13.758375362424774,0.0,7.097312574616865,8.966510732646249
21085,-86.34378025825394,37.460702153341565,41995.0,20.168939393939393,4.186429962656676,1.0603015242876048,5.778382204089433,24.252383539604924,0.0,8.566965213265824,10.219026762530458
21087,-85.55322915732346,37.263868392283115,42092.0,15.23293172690763,10.421460636010412,0.0,0.0,4.12454260817081,20.701459881549663,35.84961711116979,15.37732468218341
21089,-82.92258716149921,38.54390271280834,47811.0,38.969162995594715,0.2300368417555365,0.0,0.0,20.54890313244574,0.0,13.006099509655536,11.321377605317531
21091,-86.77978562266917,37.83859490947323,60050.0,17.978131212723657,1.2315621076911063,0.0,1.5607261631364289,72.5479380194495,4.4333032333761135,4.4333032333761135,3.450916713885557
21093,-85.96154682976571,37.701424263237826,53498.0,67.29440096327514,0.1076002622946044,0.1327100245757057,3.8931358861439938,14.487528716919975,13.951439085233911,20.382314716505473,31.39316547166451
21095,-83.21552813956971,36.86009795146311,37887.0,21.502938706968937,0.1732339924259086,24.143546205271736,1.1739239156305266,0.9127171827031132,14.925991425670563,30.83218597196321,17.591384696961025
21097,-84.32968003492371,38.4424214918338,43708.0,23.70807453416149,0.5958068048177136,0.0,5.908593211403544,31.1402733281966,0.0,14.02425078064804,9.321870311042622
21099,-85.88472423092313,37.30011881168037,42076.0,18.090489381348107,4.655825530593062,0.0,0.0,45.63994572708361,11.71601118269506,15.380643287357342,8.15814987984923
21101,-87.58451920702501,37.79959547710217,53192.0,37.71808054841474,3.0000632708047963,0.1810613225570279,3.8124357534279216,37.386266619884616,0.0,0.0,7.491140033081592
21103,-85.12361269095456,38.44823175157302,50237.0,21.401360544217688,0.9688922493728892,0.8179259115454763,5.04447248632107,16.138071615774066,25.463499864615635,25.463499864615635,15.81876887079223
21105,-88.96845950232617,36.67614296242741,58749.0,6.963779527559055,65.99838379282478,0.0,0.0,0.0,0.0,2.9651763733062713,5.736407885587567
21107,-87.54100568156306,37.309958541793755,47391.0,31.036652835408024,6.701708278580814,9.97293557622856,4.010146983317524,16.369233580771205,10.76768107491885,23.590300319377604,9.067060594721132
21109,-84.00564315980813,37.41973420123084,37525.0,14.432222222222222,0.3168198140824267,2.620185489438448,4.136853315637092,4.5478628041764555,27.260953563420152,38.01623701547173,22.533809276612597
21111,-85.66119819881811,38.18741022023961,63969.0,745.9971209213052,0.0077616731046117,0.0650190583698492,3.2169210761188034,14.458412372070107,21.481222627923803,32.14821983244699,7.140174230231361
21113,-84.58614858930618,37.87444537818902,58726.0,121.00890868596882,8.221749449046222,0.0,5.2861410029458,14.185294515042354,0.0,5.478087421307312,7.304765416209606
21115,-82.8307200301687,37.84678417857211,39129.0,32.505847953216374,0.1214366064749694,5.023249970973225,2.3879994746629563,0.6932164902536655,0.0,14.23948897648736,18.231669829474832
21117,-84.54014836431033,38.93601481393684,69447.0,441.4844559585492,0.0072060329282014,0.0009639238852009,5.2515602699024315,15.72718558276826,20.54008561702967,33.05620677608544,8.528517781728514
21119,-82.95418491142571,37.35432892003511,41855.0,15.167579408543263,0.1401611438476307,0.0,4.240911296241774,0.0,0.0,13.294160090565663,18.89065357390183
21121,-83.85389227887921,36.89039218118146,37278.0,29.615537848605577,0.2459944359048586,0.7049575353803875,1.7649081462212672,14.180152190369794,0.0,16.40660569810095,14.935939515268643
21123,-85.69456038527285,37.5457433814712,42311.0,21.726361031518625,3.728225283098664,0.0,7.166971701071145,15.12217174773776,29.452833903298018,35.69303573642111,15.813785610639988
21125,-84.11753623048034,37.11105203235253,40424.0,55.07092819614711,0.0933126444712258,0.6143589010992351,3.6182205856204304,15.520407961665828,15.072195719472404,25.387460239542985,8.299658208245251
21127,-82.73371132855955,38.06780961798329,38572.0,14.632299270072991,0.1156578010206637,0.0,4.246884753862338,0.0,15.88323571756844,37.09021526290913,11.39392698529556
21129,-83.71698518933097,37.59454481269413,34340.0,13.22222222222222,0.4355640685882214,4.986027839366071,0.0,0.0,16.008947430565577,31.06149062618895,17.34975007543655
21131,-83.38134574233858,37.093834519110935,39491.0,9.593123209169054,0.2407342394302623,13.441552290040178,0.0,0.0,0.0,23.24144195351377,19.670550735298217
21133,-82.85279834929715,37.12111339486853,39815.0,23.309417040358746,0.0708933609099445,15.077909503265484,1.5949960579945337,1.7938738934675638,0.0,21.827835786717635,14.228653047055207
21135,-83.38013931927271,38.53187018270565,39540.0,10.12059514487079,2.6831463074893884,0.0,7.970136129612813,8.430338865353718,24.34061576769623,34.6508006294916,15.753314897830885
21137,-84.66079856590555,37.455078717152034,40736.0,28.0367816091954,5.486623419669492,0.0321984942468866,6.6588380131635025,9.719588995691083,30.64747383872343,37.5654150291207,12.542449926606372
21139,-88.35571516601743,37.21269469020251,46088.0,9.8787210584344,3.5220732929863,28.67832522679736,10.76300449262986,1.9433408829317191,9.16645007982772,14.28185992400896,10.797163331229347
21141,-86.8781775751304,36.86318920756308,45420.0,19.602392681210414,6.81536816740379,0.5237023175297778,4.347799862175664,41.72398037888121,11.059347400262078,14.45097208378634,6.5440170817732595
21143,-88.08325324445325,37.01651447523766,41502.0,13.61044776119403,1.7366379458309016,0.0,3.4969619992447907,0.0,17.35882736603618,23.677182383028388,23.2611307541794
21145,-88.71145910695915,37.05273808921262,60793.0,97.58405797101447,0.1888690419623503,0.0,2.970945909690666,3.725226090110218,0.0,13.194149488085056,6.309076122337231
21147,-84.48102547131828,36.74435480963629,33738.0,15.602230483271375,0.4021327931845939,0.0,0.0,8.516940878205064,19.726682090031407,24.565845521432188,41.80989544547377
21149,-87.26702722256132,37.53423275916798,52598.0,13.6203288490284,49.29076489623012,0.2419052041146814,1.878491359914244,6.430264519328054,0.0,2.344818098177972,8.920397710499087
21151,-84.28267705488386,37.719278459932625,45367.0,83.08813263525306,0.3761755319487766,0.0,4.95390237325276,17.16366886998176,16.280228343564275,26.007018687481025,16.746433326184768
21153,-83.06531752565192,37.70787390863135,41853.0,14.209535759096612,0.3379154594921741,4.633308489355383,0.0,0.0,0.0,13.045890376414285,20.578659209737346
21155,-85.26940690642748,37.552449236117205,44384.0,21.923333333333332,2.213481060167834,0.0,0.0,55.70795789534103,9.44260742526441,15.981618448276324,6.0316708683435705
21157,-88.33323736809328,36.883747301253926,49122.0,36.596774193548384,2.750835820245535,0.0424898586358872,6.534669547188754,34.276780822361204,12.739836714180372,15.333660148220163,7.673127047619832
21159,-82.51262841957244,37.80358178831956,32047.0,18.188524590163933,0.071166964642169,7.980246827862734,1.2462897710506675,1.4302824113450556,0.0,7.350158823835725,41.200031244033255
21161,-83.82453573897779,38.596583269083105,49008.0,26.170542635658915,0.669663131288229,0.0,3.5088220105204972,19.774655307090047,0.0,6.624941934847656,7.584411809738337
21163,-86.21887170384751,37.97067237794058,47847.0,35.410377358490564,1.276437936644655,3.954658074669559,11.966854882444892,24.74080454269946,19.62574834380749,22.35022490190449,9.807424421263066
21165,-83.59765603606228,37.943041720672014,41009.0,11.445672191528546,0.7561383928571429,0.0,0.0,11.167224702380953,0.0,11.99311755952381,25.61290922619048
21167,-84.87739657313854,37.80909665657642,45030.0,36.105511811023625,1.8787580988486816,0.1751837292770466,4.1616817638010595,37.202847998011215,0.0,3.510375071860288,6.803227109584997
21169,-85.62901620012958,36.99019979437335,37432.0,13.757936507936508,4.055448786390491,0.0,0.0,28.367677414762618,20.451633568225496,27.335130614278597,14.218538686027475
21171,-85.71769520144127,36.71452901245197,44523.0,13.615384615384617,25.0358180560768,0.0,6.684227545560331,12.990801781579489,14.74972207076751,21.932688018240658,9.164229622653536
21173,-83.91322878670051,38.033160308091205,43654.0,55.3671875,0.1049793469685637,0.0,0.0,38.68110631838533,0.0,8.612719997541024,6.970013894788941
21175,-83.25788642553721,37.92170577655921,32638.0,14.298989898989898,0.5393733202839788,0.0,0.0,8.755806186015441,0.0,7.849186745584191,22.202544624131985
21177,-87.14053137127219,37.217437874687086,40486.0,24.391096979332275,6.978095396006426,9.089275090113876,3.2167902321712463,8.184165316293788,0.0,7.4350392850524525,10.349127703242148
21179,-85.46659969120658,37.80858596956744,53806.0,45.43007662835249,0.5113654915770652,0.0,6.75184713909697,35.10804563643391,0.0,7.507418527776166,7.186602838168636
21181,-84.01992832203258,38.337111794791625,39346.0,15.49003984063745,6.420439264903631,0.0,12.178395338413267,6.168534289556253,32.29493500672344,39.41102644554012,19.28014343343792
21183,-86.84755228601148,37.48306741944895,41150.0,15.513175230566535,10.848811845274511,0.0414122056298855,2.299810531746558,28.45572007325711,0.0,3.262767857407596,12.691803249523858
21185,-85.45105373734012,38.403091935970586,78290.0,131.88994307400378,1.3983562626989254,0.3219691620661183,6.703952844310133,7.9001646395457215,32.472367636284496,41.27896351846837,10.044050631229014
21187,-84.82969560059067,38.51826365567375,39814.0,12.089935760171306,0.7976476316405001,0.0,3.9777365137404472,0.0,0.0,3.989670200629144,16.454644829610817
21189,-83.68373363350817,37.41938466332327,47190.0,7.742632612966601,1.0302881867907585,0.0,0.0,0.0,0.0,19.97877377745122,27.368764797126293
21191,-84.36393669128223,38.699760698916904,46444.0,20.093023255813954,0.213084623043819,0.0,0.0,12.571156039861329,0.0,0.0,11.58299004582435
21193,-83.2215795278892,37.24418693335271,43699.0,30.796400449943757,0.0516310292427756,13.109922964157503,1.6007295397378718,1.0172821459733246,0.0,24.4850936357213,13.432197813895286
21195,-82.39493435642203,37.47093878426409,44599.0,27.3835683033544,0.039253041900838,13.3679067969056,1.598207542377542,4.732321542447232,13.725088487271728,37.352942781659465,9.223205390807063
21197,-83.82273177936416,37.830995818498344,38555.0,28.101075268817205,0.3203100816925293,0.0,0.0,13.049271227272117,22.479240407520557,27.46625304496454,16.016177004966153
21199,-84.57689524044444,37.1034314435325,46927.0,37.45785876993166,0.564715966220337,0.4630326606337991,3.52272581587483,16.366250373162348,15.300077471250471,31.880536767708957,9.607021129688338
21201,-84.04851208794071,38.523714444896505,41095.0,9.470588235294118,4.059291849989524,0.0,0.0,0.0,0.0,10.323695788812069,24.243138487324533
21203,-84.31521877425075,37.3652530926617,40276.0,19.628329297820823,0.5567279930603208,0.0,0.0,4.430519051749808,19.27987881455779,39.396144334968994,12.76926861478307
21205,-83.41998780282128,38.198107963895104,38113.0,32.87752355316285,0.1573452968962319,0.0,0.0,11.365312857235295,15.797510946228671,37.30140413691952,20.831374156115867
21207,-85.0601444231988,36.990211365800086,54172.0,24.563513513513513,2.43047714995397,0.0,2.914661895746122,38.02391829219573,10.30401591078842,16.868518872348925,8.112265724062462
21209,-84.583296848879,38.29177045365227,53829.0,80.50542005420054,1.2663004397760322,0.0,2.505131244104765,39.45037684987962,0.0,5.620695921872062,4.9157554202121
21211,-85.19518215713673,38.21570651449203,58318.0,48.98196392785571,0.8077946684962536,0.0,4.858260225984094,22.28487825864458,18.1843675426452,23.2460006846217,8.987992599799329
21213,-86.58381723926702,36.746450527151865,44984.0,34.41450777202073,5.7055291532093655,0.0,5.517141034772707,34.93715602461312,0.0,3.563301622320312,5.510627390803411
21215,-85.3271566642579,38.03247685588751,56071.0,40.65191146881288,1.4370040115112932,0.0,7.531666957355891,0.0,43.80995465248103,43.80995465248103,13.94163687102119
21217,-85.32727337377439,37.36580868757868,40320.0,36.900837988826815,1.1177119570716871,0.0,0.0,10.502778806601544,0.0,11.699969446390204,15.625960940501022
21219,-87.17896749700434,36.8404371201659,50018.0,13.01675392670157,27.685888975974716,0.0719528782069049,5.20153230262059,19.87771681770041,11.605154909774392,13.75015831468738,7.278621001062774
21221,-87.87423764962882,36.81046051686614,46579.0,11.810543657331136,9.941920338401232,0.5005149102505897,6.830312157418583,8.776174604404973,27.30713012280333,33.5250866488755,14.155879389194636
21223,-85.33674343020968,38.614611627331776,47773.0,20.997536945812808,0.1169725233203587,0.0,1.4650037428834797,0.0,7.057144518010327,7.835972728556125,7.575691069159708
21225,-87.94699658370415,37.65894229728693,49633.0,13.928799149840597,4.550875145628398,51.476814387398065,1.175734428812517,11.267954286926743,7.818746917982479,12.708717664601837,4.9125640224675395
21227,-86.42711762257404,36.99935620591893,45656.0,95.51529571719918,0.7383325564289498,0.1644698070260763,4.44816957814798,32.63951118791197,12.655527983386158,20.972312040287065,7.723161031475545
21229,-85.18066446042678,37.755227899313795,45481.0,14.854679802955664,2.3015840191902064,0.0,8.276551966582572,33.01341039745233,0.0,6.932151867322883,9.725640018197607
21231,-84.82827561520283,36.805048191665904,36899.0,16.05142857142857,7.746818760630103,0.3588633914816694,2.0867505498713257,23.767264178665883,0.0,10.03125584377421,12.020053606888752
21233,-87.68071090626903,37.520432159509255,51206.0,14.442678774120315,29.848757217786492,0.5657499494171296,10.483105321317955,8.778268042520738,12.328212790462404,16.408304929106162,9.200245910569484
21235,-84.14355382662275,36.76060448546237,42199.0,32.815275310834814,0.0444050408845727,1.9133706315400492,2.0488668350611254,13.771949700646156,0.0,26.04720620818969,11.316366146935064
21237,-83.49329382080643,37.73922467331097,44688.0,11.11785095320624,0.2448874377040728,0.0,0.0,2.206851119894598,24.788050638712264,36.837658245975824,20.40299020450249
21239,-84.74841762478202,38.04090403443013,63928.0,51.22641509433962,23.22193470695298,0.032542853239284,2.9905783633965677,21.38676494516804,0.0,5.59640957583755,7.868573558863087
22001,-92.41265654511822,30.29050601613197,46160.0,33.28178090216755,1.2450250699075305,2.623704978120208,6.066884621223288,8.146124889721008,15.642236248952212,25.02458589000922,11.524622191323326
22003,-92.82775728276486,30.652960169966896,43291.0,11.244074634392335,1.4141820182736566,3.066257656583096,1.5817838946238898,22.43404932064128,10.497522765189332,16.676386696848184,35.73764045992767
22005,-90.91152401254182,30.2033231153638,59695.0,167.52888318356867,0.0091478774079379,0.1818370426006584,13.35694273560052,47.15907633575424,11.267252393439264,13.822994262223688,4.211262569030364
22007,-91.06254954282356,29.900805126509415,58116.0,21.651162790697676,3.462948970153337,1.6535520264724657,6.622187626206699,19.62701442176162,26.419703226983156,30.894585651193996,10.69337146132701
22009,-91.9978891879956,31.078039910656074,45079.0,16.89184474487571,6.239896896712206,0.4741172377645166,6.990222995741665,2.658085741325674,20.152139769578103,29.69259027733793,19.56419767705502
22011,-93.3453138412452,30.649266820829,50639.0,12.027284681130835,2.0665002560545425,2.5942289658198487,5.086155348499473,43.78097470038041,14.667841516844454,19.81128869657805,7.918494172747092
22013,-93.05650200672994,32.34718213460734,45022.0,5.930953499295444,2.4464466853630884,53.05059967778507,4.727609045885792,11.619229468743162,8.86359567993317,11.79266861586809,6.562841856117112
22015,-93.6072734103097,32.677203002416135,53365.0,57.55407209612817,0.2273904026317671,14.085990130873205,3.242122577415433,7.879038832868483,12.492040334692126,18.192776943431312,21.96165343631553
22017,-93.88306732732372,32.57380338742116,60867.0,96.5889544688027,0.0793168185743379,10.59776291268257,3.1151514106269027,10.523006594147386,14.462775120990704,28.421424002247377,11.71960541025778
22019,-93.3588785027258,30.229356755956903,52136.0,71.28526204713332,0.0337403203751726,0.3850005000994167,7.23442714805025,42.92493069807428,9.225294865906484,14.769081782330195,5.9889042441525735
22021,-92.11672786323152,32.09311186329983,39706.0,6.762446657183499,3.067593915953954,0.13196407289531,1.8360814432942616,3.968054648651364,0.0,16.885921853524447,17.953050013927005
22023,-93.1756342107199,29.876513290554104,64150.0,1.1841216216216215,0.4776244848270131,5.014633079994798,38.45456584132201,33.14359640212797,0.0,0.6662621290613158,5.496026548722597
22025,-91.84663556784926,31.67207954560774,43841.0,4.607371794871795,2.66428045665132,0.0,5.489726307484329,0.0,0.0,7.921158851347776,20.4954272326218
22027,-92.99520282373744,32.82022022817058,42898.0,7.035623409669212,16.309596580249288,16.4073158298839,2.108155327073943,6.286182032771906,0.0,4.84915912797203,23.902297671447577
22029,-91.64542165377544,31.45265715634835,42632.0,9.58161648177496,7.42924495902101,4.0441853244937045,3.5881000200567637,10.655636362637273,15.829594441254288,22.40120670280547,15.084746694068418
22031,-93.73743483878349,32.0554596563329,54615.0,11.627595155709342,0.2227566734297111,71.67292645586451,1.013211775113762,11.474908751873963,3.4765668455430125,4.602560774695266,3.64854771124802
22033,-91.0919238476132,30.538228089282736,62473.0,379.7323232323232,0.0031390332721157,0.1294995658794016,7.739423744745369,20.12137659511757,18.389248888074498,28.025149433871498,11.33666921416228
22035,-91.24501796826108,32.74596279586132,35179.0,6.236347358997314,19.04335125804953,0.0,0.0,0.0,14.75856956338932,19.71054902741818,17.934121135674612
22037,-91.04533517021832,30.845720774580972,47189.0,16.24047417442845,0.6755252673442953,4.057533579074492,5.689030514321171,9.831399129564485,14.975487231801218,21.699189685181388,40.62756893284886
22039,-92.40583032206824,30.72913005284683,40401.0,18.229545454545455,3.197052972477221,0.0,4.149680380327906,8.120975023142577,15.618979481358927,27.58052807886647,12.143644758361058
22041,-91.6746446151618,32.13184844026569,39498.0,11.721818181818184,10.49644011547128,0.6171306394834029,2.3119452303306485,2.6956496699277945,16.86571784405618,24.75703518130575,19.641635891122966
22043,-92.55527525164,31.599085735220005,38045.0,12.916129032258064,0.8890064146308175,0.9048723897911832,15.105773167735771,15.735464719530505,0.0,2.5905896001091855,31.143373822847003
22045,-91.73272348628338,29.89416077977382,46766.0,41.98034398034398,0.682448721301604,13.894280694019598,3.762773110557674,15.878805642688013,23.51889557298988,29.023370779764885,9.476652368120671
22047,-91.34876091752,30.25842073059614,52709.0,17.51976401179941,0.8759174790706101,0.5574606234578886,5.979569922118787,30.98523619122163,0.0,2.3969123935717116,9.515071201639334
22049,-92.5577966610395,32.30217117705142,42740.0,9.87965425531915,8.647838443313868,6.028111608350032,0.0,0.0,12.626048275750918,18.65612973817058,14.665563548387675
22051,-90.12284462549964,29.75928146968967,59081.0,332.09549689440996,0.0261321858295972,0.2405857498939145,4.694142573468284,5.552805031033651,22.1249794285323,34.15710460484008,5.463092226824615
22053,-92.81458197733612,30.26805222256466,46714.0,18.79541446208113,5.180800455897586,2.8440039719648693,5.624058024108155,3.821570083006353,25.72929152701054,37.2567733891208,15.104606857959409
22055,-92.06355342157195,30.207327453801454,61868.0,354.49285714285713,0.0530025001720301,8.0485641213845,4.956814689084111,7.029411427391794,19.311873523407577,32.751628552423334,7.314362226758722
22057,-90.43150213985687,29.56881253726834,52861.0,30.45402481705377,0.911985287642302,8.632859079827075,6.590353187029578,11.135522838507596,15.410448915733191,23.110000737839336,8.92734027960144
22059,-92.1604061985939,31.677625783111143,38157.0,8.634189031505251,2.569176267832636,10.832207434830869,1.9257297063443937,10.34957818700199,12.382933151771118,12.382933151771118,19.703401100011703
22061,-92.66478413356788,32.60171562437571,48452.0,39.29354047424366,4.732783823718085,7.130938207660664,3.1785089927377226,15.574257306051017,18.282159161767108,25.213787369650053,13.790879315474855
22063,-90.7237617951843,30.43791880251219,49107.0,81.21217105263158,0.3358584013724546,0.5258053220406446,9.863711824825607,8.752673490312455,32.21099223333745,36.45741435384038,11.646693689177308
22065,-91.248203352868,32.35824127002223,41719.0,5.7111913357400725,5.2275437364216994,0.0,0.6229683594962349,39.65537659876835,9.232427841029748,16.19452294222382,13.942158480210392
22067,-91.8018371317482,32.82401085277228,42789.0,11.41822429906542,8.532069616016551,0.4993001886448001,4.4459319661656425,13.546826507637071,17.845950222114038,31.86058540741192,10.77283514878598
22069,-93.0953022958869,31.723614093039032,49520.0,10.84840425531915,2.932643624758452,13.87532754167866,2.187255124163093,27.264001537991067,11.49403298104982,14.989098828648286,15.987002467665198
22071,-89.91213094620709,30.034533243409975,62896.0,419.0871040723982,0.1415272356881061,1.706541953311374,2.93307734858368,5.729692927976027,17.891273364771802,30.762180812336315,14.37131901232332
22073,-92.15421492867809,32.48095341726591,46999.0,95.81785063752277,0.1634483512628945,0.2256014080236699,4.374440154523015,8.932954938497327,15.944816479180158,28.512467392894475,10.816599122560511
22075,-89.60046495083947,29.43313646003786,56074.0,7.457274826789838,0.8411779425537412,9.793528309468712,2.2073585137885527,41.99977557720266,7.708895918629619,13.138243084666897,6.179397498147697
22077,-91.5987486607394,30.7095397911164,57550.0,13.19047619047619,4.288705923937351,2.6272112698862484,2.6837858145006583,5.777613660037341,17.058064439689858,22.04778130038516,8.566649848986446
22079,-92.53321325198984,31.198551128218664,53454.0,36.07301136363636,2.489283146090454,0.3205170451799421,4.847869736951947,8.72983862109569,12.838183194860012,27.82199258058327,16.42151542977989
22081,-93.3396208339444,32.09308213717663,55691.0,7.171455938697318,0.3652258913221971,75.87385522432699,0.5772611624493316,7.175481071232018,3.4691596481316824,6.723447161799284,4.039126019143153
22083,-91.76324944940804,32.41850141043587,44653.0,13.58082191780822,3.153306208384352,6.1341264065455725,4.962185284076798,15.111059491611076,13.606749194715206,26.017463590748523,9.483270957482691
22085,-93.55445279043872,31.567077823100067,47143.0,8.442396313364055,12.441563076989135,39.14998765511615,2.142642449224956,16.15307924341964,8.69160333204517,12.02203830134398,6.557884086907982
22087,-89.58971911819263,29.87746387671477,41436.0,32.27431059506531,1.085205676940219,0.7590922556758007,12.653536573518249,31.63797932016326,0.0,5.130859157142532,11.20053876479894
22089,-90.36295844228688,29.887493565161805,57319.0,48.058380414312616,0.0146790533050041,0.2373026375858394,2.551403419942739,69.49046635494429,3.022112726305499,3.851954082605157,2.493233091028003
22091,-90.710653310072,30.822376635056923,46724.0,10.153990610328638,0.517726409978308,3.063567651843818,2.4081480477223427,25.705836496746205,0.0,3.2698956073752714,18.040350460954446
22093,-90.7956872172004,30.02621951635334,65903.0,28.994020926756352,0.4767426200423544,0.0206542700147033,1.7233315249891836,72.07484266091268,4.7669003491360415,5.533416242552996,3.7709964385260855
22095,-90.540458182,30.09505138289209,46005.0,44.42491657397108,0.0025186000927491,0.2538933744874129,2.9928825285635825,69.50174002917417,0.0,1.8837973372620411,4.271846140799912
22097,-92.0055207945709,30.599364361971375,46490.0,33.58371040723982,0.9218951432802645,0.0,3.935025033415191,17.02726566020768,0.0,8.600123137610456,13.54911256401168
22099,-91.6085737301976,30.130025181097672,46281.0,24.236406619385345,1.2011800109699513,6.684554605155878,5.5896941755488685,14.68348725854989,21.95348147708911,27.27301836725618,9.369109210311755
22101,-91.45230837138986,29.725117498686057,48175.0,27.607390300230943,1.0416177777508626,15.533700422854428,3.337658267614014,26.469294228256608,0.0,3.576382528072962,8.657236594091543
22103,-89.9346708517756,30.45363582550723,73815.0,92.2408094435076,0.0502702031478418,1.4927033093486588,5.63984355567201,8.445922813800639,19.148337524343688,27.43087734238064,9.362295039477935
22105,-90.41276263044074,30.64492648230051,47564.0,64.34541176470589,0.0801866541063486,1.0616699109523473,5.288428807033778,16.482082789724437,15.22573837024316,22.631202525401992,17.266373222068925
22107,-91.33151465688694,32.018292832713264,46925.0,2.3180722891566266,18.163037291565654,0.0,2.329405316525075,2.0504388276380605,0.0,0.0,13.405147880346563
22109,-90.86627140268274,29.4222181704706,49729.0,27.941789052069424,0.524573996799738,13.039573194460417,5.07877542879677,8.520112730298997,18.41946949453922,27.183077591734673,7.079312703792564
22111,-92.37677950192592,32.83381489001392,48595.0,8.899354838709677,20.042291087633863,0.5664442646717234,4.360147057645635,19.032911757402942,14.263630465602448,20.806414148291136,9.097069259665677
22113,-92.32397683380036,29.846978576474864,47235.0,16.98717566358485,8.96928562244112,10.527296127746046,6.778337104684126,5.592374460885104,16.72496938656566,22.875175298713817,15.162512572838343
22115,-93.18625361301063,31.108009997829676,49002.0,13.396512292738707,1.3872604881559694,0.4312671564056196,3.0571574819387877,2.0632875719634445,11.210522294186807,15.40114254164164,55.658152789679825
22117,-90.0417084394135,30.85331996655525,42037.0,25.671420422133487,0.0876743549199226,1.2766151662647338,3.327576713220203,23.39256321240014,19.39259560259004,28.54341316042861,15.906454187020955
22119,-93.33467091240055,32.71045156443771,50954.0,22.596702599873176,0.1628795190391192,8.967265771226932,5.923956302309592,15.315157048967237,17.490498694722717,26.859071261416208,11.273243586935228
22121,-91.311418484539,30.467126025116738,53772.0,50.714285714285715,0.69278827849564,0.5567358101681892,13.805612312847405,30.10903506222618,0.0,1.1640209544565847,7.233703780902055
22123,-91.45529974447668,32.79160881407074,42525.0,10.044491525423728,9.88803064038777,0.0306953645418144,0.0,0.0,0.0,5.193014284798006,26.08922730146513
22125,-91.41389198491603,30.87886774643342,44600.0,14.276437847866418,0.0397120185529331,0.0733897673462831,4.181830487577151,12.166555630666812,0.0,2.001175867161259,16.528680313358
22127,-92.63691718455996,31.944414697877196,46741.0,5.36708350141186,5.492802681017813,1.4374113987237018,3.134451108221466,34.78169085319639,15.534305094784123,29.068402017800153,10.729202247668695
23001,-70.20634797982594,44.16631346626994,50842.0,88.15384615384616,2.7252593814387547,0.1931565629637888,3.878510534236146,10.404784461649207,19.00119955103537,34.531820189860305,8.104910315652731
23003,-68.61287994191449,46.668964785433275,51604.0,3.785107221252885,6.532738240728972,0.0,2.3656947526911156,14.568443796990644,17.86310507327852,29.641960628073637,16.740584761588174
23005,-70.39905039178578,43.85081689548504,79361.0,127.3400576368876,0.1842825151036878,0.005022444867192,2.7513147313233235,7.598952383000992,25.540505867080043,38.55935641942501,6.750775698014295
23007,-70.44875786020206,44.98304166767592,47962.0,6.680637415411482,1.7084786925385314,0.0,3.482151299648152,12.81213275101968,21.590134319370556,21.590134319370556,11.716064505717087
23009,-68.3478176315792,44.682912345061034,64226.0,13.122713591109052,4.3419995812199,0.0270331930107476,4.647677801842008,3.370492254130766,25.31500701612928,33.884310434812505,9.280667047944071
23011,-69.7677237000705,44.408528150637835,55572.0,51.76832247557003,0.5812565388845669,0.110979960833758,2.7691740215146066,5.356104300238753,16.755371945167262,31.009308689003944,23.03090377444537
23013,-69.17683301301639,44.15893428206743,63526.0,43.28541448058762,4.786321732294719,0.0,4.0222066815720785,9.543206977638478,24.068156527243215,35.70952142738036,9.915884813154875
23015,-69.53839037382507,44.08106302084846,62829.0,30.37102177554439,3.323739190809821,0.0,5.479517768099476,0.0,30.36729154831787,30.36729154831787,8.655368301458056
23017,-70.75810897640663,44.51033279086001,47722.0,10.52111680508924,2.2863863181728257,0.0954914158844606,4.332637224945594,13.429733353850212,22.106834318876263,32.79009034754127,10.845046272889142
23019,-68.64857352145692,45.40590439590622,52005.0,16.785969857963785,0.6967918380589373,0.0052974544201135,3.564186194457073,3.877148029476449,17.50433155189751,34.83917987871419,14.267116016370782
23021,-69.28398354753227,45.842506761414775,52722.0,1.5341099638160798,1.3956462333029278,0.2085667128033827,2.0991148601245566,26.642748310470076,0.0,9.393113999977164,8.67860808360937
23023,-69.85560616093395,43.97879838065214,62863.0,61.31475409836066,0.4523090818339553,0.0,4.467473201340527,0.0,0.0,3.868593476417972,8.927815938963231
23025,-69.9607013924532,45.524089563540755,48245.0,4.775573233504914,4.11661102976704,0.0114604984124917,6.473714659261046,14.377561994420113,21.731213721792276,31.786104924988745,9.33480516694279
23027,-69.14588644394807,44.5033631146532,55230.0,20.401826484018265,1.2034929679086226,0.0775095096369626,4.2685404763041594,9.493349885672147,0.0,9.260078623609363,6.79234772644077
23029,-67.63521438497158,45.04705735918913,50007.0,4.379013203613621,8.017877796975625,0.1388858618251015,3.165665731491843,13.236619271615805,19.311297478034163,30.07074310699998,16.70245282352402
23031,-70.70821428739656,43.4865618070463,66461.0,83.62249614791988,0.413309075381398,0.1362192847253289,4.203508683795344,9.341237233502133,24.28110699064689,32.50314087353745,18.49277913065471
24001,-78.70342042282175,39.62317340120392,46861.0,62.08771929824562,0.1131709077499667,0.0,3.5376051061938516,7.848484197096613,0.0,15.21794482479248,19.30790146683181
24003,-76.61122764853087,39.00544918719423,78361.0,541.366184448463,0.0524972040829803,0.048429632132373,5.454096837252302,6.141224772103259,14.491893630772404,20.00270110645913,31.92845906716486
24005,-76.64635655482296,39.46768066428113,70027.0,542.0644955300128,0.0749696554474938,0.0581952407023495,6.427118303336973,5.341224182815763,27.7144000717551,36.95200375871089,12.380009701185438
24009,-76.56223610714535,38.55265423075036,71046.0,171.16094032549728,0.0398186895860589,0.0,4.929051975844532,2.2660733212613753,0.0,5.70403630829124,9.705724360807146
24011,-75.83113599384372,38.87380743341151,56216.0,39.97497020262217,14.676940358219978,0.2137574116247101,7.324044438973348,8.024109579204367,0.0,3.664458566709752,11.49603260089042
24013,-77.0218724966613,39.564006689495834,70418.0,149.67519181585678,0.7481474517443545,0.1191749533009882,10.33076925448033,6.814331099589624,23.139732793289316,32.45940936281792,12.073672443164888
24015,-75.94057538640415,39.57685893107603,56194.0,118.70927601809954,1.6863882822092555,0.0,0.0,17.588827583144244,0.0,5.523989317399193,17.527647819992602
24017,-76.98561385467251,38.505833112780735,62650.0,139.53808353808353,0.0157297550808143,0.0,7.566343346610259,1.4350917865704045,0.0,6.103448528032976,23.928820926535007
24019,-76.00037762424864,38.488076088123506,55660.0,22.5286800276434,7.655977543590097,0.0,4.426931765350659,14.92550247622438,0.0,10.101110055848258,15.239348839061226
24021,-77.39619147578335,39.47557966582818,71200.0,167.8207217694994,0.6508264534202683,0.0,0.0,7.102894504723429,0.0,7.252934161310972,16.28116002256613
24023,-79.27383878032583,39.530850953468224,53915.0,16.984569732937686,3.208854396783013,3.5969546202560014,9.157205883294592,7.482503153594457,0.0,8.010193954063174,9.98008593144694
24025,-76.31661830412874,39.56566137322188,67040.0,228.88811795316565,0.200740084580555,0.1822149790312308,6.150221661926839,5.943201560266149,17.846177123063075,24.801721215995233,27.898141272417128
24027,-76.93145861816133,39.250885835735296,89462.0,512.0837138508372,0.0352799097618989,0.0413335867193055,6.194848704053358,3.917823251023761,18.067037958853387,23.808651700546825,6.927631740271205
24029,-76.03606579367963,39.25570313399796,71928.0,25.77896138482024,5.505399954042945,0.0,0.0,18.462736487349044,21.243223461927982,31.415732632062703,9.095241742623466
24031,-77.1985610295498,39.13905952976669,93487.0,833.567949725059,0.0591714704079612,0.0122177137678649,4.285838353158647,6.5438629989934185,21.585471280904105,29.42911754453183,20.725563599233716
24033,-76.84520733720925,38.83258065368063,53980.0,756.2323552735924,0.0171229503869054,0.0204895445150207,9.551598660109685,1.7611937574999106,17.493024660973894,23.261558159487233,31.348767941480105
24035,-76.01352069367032,39.073059359452145,78849.0,54.18723849372385,4.796640791778822,0.0,10.700201789465922,7.856328479558488,0.0,4.054529502490429,11.390727195714826
24037,-76.60583267838368,38.30196321850448,66056.0,117.82889344262296,0.1104758808968972,0.0,4.130798611034849,1.578673981941696,0.0,4.524668187997883,44.59126120407728
24039,-75.74137668020916,38.12374541985171,39672.0,30.22766217870257,19.32316583123098,0.0,2.6689057867365165,5.409117893397899,0.0,5.210527251801924,27.13137723668532
24041,-76.09157024917772,38.7778842593233,91345.0,51.50474898236092,2.243192281601955,0.0518616824701764,6.907171283985211,4.822807971341801,21.46884767694155,32.11211321368327,9.511136916484212
24043,-77.79946829018171,39.60345167688752,53244.0,134.6681109185442,1.365764840405687,0.0720935338880313,7.999463165425992,11.887559672837938,16.491520897937235,26.777613253952527,10.853501845426996
24045,-75.61913308119918,38.37319757347329,47638.0,105.72507552870093,4.156538721266394,0.0146021987729427,5.132980034682979,11.832916191412616,14.762555173707096,28.61159868243116,12.085233365031812
24047,-75.35565038406654,38.22316077208402,66279.0,42.52283464566929,5.841246179561702,0.0592360887532471,6.7677162489360105,3.075452829439757,0.0,5.577784785283649,10.048111060637469
24510,-76.61644143833712,39.30723272045361,60489.0,2679.169014084507,0.0050861595602445,0.0070715084807343,3.1613534054415062,3.4337993098283817,17.737631263254862,38.027324799918595,17.244415596548322
25001,-70.30051480551728,41.73308608446518,85891.0,210.28119349005425,0.3375965655513687,0.079855176653634,6.560067774308847,2.695678539801899,32.539863691139196,42.066433268475464,12.635370861945486
25003,-73.20482063094431,42.37385792203225,65325.0,53.247431154952736,0.2984061497231919,0.0,4.451849501040234,14.536890905504045,0.0,16.55254111617171,9.86515315696528
25005,-71.1149681669765,41.80410582731493,64254.0,394.0345762711864,1.1814006486582995,0.0,0.0,0.0,16.18983286130123,27.360526320007807,10.831281024309458
25007,-70.65891435331926,41.39947562685275,89786.0,73.8,0.854265134957634,0.0,0.0,0.0,33.33109031987166,39.83150482875938,9.643468524240696
25009,-70.95833173484674,42.67421809506797,79578.0,602.2594795539034,0.2253144267318015,0.0135898800487081,4.651913621914767,13.987222602326147,20.407270387553147,31.61411740241166,9.608196172892598
25011,-72.59213108050031,42.584604575130896,63382.0,37.572712850343734,1.0943245810234277,0.0,5.310939815696438,13.790210691782985,16.964337461692132,29.75088502849951,13.798312857131029
25013,-72.62820478096437,42.134231444225925,60870.0,279.8302001212856,0.165258221694642,0.041407217472414,3.7178848328469303,9.224739516987988,20.507495869180374,37.057777185709675,13.872220924347904
25015,-72.66441717012441,42.34017471417895,59187.0,116.72335920959776,0.6362124063695377,0.0347490029442355,3.19201999877739,4.256351827259953,16.589950059417976,32.77432527754763,23.04632781294588
25017,-71.39371324418146,42.48755224918958,102212.0,735.1398285972034,0.027270974082587,0.00861436864737,3.4601045843840517,12.68630679215956,15.271121669428693,25.24537736561167,6.289753555655484
25019,-70.07255029117697,41.28684862649908,110732.0,93.92207792207792,0.1709337332466954,0.0,12.893102618698048,0.0,0.0,4.265024293837392,7.287139442804371
25021,-71.20966003275377,42.16086012666303,108484.0,674.6472222222222,0.034892554966169,0.01103357957844,5.191443524098694,7.0634876536308555,25.46159945623313,34.89341049111395,6.78212763519818
25023,-70.80800743666907,41.95473024610192,80493.0,289.74891540130153,0.3497856358289338,0.0466717709422934,7.4233873390343055,5.858826211739115,26.00017253889443,35.19970914872083,12.57058612386752
25025,-71.07190972981944,42.33598755949403,100309.0,4982.474358974359,0.0032510203795977,0.0021354512902597,1.9976487514380965,1.2031260929783776,31.99478053695783,46.34629097753801,7.688991683835024
25027,-71.90873996215744,42.35283459801359,66178.0,210.5898808075894,0.3255789181506539,0.0624593394444516,4.600979870536973,11.935805083089772,19.010166434026335,32.06732215556976,11.55319277724932
26001,-83.1389358816198,44.68711892110693,48609.0,5.760688506385342,4.633212888328238,1.2315323597955998,3.06065724487396,6.5988183561038545,37.22000099776927,50.47144598148425,8.906516146044915
26003,-86.57416251812762,46.95041423455573,42060.0,3.615257731958763,0.8979122723384247,0.0,3.503816943441322,21.329824401010885,24.167553695153888,29.363363873234377,19.617587326049904
26005,-86.29115695908776,42.595059252471394,55332.0,55.548327989005955,6.363988400010326,0.116068739404683,6.835113203163321,33.51233574569518,15.108280912509573,17.947111619781943,8.125121550336898
26007,-83.18729856525754,45.03157746867885,48865.0,18.758463541666668,2.275241259929911,1.4933455925290318,3.2057647975112644,20.44109300251358,15.684108496857466,22.235860081514723,18.64662347680609
26009,-85.17454944254777,45.008295772041016,56240.0,17.89101620029455,3.95753011846932,1.4872476763843137,8.481280778302674,9.490642059615526,0.0,2.443555015067587,12.348739467723291
26011,-83.74868397793315,44.04260620563142,46676.0,15.8604407135362,6.392245145195956,0.3432470529626995,2.8892004551467245,13.63496553376898,17.83318457407362,24.833424224297513,9.446936345503916
26013,-88.35224858819728,46.700066534992885,41374.0,3.4486531986531985,2.2466987736399187,0.310216115253575,2.1599685047760846,20.407365856690813,0.0,0.0,31.27262609189857
26015,-85.30879381943413,42.595271991678466,56813.0,42.42904953145917,6.993308742972003,0.086300489992805,5.182433495674584,30.738957842408578,22.82821155100389,26.986766928306267,10.30593127828642
26017,-83.94210236996652,43.72164757160086,49910.0,88.65746333045729,1.5367237312225426,0.0,3.2473717502786723,16.764697191104975,0.0,10.582497502115732,11.105892296251628
26019,-86.31182256919472,44.65004320137833,56921.0,20.35072142064373,1.149151845918804,0.0,10.043145330093443,5.69308268980933,0.0,5.9192365145741,9.461540719274208
26021,-86.68684020810103,41.9960610287394,60293.0,101.70365448504984,1.9011709967995891,0.0,2.957615209900932,22.6178125108257,0.0,8.287480469322512,9.038739803853815
26023,-85.05894987086685,41.91579402065672,43743.0,33.04592592592593,5.0797651445789915,0.0,3.2593599259270323,19.23019484361161,0.0,3.063379027746346,15.370657776685166
26025,-85.00548596082204,42.24676688975615,46136.0,71.68367346938776,0.418921839344298,0.0,2.596821362454925,26.62471874471914,0.0,9.011607947936644,15.97979699708921
26027,-85.99380874385238,41.91523913708512,57092.0,38.94621212121212,3.184312320148594,0.122209050031262,4.664701143036324,15.653736398170588,0.0,3.5711288848061407,11.654655016533235
26029,-85.37492083748455,45.50233121891893,67830.0,22.45657781599312,0.6965627900860453,0.0068665168556794,6.355933026844841,20.6423691296949,20.70973872903364,26.824825438242485,10.505641232267706
26031,-84.49235297467378,45.47458789905613,48075.0,12.613514827418571,0.3516016856967189,0.4964740262811369,8.503035598270493,2.7701234401953534,26.624524248692538,32.148964610823604,13.28618759225655
26033,-84.53488542922945,46.33238387731392,43675.0,8.978196233894945,1.2594096530328849,0.0898332853246029,4.008810357610407,5.156556121043377,0.0,3.194103365470122,41.06301791016253
26035,-84.84787399909123,43.98810822052776,41203.0,21.00670690811536,1.9087005056558188,0.3095916489312921,4.44796868033002,35.16086748908207,18.700331727926176,23.291790919699075,11.790018436356622
26037,-84.60152468782881,42.944024917541505,57392.0,53.52956989247312,4.527087817237904,0.7266442219756627,7.09953764784301,10.102795554439323,31.27081670910811,35.88359986845447,8.263312891497192
26039,-84.61038742551713,44.68389109090341,41434.0,9.199315068493153,0.1241220853959947,0.7896701432930586,2.4384100776261337,22.04317636570534,0.0,12.723510353775122,14.077437685277127
26041,-86.86851372756323,45.79386542135927,45539.0,12.067518846279908,1.509403031302678,0.1111930035077865,2.800585594089773,16.813524294159578,15.76172582291221,24.277363052882855,12.754475770339084
26043,-87.86963014700952,46.00967585270938,54357.0,12.923880597014923,0.6854217912991355,0.0,12.150708367681814,22.578334134379094,11.962377182196402,16.809176426459477,19.155748020954633
26045,-84.8382390128836,42.59639532338044,51378.0,72.5929380413058,0.7436317484920424,0.163924662806275,4.54506458152244,25.03836141679037,24.648844332634983,28.11371293432233,8.307913601811736
26047,-84.98156027770004,45.58494236654057,71040.0,27.385108086469177,0.1249122618776181,0.0,6.7932330995140315,13.080021638344578,19.167236685041377,30.308346410225457,9.91787264671826
26049,-83.70666527573783,43.021906000905,48709.0,239.16180844735277,0.1836521423563119,0.0218469492675867,4.337585489279818,10.467371264849316,16.89064316612194,29.456945660964024,10.56126106348328
26051,-84.38823584481574,43.99080018960965,44108.0,19.19745699326851,3.336776067113687,1.1325345477442958,9.453961016837289,14.234187951858807,30.479610275400866,36.08734197762758,13.026733808894384
26053,-89.80037658148868,46.503150894029304,48497.0,4.932853717026379,1.368990822205466,0.0890344421802395,3.0508100236217346,12.462923884179304,0.0,7.101877142822634,23.67108330414407
26055,-85.5516522685329,44.71686324163562,63643.0,75.73663522012579,1.0309686206728812,0.7847294786860595,5.62136744926667,8.348024144859304,23.25080309427591,39.30231319476045,9.040514004966656
26057,-84.60501445475639,43.293066500366926,44047.0,27.793243243243243,11.607873176401895,0.0445136045038554,2.0614994817459404,17.34161111393822,0.0,10.638590777488222,11.932699286764567
26059,-84.5930332028697,41.88829390737085,42742.0,29.15433673469388,3.76355472506493,0.0010640098172639,2.4115022501274277,34.054951547019606,0.0,6.654824068510072,10.528377141826429
26061,-88.64947151638975,46.9891819483229,42495.0,14.32057597574839,0.8483753733843978,0.1831507099516919,5.739872779648195,7.281373277973449,19.82593851256024,31.444539203743837,28.50751227116948
26063,-82.86474318787589,43.911317232859815,57094.0,14.401294498381876,24.621601947840055,0.0054908506739626,2.74375193487119,9.911612992293984,14.130416593455324,20.563758712149735,7.494174468904005
26065,-84.37356463650173,42.5973627897023,50089.0,196.116391184573,0.4165747555415399,0.1022822971609629,3.132901342798565,10.45047046322406,20.271422957632694,30.43923048463902,20.86089979864454
26067,-85.07455913514927,42.945306701276984,41060.0,44.456724367509985,9.518110477465145,0.0,5.046261978705531,21.582002953953697,0.0,5.187660717606159,15.868355052938862
26069,-83.09866600837474,44.33877222108549,46391.0,17.355146557600545,0.899268073985,0.8074297788930053,3.630783987988907,13.220109545621996,0.0,5.275619148241083,11.308795623735811
26071,-88.5314340384513,46.21370230650322,48200.0,3.7745478036175713,1.4506503442999237,0.0655445039530732,5.7528691660290745,6.171129813823004,27.835756184646776,34.03851058403469,16.727365467992858
26073,-84.84679832998377,43.64074004758482,45613.0,43.10360962566845,2.4162147840444854,2.065170206735061,4.5320297618143055,10.752251594500896,0.0,6.643616082902815,25.063743695832724
26075,-84.42332884782013,42.24866530220101,46600.0,85.2870864461046,0.064317917926033,0.0,3.1332121539221234,18.68060817902225,0.0,10.481581192394897,9.498997073353328
26077,-85.5310578447318,42.245726909339346,60953.0,173.93013972055888,1.458727934360079,0.0,4.9958015057215315,29.90022502559444,0.0,12.023886146852478,7.867334002152865
26079,-85.09021199920691,44.68480586690153,43645.0,12.342586323628977,0.9800269200520132,5.816215691564146,11.373365134964237,3.476626229494157,0.0,2.0212876805791664,15.177571000566664
26081,-85.54922410692433,43.03265664774068,67750.0,292.3534100974314,0.4817666119954575,0.0358625621376298,4.2488418121192755,18.45847408749033,18.267874233737764,31.015866892949155,5.512107704767458
26083,-88.25509293609902,47.71301469153117,56726.0,1.4814049586776858,0.9422531396558852,0.0,6.179527020284814,1.5994069934854815,0.0,0.0,13.944206069763796
26085,-85.80172238266599,43.99031117656878,36352.0,8.522880215343204,1.3845934956305554,0.0587834447847477,3.4670999917628293,2.8305913539661978,43.36009165724384,53.48582083405097,15.579110535341206
26087,-83.22168481347799,43.09055531396005,50846.0,51.66045428072219,2.353767479117932,0.0,6.289471316542544,21.316723938773023,0.0,4.71261398793803,13.392022730834643
26089,-86.03637095627927,45.154350475804186,80646.0,23.721243523316065,0.9057162082355048,0.0084367521385108,8.667322401223124,4.1774269552173084,35.04297599229581,41.73980233307063,15.7942173266196
26091,-84.06657628024789,41.8954773950772,48526.0,49.8650431253171,3.964498097175255,0.0,3.1070724626729387,33.60736948385485,0.0,8.250104429708834,11.015969873865703
26093,-83.91158837818318,42.60318564659738,68737.0,129.25708635464733,0.588274703586784,0.1064703762621029,6.594241140099968,17.77230630615792,23.74704499355524,29.619108266361348,7.0785606033121
26095,-85.56612038873698,46.717995919505206,36137.0,2.603663613655287,3.0545374922450512,0.0,0.0,3.0383759182120085,22.742462711077977,26.160374948517568,35.38706969809137
26097,-85.00923096993917,45.99906383709553,53398.0,4.021603808128891,1.8805437637303648,5.064006210667151,3.448902396722882,2.0825556234617864,0.0,5.927057696437125,13.244247699905848
26099,-82.91116380795235,42.6741046577432,55509.0,698.9106145251396,0.1569811491217431,0.0361171043897668,5.2280064865530225,18.589565569966993,16.937330841450446,24.33751897953206,10.097778569278194
26101,-86.37329261613347,44.34622708579331,46333.0,17.617524339360223,0.8560857522593848,0.6352198998676746,3.405217482478785,15.276053190322289,24.7140636695575,28.289566297133018,20.208400280766615
26103,-87.57420503860394,46.65816959405292,46533.0,13.861392274323489,0.3548807666259924,18.342457702210435,3.625691040416727,4.726075009770782,17.278471760202635,29.367211344250755,13.734198930136673
26105,-86.54514048539359,43.99836556931985,48179.0,22.22331566994701,4.152067781763845,1.3597895184300186,4.393673959668433,18.80985811172011,16.94358926466705,24.44167316102355,12.796271487733716
26107,-85.32463160683606,43.64109521134146,42208.0,27.98918918918919,0.4898791230196519,0.1057808847718812,3.116275106051424,17.23903774564973,19.6041603540819,26.675653081984247,23.03622251320232
26109,-87.50618768377731,45.526374364027305,48176.0,8.49963503649635,7.043357717454284,0.2874210163618556,2.29582536687607,31.170380664279683,16.446539119543143,18.73985026679299,17.762047397611262
26111,-84.38820351183782,43.64699641389379,60647.0,61.27359180687637,0.2958334040415448,0.0,3.355226546183775,30.456708726836723,9.481678575880052,18.46941396839255,4.400020832102036
26113,-85.09475146859216,44.33761663858619,43328.0,10.24764468371467,21.7648870026487,0.925334058379414,3.972688330419345,14.723057005547682,19.92736334712001,22.725332978012737,8.586574283311755
26115,-83.49601524585277,41.920716138090526,56678.0,108.0751043115438,1.523972060196287,0.9653628434624104,4.168358088344613,13.969306078854418,0.0,4.739817145017417,6.808763238787939
26117,-85.15270550516455,43.311115789765985,41179.0,36.05623995715051,5.599486799361638,0.0734662713361038,5.928287602984422,17.280269521471798,17.076832251845012,25.600742459960628,14.929196944289174
26119,-84.12746441827588,45.02778382121194,42119.0,6.5679945054945055,3.1860481517428054,0.0,0.0,11.56441109995399,40.27209193765595,47.67452404060894,9.722702650058602
26121,-86.53628547646699,43.28937659527011,47491.0,130.3088344469191,0.6320289989776001,0.0,4.4714446379046615,24.026585363912428,0.0,10.473804561773036,9.956196931559374
26123,-85.80086619833575,43.554758705861325,44565.0,22.746863799283155,6.6708944067434635,0.0145464768106277,4.396795198681991,28.539969577705428,18.75329611178668,25.592264979057433,10.525928686306044
26125,-83.38577305498954,42.660733387594995,85455.0,542.5948936170213,0.0255294910788131,0.0554915509449788,3.205040224246035,10.98398871791455,23.925373262470153,32.008557944769215,4.219927237847706
26127,-86.5857448587071,43.646003418196706,46180.0,19.05583038869258,6.799014459972534,1.1496620620944071,5.347227832081212,18.347200904758058,21.327786304763443,22.87772302555403,16.837520532083904
26129,-84.1265758829135,44.33498376815294,41175.0,14.02013422818792,9.12893458827259,0.7010967754244813,3.38308180245127,5.533336953538579,0.0,10.568112938662471,9.699557209761052
26131,-89.43406942067821,47.02242127150974,46746.0,1.7121696195178624,2.034316502385538,0.0,3.2862519984390146,1.2941072799828794,0.0,5.010259702657452,20.323652705917898
26133,-85.32533873635971,43.99011764225445,46626.0,15.671832884097036,4.395496480343775,0.9950866181839372,14.297261218600706,25.49087954174864,14.46927814403018,20.522029281726816,9.680862199766256
26135,-84.1297592918036,44.681880718449776,44241.0,5.671843349088454,4.062328905281964,1.0575454571650866,7.175172175316255,22.426735440739996,26.870515517390427,27.69285076218194,10.930611186352763
26137,-84.59890693311912,45.02160560771085,48374.0,18.783406754772393,0.6839958134801314,3.499054563537956,5.96680274783735,8.994151015404544,17.092378105194985,31.047396146551325,9.668244321598742
26139,-86.4215587806232,42.949231578511885,60379.0,201.14304812834223,2.3861628417071836,0.0,5.031795025107677,30.555496951987543,0.0,4.250677607162348,8.508954597935094
26141,-83.52730833688393,45.448726640763624,46700.0,7.529312288613303,5.446235510970898,25.866683208677465,3.472271454397221,3.3397876714756656,22.99147495657722,26.319299209528197,11.880339229378611
26143,-84.61159004673173,44.33584867240696,43900.0,15.79680213191206,0.1312608141011617,3.268166979665938,4.569836719502459,9.126178008983697,31.00496915939097,36.43084231371335,15.689076656883664
26145,-84.0531036209374,43.335275023964144,48072.0,89.08983451536643,1.0734089856479985,0.0,3.444857134325379,19.959168352286493,16.866141978457065,30.84555019412769,10.629295174093649
26147,-82.66691138265875,42.9331064756308,52795.0,88.92213570634038,1.0060501508593107,0.0,4.894249463971711,16.6122749163305,0.0,8.220196155089099,10.831920579570909
26149,-85.52769417663141,41.91440335833096,47829.0,45.014063656550704,7.562727742732804,0.0,3.807835203922415,37.291392702606615,0.0,5.231503835626222,9.554365596272588
26151,-82.65224682965092,43.44460479912308,47311.0,16.233880656788145,20.67693830591112,1.718237980636185,3.3183387503411472,19.591437374236673,0.0,5.116098278453923,8.391495393157712
26153,-86.17594867931045,46.042096135366705,45463.0,2.587361769352291,2.935454066718592,12.978245034261157,3.511571219999811,6.877772977677431,0.0,3.7181156838198426,27.178098088123537
26155,-84.14666782705909,42.95397348339322,48040.0,48.55,2.7977118367384475,0.1637029986158819,3.9783967222613086,13.585877397490195,0.0,10.494143939080413,12.724413359268302
26157,-83.44031907206045,43.492351265398014,44574.0,25.0625,10.663249004763829,0.0687568674443126,4.238288403587825,12.128363736417224,0.0,6.9984540195192775,15.027901380952011
26159,-86.31213891864068,42.286300467530815,50247.0,46.86687306501548,4.321394610789955,0.0,3.1163718587465596,9.797353753236823,0.0,2.59333365867942,12.660547202541249
26161,-83.83863823506908,42.253398896453774,72906.0,196.65793693212183,0.0991493228996771,0.0079536793426058,2.6220465910170296,5.847594149469862,15.188706115737885,23.780984081578172,25.563979691212634
26163,-83.27035656974665,42.28498489427241,50121.0,1150.0397912589694,0.0249976046262948,0.2078102820552975,2.7190567938635524,16.289008349643435,15.093762446871873,24.94350055793889,9.064398232868047
26165,-85.57853132629008,44.338587471610026,44118.0,22.86040268456376,1.1660989139526166,0.0,3.3597928530455152,22.234328583011003,0.0,8.514432028303247,13.397703565786143
27001,-93.41555865920502,46.60990547080366,48881.0,3.123452012383901,0.9162999561852412,1.927503026335614,7.105957248571691,7.222161608919507,0.0,13.12988045324896,12.153659917808362
27003,-93.24661276914064,45.273492832100935,60202.0,319.61851211072667,0.3663920802753422,0.0,8.00442682319018,19.576719124004526,0.0,9.175620493228749,8.780917707506669
27005,-95.67402848183102,46.93489357973709,57328.0,9.456707642971672,7.764243710644819,0.6924629603179084,6.676775695812337,14.230589944339442,0.0,9.339004576190302,16.82671706787222
27007,-94.93836448630744,47.976321532675,51054.0,5.870307167235495,1.131580535211652,0.0738150070842147,6.84440404291312,5.990554673974176,16.27110014749789,32.82010763073646,23.58213306872679
27009,-93.9985981704043,45.6994842949755,54471.0,38.95970009372071,6.283896897074266,0.0,14.346697542177669,19.226723548303177,15.770587017947744,21.921657899518426,7.362420697773925
27011,-96.41307602970356,45.42705673682276,69521.0,3.7970479704797047,33.5491839866943,0.0,6.748848898427898,0.0,0.0,7.415968056549202,15.391435682008572
27013,-94.06716275656878,44.03629848230083,53707.0,34.8056943056943,5.759814032478071,0.3246201205858057,5.634350192662272,10.635439218791872,15.233136907145717,29.9792934478768,10.586076725654744
27015,-94.72656465403703,44.24353471035341,62583.0,15.96656346749226,14.2855378777886,0.0,4.9754572473387455,19.1312791699526,0.0,9.244521030430768,8.586792098047527
27017,-92.6770860657498,46.592561134891184,50619.0,16.093915343915345,0.3567547418675001,0.0875686370087884,7.207638600163438,22.073719373198948,15.810124586027442,24.956029304239365,22.01562701610013
27019,-93.80805902446362,44.82498273614191,88026.0,117.62540021344716,0.9611227032979772,0.0,7.108024691358025,25.623326378021215,0.0,9.378267547672868,7.533878166116039
27021,-94.32509742054629,46.95146379283393,55150.0,5.0067210753720595,1.4841861951912587,0.0032201743135334,8.21450759215,5.546553902969079,0.0,4.656843302390862,24.439316600469834
27023,-95.5720346181576,45.022527961188,56334.0,7.942691564713458,18.704610152293803,0.0123477833715622,4.825835857694481,14.59870375117606,0.0,4.769868187412508,15.011280773830215
27025,-92.91405225931042,45.50312372526886,59491.0,52.60490463215259,1.5516099856351566,0.029310980139471,8.874428805353416,11.257830218980116,0.0,15.115401516091977,11.04073191734205
27027,-96.49174991519298,46.89297649864713,52445.0,24.118786549707604,6.972412322338051,0.2373268920618042,6.301565839144942,6.1199978081510125,0.0,10.078839919493978,15.825408861290022
27029,-95.37902615846062,47.57960926502682,52498.0,3.235668789808918,10.471392173815632,0.0669272905362513,14.894912664194472,12.738877287520214,0.0,10.307089984172988,11.580144712313183
27031,-90.3852773663732,47.72248502921741,59316.0,1.4100861008610086,0.4733256657524551,0.0,5.662213571618154,2.1071102067297764,0.0,4.282638827449939,21.54944115131676
27033,-95.18136652679082,44.00731156657932,63147.0,6.795238095238095,26.864052518802296,0.4043697004843032,3.397511536627252,17.13746106878091,0.0,5.833245637800283,8.27491318142228
27035,-94.07074607154269,46.48339209354658,54187.0,22.65086782376502,0.3139416921451609,0.0,9.124290741686549,7.778830344711785,22.85309694887743,36.97014643429347,10.59882040984811
27037,-93.06762750822747,44.67657773231823,71457.0,283.51340996168585,0.4875245303757816,0.120920036995823,5.6246066800407295,16.471036467931043,24.780715381224365,30.730452100865225,7.572072072745886
27039,-92.8621530637233,44.02268865241,59561.0,18.444736842105264,9.77238868065076,0.1957350365715463,7.903099270153972,24.0882868033378,0.0,0.0,10.151773898297026
27041,-95.45339167176,45.93393717997531,63595.0,21.245313336904125,3.2214054281688926,0.206421991217109,7.133526046433316,18.99579151497181,15.493044939270137,23.100336071562776,13.289514827486812
27043,-93.94808156653372,43.6744265600804,57129.0,7.479635584137192,27.334502736322097,0.0,2.5733157698172686,14.241548681455434,0.0,6.799480644852491,8.888766046146026
27045,-92.0900703261217,43.674302033966434,55679.0,9.625728372926938,17.419347354500424,0.9961370253935478,6.606962634711088,8.665707689987586,0.0,0.0,9.928192754312496
27047,-93.34887311389758,43.674620792347845,55338.0,16.438370846730976,11.702294220507914,0.0,4.1917439255195665,17.440934844617477,14.465676673575222,22.391460184821373,8.20994412167857
27049,-92.72066318823076,44.412801254105304,63740.0,23.48729227761486,5.62796491248766,0.0,3.1782038749834443,16.407873295451804,0.0,6.799023237782295,9.407610015780694
27051,-96.01205679575136,45.93433197111056,63222.0,4.116778523489933,33.05308116563233,0.0,4.5531878155058765,4.034920215737459,0.0,5.972392918448397,7.908595979807624
27053,-93.47950079215062,45.008162532874806,90852.0,818.0513320337882,0.0207430636239968,0.0835758488553009,3.2414283255720675,7.961994692728931,24.640449275863972,32.724851632719556,6.795959661927724
27055,-91.49162043194904,43.672592477085935,61359.0,12.63673193787981,9.27713849524027,0.0,6.4552734818273185,6.427503104784541,0.0,0.0,12.695432266358797
27057,-94.9165991917612,47.109444272117464,54700.0,8.465250965250965,4.357503394969759,0.5510428300740866,5.956949281312767,17.956148591627787,25.81530454641612,34.63835895009565,10.572743340286292
27059,-93.29531756296736,45.56176533310966,52832.0,36.51709401709402,0.7601447058290273,0.0,7.970435590608285,12.024776765479103,0.0,12.321879815973166,12.459276697488896
27061,-93.6328492154119,47.510925224662195,52211.0,5.966776532630191,0.4802352701627084,7.920083421258847,4.56009477444792,7.465377400983532,15.500381010557232,24.956962775114302,11.2086518704996
27063,-95.15399711913538,43.67418858927607,64157.0,5.3138412017167385,26.214753526940505,0.0,1.6306787258373237,21.52500810263749,0.0,7.55263656766161,6.750934096510057
27065,-93.29320617687378,45.945659864891795,50074.0,11.913892908827783,3.7141134714963857,0.224571517544525,11.580504397609362,7.818282716576771,0.0,15.611812661441968,13.710839717818402
27067,-95.00469312029698,45.15289248287934,60448.0,19.670250896057347,8.880766705003818,0.0,5.158581045285136,14.581819633802958,13.935602141651614,26.21205887616767,10.233309969774734
27069,-96.77992146031777,48.77265397449611,71839.0,1.4534383954154728,37.53331527115323,0.1628746589713378,1.9160612685951195,5.646426523681408,0.0,0.0,8.839021869939701
27071,-93.78416883109004,48.24692507752218,53450.0,1.447989243368781,2.137250317595528,0.0,3.3600544122479876,0.0,24.473903212251912,32.03341252102997,14.439356012733253
27073,-96.176607914221,44.996823491567945,69952.0,3.309252845126175,37.95896107437453,0.0,2.9329424864226143,3.4208194150930535,0.0,4.107301111186857,13.224259776853684
27075,-91.40689663621951,47.518783252604855,54427.0,1.8687318158480233,0.1685811476203352,0.0,0.0,13.665087678887966,0.0,5.369559919748697,12.804823089942216
27077,-94.90711334843482,48.767242676023315,59564.0,0.8613686534216336,9.647077114427862,0.0,0.0,0.0,18.179069928137093,23.478959369817577,10.804916390270868
27079,-93.73612376086388,44.37228352785888,61183.0,23.141838351822503,9.27083679367505,1.0029731256020995,7.766335581171312,27.34029830913862,22.864830747766003,26.913264458691827,9.27889246918912
27081,-96.26777728815092,44.41293970915441,62393.0,3.945301542776998,22.756637651103773,0.0,2.2034545801839167,0.9688719404043988,0.0,3.9307446721423305,4.06718148825279
27083,-95.83897841518797,44.41398978534814,61189.0,13.650615302300697,15.763184881185536,0.0,3.507148596688444,11.37250590321805,0.0,10.521291659045744,10.87450857893255
27085,-94.27219018618342,44.82381337083311,59413.0,28.063310450038134,4.053670831222378,0.0,3.621556639823968,32.280109045902975,0.0,10.688055249438634,7.46661277188076
27087,-95.8088908272999,47.325357089766136,49444.0,3.543348775645268,23.48171925786849,0.0,7.309470454040741,0.0,0.0,4.011467102739587,30.598590838430944
27089,-96.36476599706876,48.35827592214424,79724.0,1.9016042780748663,39.14231810402308,0.3636536824736439,3.5866054995129777,6.000362578238546,0.0,3.6775573288430983,8.629669347082627
27091,-94.55129529995018,43.674378536776715,64456.0,10.421916357861305,25.689502897820915,0.0,2.202032263799088,7.810836709933899,13.219771899742408,20.522648897992312,7.407911054639666
27093,-94.52729394407528,45.12357424855772,55709.0,14.087425149700598,10.80238240474836,0.1754590378539166,5.178371932037038,42.78835938945738,0.0,3.812327368182971,7.538090375112232
27095,-93.63011202268336,45.93902311140444,51019.0,15.432937181663837,1.667803648227792,0.3628454199416679,6.204854416926195,6.695041771713877,25.32433634880617,25.32433634880617,23.558060210588756
27097,-94.2685736917729,46.012938317321726,53155.0,11.49312772376802,19.513562152031007,0.1982075622957798,4.945098993205102,7.72477345732594,0.0,8.127477594528697,15.606703119903134
27099,-92.75242844153108,43.671970843579075,54905.0,21.845568243610657,8.77858973501058,0.0182605312793827,2.346761818023031,14.367786759337916,10.656853615944357,27.53896052587306,10.26517845227064
27101,-95.76319712206646,44.02236659591576,71204.0,4.319206008583691,33.56429844746637,0.8838016111016875,2.7010116592043065,9.40705441068691,0.0,2.524187328176357,7.637850968293238
27103,-94.24997298339584,44.35418533250344,59134.0,29.235544217687075,9.784101188730256,0.0,3.420508255256719,19.119237231847347,0.0,8.870811563575057,17.119595787535722
27105,-95.75338946816912,43.67456306573422,59359.0,11.780748663101605,17.010444044694765,0.0,2.375859393359494,25.792288704480477,8.63309049842561,14.43907059602036,7.704143299241083
27107,-96.45792627351922,47.32665249438692,62331.0,2.779527559055118,44.789868371609224,0.0,2.2679620744677957,0.7066108276196337,15.031885983781986,21.358980084194247,8.241614612548537
27109,-92.40177650869768,44.0038290740897,68280.0,96.78714622641508,0.9170435516314404,0.1095162193722471,4.500193661997181,7.19291614651502,13.342843649254366,57.26388714905063,6.843316645284654
27111,-95.7077710426616,46.40958124593715,57931.0,10.510505296058344,9.3829436087569,0.1236965794890862,6.309582225204384,14.253504681383896,20.415681265680835,29.45408400140273,11.665518637369576
27113,-96.03679245980106,48.06629094804104,66824.0,8.645,3.629388610014917,0.0,0.6649499469632875,20.889770205025272,0.0,3.4562546193110575,4.063146968058318
27115,-92.7430316353237,46.12513370674843,45258.0,8.061850027367269,2.723165108717388,0.1804346846091872,6.383180389604835,2.982431603002082,26.456625744249727,33.511032407733836,25.951616687838747
27117,-96.25879156641436,44.023376347284675,71333.0,7.72162386081193,23.977664452696462,0.6166832676180466,4.086588114330829,9.106348601618478,7.994620373727962,12.420189204944482,8.90254706025457
27119,-96.40029301813895,47.77358700738187,61274.0,5.964708163661043,20.27193030968817,0.2808237123140667,4.1914628921099535,13.586739445089664,12.740860660156384,22.52768155361934,12.35892476974634
27121,-95.44460543951804,45.58610397666319,63650.0,6.154550350026925,19.55960482120384,0.0480036938912835,3.858314493173902,15.372162362288524,0.0,2.8555863066999643,12.654533885540047
27123,-93.09750044672845,45.020316408889634,66022.0,1263.9201877934272,0.0051440088757826,0.0422795799720141,3.582079934246566,9.516259933188472,22.841937306769893,35.20301671644391,13.61066629901582
27125,-96.09526844845298,47.871732921151825,71920.0,3.4683318465655666,41.935742939634025,0.0,0.0,0.0,0.0,3.596740967991937,8.982817400243343
27127,-95.2541867326606,44.40430880718111,75500.0,6.725919439579685,25.70373271708903,0.0069719164936743,2.6734557988327916,19.194234460068152,11.480396380870314,15.711723003407622,6.970036426305276
27129,-94.94777576229126,44.72722471291524,66598.0,5.684128225175919,34.754332090370696,0.1640527893543905,2.18167361263435,13.439076551875411,0.0,4.411786210426263,8.657051985084447
27131,-93.29670913613135,44.354470994017014,53519.0,50.67065868263473,3.5333200663955115,0.3123622581088455,4.676338986607425,22.43229157460115,0.0,12.056738397464152,10.392944650069309
27133,-96.25339866479425,43.67492807853763,64262.0,7.664536741214057,32.95920629993094,0.2479679174876301,2.6898880533188043,6.490500053850978,16.625254208295583,22.096133499743416,7.295857275900737
27135,-95.80985864214274,48.772370727401665,61536.0,3.583527764815679,8.938802059631252,0.0,1.2479506232168451,64.14594839271824,7.026495362431754,7.026495362431754,5.5354106823651055
27137,-92.46396226906712,47.59532370209935,56554.0,11.502881512217613,0.1069654137954149,10.81377406351404,4.599881197592974,5.093294807844675,18.87486255913391,37.0104816655146,11.947963040069824
27139,-93.5459862840141,44.65170955633584,76583.0,151.7232580961727,0.5424070091420772,0.2105005887358574,10.664622213023575,20.74694313091335,17.805263344298325,23.18892863900287,9.448628209822886
27141,-93.77466098840384,45.44425507152067,56903.0,86.29245283018868,1.128956508151836,0.0,7.548261142855113,11.490608786440005,0.0,6.41324535766159,9.86081862830397
27143,-94.24145696593676,44.581547261672235,60625.0,9.956087824351297,29.739890631745578,0.0,4.778647025732937,13.168179855832756,16.599837779144156,21.63408077028742,10.03447193186724
27145,-94.61307318529558,45.55268890391948,60580.0,44.549389567147614,4.250444603749537,0.2225165736467175,6.94901030014549,11.277392810146251,17.51369136960974,31.359502514810018,10.999497206214244
27147,-93.22611232912504,44.02265994018536,56035.0,33.48525469168901,5.76591203230099,0.0679584985920169,2.7806763864920234,23.823461370588824,0.0,6.928234078091114,7.942293396097762
27149,-96.00024341839216,45.586325863925886,64457.0,6.504697986577181,27.48651270910601,0.059610957441767,3.4717770799609906,13.255207229138035,0.0,6.595740435434349,12.45831597798136
27151,-95.68086534559608,45.2832133203029,70176.0,5.032955715756952,26.688209396392853,0.292138493519295,2.188057696358802,19.09764315117405,0.0,3.1142890832945804,8.898101298525795
27153,-94.8975862654891,46.071418099992265,58680.0,10.08997632202052,13.150872844211673,0.131460596415969,4.917789496589144,19.68459484365615,20.793737221197745,32.56312063991529,12.63736429024815
27155,-96.47640132980864,45.76884536857777,87727.0,2.1120466321243523,57.047147658440565,0.0,1.520953459963416,2.3102289341932867,0.0,0.0,7.534827492357256
27157,-92.22887115115633,44.28772235592423,60798.0,14.821355236139633,12.431407659237378,0.186591796149752,4.658812413872775,16.300325117380577,17.927871801430847,24.763382210963226,9.911644813387571
27159,-94.96929962681902,46.586049461814845,47978.0,10.144886363636363,6.369820655534941,0.0,4.467654626384785,8.831474228299625,17.750597433137116,31.36596501675867,17.411148522259634
27161,-93.58722509864415,44.022306996765145,59697.0,16.845673505798395,15.509465001878898,0.0300055562339146,3.674213490005878,28.441765083944563,16.148195265180018,16.148195265180018,12.33237826689043
27163,-92.88653381850612,45.04464406462468,79112.0,259.8966165413534,0.2359458835712271,0.0,5.856274215942582,21.58695430182113,0.0,8.681594978530677,7.136543020671188
27165,-94.61420568609488,43.978400064734814,57385.0,9.855390008764244,26.192125659053893,0.1214024733464117,4.679740608377936,19.042202763779763,13.562604707551602,13.562604707551602,9.891553785125948
27167,-96.4670030963627,46.356348164007095,75425.0,3.2798969072164947,32.176095208246274,0.5382452291405488,1.8998554812648,1.8193254631564288,0.0,0.0,7.232248572224544
27169,-91.75997953251516,43.98642943642377,57044.0,28.2374715261959,4.48225204235581,0.0296048402112964,3.0154438583102263,25.19616808202053,0.0,9.522133939932427,10.95843689324934
27171,-93.96252737955888,45.17441259085741,61989.0,79.98812736103616,1.6200204448299362,0.0,11.216916547921445,12.772411870392167,0.0,6.545009602874667,9.15355306362679
27173,-95.8720598142352,44.71618232419942,72441.0,4.819105691056911,20.981050886373488,0.2690070599014504,2.701659854002656,9.123197870849342,10.494411252212185,17.929531875904985,11.030925586075442
28001,-91.35412932136856,31.48384713402818,43787.0,21.967692307692307,0.6767632264609565,3.1046347465161923,2.64312902117876,8.457642038606847,17.85171601196189,29.922646801995768,9.832800192831169
28003,-88.57968513096687,34.88255104921339,44836.0,32.28598484848485,0.429183117240201,0.0,2.3521984372956193,24.00816055225877,15.81370609732333,23.452044409207513,10.973500228239194
28005,-90.80383459026297,31.174555595245018,39340.0,6.634300791556728,21.994979573208067,11.742065833268397,2.0485233711442343,12.930660225084322,17.74041833179344,24.27142586799951,8.167098950274399
28007,-89.59003186457475,33.087408961100714,40715.0,8.848561332660273,0.9731566921124202,0.1723549848623423,3.9259809292680496,12.916662893571552,12.389486044075788,18.33512932660817,13.698146353831806
28009,-89.18845124853497,34.81996827933434,42245.0,7.058713886300093,0.8058747670089959,0.0,0.0,5.007283416261597,0.0,3.193999926904783,14.419075763192382
28011,-90.89170326492876,33.79526940439163,47065.0,11.73495416500598,11.994834152738312,0.0,1.585254076750168,16.891142316337756,12.55472263409245,21.852253095912463,12.373244706001168
28013,-89.33635186838845,33.93661137028511,40809.0,8.484231274638633,8.574648161359361,0.0,1.0579479862507295,24.28091964459433,21.32028665931643,27.87794279784681,12.32948526709471
28015,-89.92218344677636,33.45088972094447,42929.0,6.001847290640394,2.8370986920332935,0.3345223939754261,10.20531113753468,10.756242568370986,0.0,6.222750693618708,18.88149028933809
28017,-88.94780411982491,33.92094129315217,39128.0,12.9272030651341,13.752861106148304,0.0,2.5184476034127647,30.96416327603817,15.795834162028784,19.16258499044331,10.525836757671472
28019,-89.2517080683121,33.354527556669325,40393.0,7.0929824561403505,3.16508061278215,18.959232253164075,0.4084931834818747,3.668705248226349,0.0,1.578779541864725,11.68517210000032
28021,-90.91388950361218,31.981646489966575,37204.0,6.208664259927798,0.1476862292409213,0.0,0.0,2.961816980941218,0.0,3.613135863000494,15.222749153571066
28023,-88.69424075490906,32.04136485322567,43748.0,8.648095508811824,9.60315844927085,5.450061061756184,3.753801393644788,13.63862215943105,0.0,7.262158473216637,15.25765666530974
28025,-88.78131457543067,33.656143527210716,48544.0,17.007421150278294,8.266748386263297,0.3769015954849923,3.098284339130317,23.16720520481725,15.067801727828678,22.951639724737152,9.5243889432184
28027,-90.60736548437144,34.23203414171452,44761.0,12.954920634920637,4.773985938410577,0.0,1.361209349999818,5.527709424511946,20.679962537967867,29.32118846237259,20.492652377300335
28029,-90.44757318663592,31.869602551644338,39801.0,13.713510848126234,5.495180564290834,1.3221147986173072,3.4368646608843187,34.84998074175918,16.151691556114613,21.913440301891207,14.066804155879614
28031,-89.55267962922754,31.63329278960204,47343.0,16.86139534883721,18.57791438392323,0.0116141293508992,4.386973404816931,23.506645862906343,13.717342593352964,16.11161295620652,12.035640126230335
28033,-89.99166415292738,34.88407329278856,52752.0,149.67578125,0.2049481188677913,0.0844097785934448,4.872308886849721,6.9915413754970475,21.699195313051455,28.69540716689019,7.60429166372556
28035,-89.25786431053379,31.18935925501084,42940.0,64.27257799671592,0.1975092172491687,0.0846761918431115,2.7315099650507877,10.42751306595921,15.014060133123314,28.30973065428985,23.00232750968348
28037,-90.8980471115016,31.47695989383157,40733.0,5.190054495912807,4.4599106430086755,2.335366579779562,0.0,0.0,0.0,3.2562816729957524,20.26851202526342
28039,-88.64913571840704,30.86241506049174,39539.0,20.570146818923327,1.027337039592041,0.0,3.294377037427802,4.776542358208551,26.099365607542374,29.37767993615496,20.1882887635434
28041,-88.64467606493545,31.214200685610656,33776.0,7.5085682697623,7.096755673146389,0.1416193406088674,0.0,0.0,0.0,5.293979742692969,28.996559989665617
28043,-89.80199351980552,33.77000668938448,42253.0,18.171821305841924,0.6375945380565964,0.0,1.493942667984644,32.49424151168939,11.738120962736488,16.45681708466472,12.645042642697868
28045,-89.48433184544122,30.42033809882823,45472.0,37.712530712530715,0.0826147235130599,0.0260388813976432,4.486834121829979,5.786779045347636,17.127836413851284,23.223633508491872,29.315832139676356
28047,-89.11727219777491,30.51405776669196,45764.0,140.83578104138851,0.026568312646994,0.0,3.134247757028096,4.864767642163895,16.386196851221868,21.654756885797795,26.931227312861765
28049,-90.44774333909427,32.27329657217826,48589.0,91.72278481012658,0.22599035723032,0.3052185147519476,1.8775403746873125,5.156908440688984,16.5660226812523,30.51029064611776,25.553178305514972
28051,-90.10093721664666,33.1266080620302,35336.0,8.349017580144778,1.657222622363582,2.6082134502737606,1.223157773967582,15.238162012633136,19.304731370586847,29.213329169030334,29.13429239780992
28053,-90.5275647915011,33.127667386873576,41242.0,6.644343891402715,16.850684167631794,0.0,0.5095869257495818,14.158623943722388,24.89169133101703,29.187577746321796,13.204649766224852
28055,-90.9904304095934,32.73784436872234,32815.0,1.0993150684931507,52.45916738302837,0.0,0.0,0.0,0.0,0.0,13.413361169102297
28057,-88.35678509358766,34.27998951156716,41029.0,16.795248078266948,1.9214194148676296,0.0,5.908346470932242,35.07804535862364,17.18908371263441,22.253026509025204,12.310793054014123
28059,-88.63901755415989,30.542216797544828,45306.0,76.91631355932203,0.3395419365677709,0.0904415168806698,3.3852094464981333,45.2327942604048,11.830897808432743,15.567825465483182,12.027760176021166
28061,-89.11868733673617,32.01938236350905,46777.0,9.138619509412436,23.959921657834133,6.839045920892955,2.560689517016905,25.49994453798486,0.0,1.4214831701756738,11.185612325480903
28063,-91.046974797984,31.737035536612524,39403.0,4.976123595505618,11.092313718300234,0.0,0.0,0.0,0.0,7.306259531806022,29.49088696840649
28065,-89.82306320438173,31.569848518343047,37959.0,10.448633364750236,15.063228878888314,0.0303388295647297,9.785651572332826,4.9631567092482864,0.0,4.186298800696873,19.64577118086999
28067,-89.16883787414946,31.622710443320873,47982.0,36.67991169977925,4.542172431255514,5.424430230420888,4.538344404901159,20.588469926177535,14.630745947917218,18.154955584666737,14.67776346245276
28069,-88.64295513737898,32.75480573485359,37198.0,4.401012658227848,4.749018735078703,0.0,1.987061465625379,5.855217901509327,0.0,3.1198154817302632,16.531026180552747
28071,-89.48105093095386,34.36315510115168,49141.0,32.259055982436884,0.0920140588321122,0.0,1.9103906441907583,6.687697044357721,17.432508555903805,29.81388485129442,26.907038466013717
28073,-89.50877997026143,31.205968128538565,49644.0,50.780092592592595,1.6753285093920507,0.6812842797437362,4.433226150213931,3.124823896424603,22.308275248942117,36.219679695457515,8.380932114647528
28075,-88.66699221749933,32.40456411448055,47206.0,39.23157315731573,0.2340196106756186,0.0220645730097382,2.128520662412499,15.5348806649102,12.95395470774576,26.98550867811073,13.816313711163325
28077,-90.10698735786754,31.550517042623095,44844.0,10.421612046058458,15.707717325081417,0.5378064335149398,2.974810321325099,33.49368176060381,11.897926355145104,14.597258808936264,10.674603000670617
28079,-89.52409336983834,32.75366268601169,41853.0,14.036279683377307,31.825639817867796,0.086094101638143,0.0,0.0,11.369131731826032,18.14845344638091,7.625870099963364
28081,-88.68034585624073,34.290074938727955,51917.0,70.59234042553192,0.2734526485114179,0.0,1.911789076272093,18.858208625267604,15.408003704537483,15.408003704537483,7.185152283964139
28083,-90.30186199521847,33.54830565223972,48537.0,17.32347266881029,6.807539674397035,0.0349514988105546,4.213057770518445,14.127382139578913,15.074629315757724,22.49146048018298,17.59031645128062
28085,-90.45409987047609,31.532429346200907,45351.0,22.854235062376887,4.489530918102831,1.4371709225261482,4.03112061204594,13.508823228112211,12.675109412641866,23.3324536450641,8.510882241400482
28087,-88.44000366945271,33.47399395473169,48381.0,42.35976505139501,0.7940770610059411,0.0790220980931684,3.2289437370373735,20.75882147175559,13.587173575935855,22.533692499648826,16.09092636815098
28089,-90.04452744210421,32.64259232553689,80425.0,56.0431510286001,0.1860581301187242,1.0244631551541854,3.5069934519031234,13.042411050668443,22.83968215900142,29.71735934667972,4.791328154822881
28091,-89.82225222774092,31.230495369905388,40708.0,16.96556570625439,7.442708060202423,1.5214988483120009,12.5947470118638,6.669100473180394,18.175088847384195,23.684231757544463,9.654513769831825
28093,-89.50765939738135,34.77275259882595,44114.0,18.905186837702175,0.1373129026308059,0.0,6.7782020890689365,17.751230399729863,16.844301612133503,16.844301612133503,9.46356230853536
28095,-88.47700728787473,33.892550189376145,43161.0,16.565153010858836,1.5035604112047507,1.03115463184273,5.968010056817712,35.152961220050784,15.4749282541993,23.735247657406568,9.540578763242994
28097,-89.61740243844334,33.49443169976889,41406.0,9.07509505703422,4.01217452938356,0.0,3.755341991702975,8.040609560341053,21.146156892993393,30.667722904375744,18.79713981946674
28099,-89.11773733942177,32.75355484789397,46586.0,19.48278190411884,14.004173379031473,0.3853347893308538,9.693555769390176,4.913775394362695,0.0,3.26835403805055,29.04506024009543
28101,-89.11882810543692,32.40033173040797,40943.0,14.001998667554965,13.466151789415823,0.0395939984814537,3.807079406928484,22.966227095648232,15.046340505281533,20.366221195366105,18.794261820361253
28103,-88.5691355723641,33.1105376831229,42937.0,5.507971412864211,10.965561147153338,0.0,2.6847753592433152,32.7326744679561,15.153701570363184,16.985084581337535,16.0601467289153
28105,-88.8792879757738,33.425061730087506,39632.0,43.19481605351171,0.1067323783416577,0.0065815998718659,1.4244331079327148,7.507856497189704,16.68412554931045,21.983832276902177,38.46139684561868
28107,-89.95065147734117,34.363956266436546,41373.0,17.79825041006014,0.6104132267860823,0.1677761747184273,3.495387676284769,11.760683942694474,14.284171466337908,20.98183286724615,13.392432731717074
28109,-89.58699177697605,30.77213180203509,43828.0,27.48705656759348,0.3169894224769562,0.5969892730241404,5.426332838893601,7.3953736880845,26.868926144154713,32.3915813228816,18.884633635103476
28111,-88.99229988090904,31.17244204597455,37116.0,6.793349168646081,5.221134705518756,0.0,1.3060745730374812,38.39572088405212,0.0,4.044280478723663,10.287010313292418
28113,-90.40349604973144,31.175632109976235,36981.0,37.3862134088763,2.110760409927187,0.7644491469382356,1.6622997815961709,14.8304421337089,18.244119003277845,24.90590047791476,20.066200309554365
28115,-89.03741050087733,34.22554906429933,41885.0,24.247494217424823,0.402479399158716,0.0,2.190954207083239,33.35851766828996,14.166146946033097,19.841413330502515,8.270773344302757
28117,-88.5200916924077,34.618344054318314,37799.0,23.192236598890943,1.5299506822451905,0.0,4.604476063270459,20.79061611678043,0.0,0.0,15.59477268010869
28119,-90.28923063307504,34.25164722647838,41967.0,5.402091254752852,22.52905895134765,2.9877513357443704,0.0,0.0,25.66043071244661,34.55671146433302,19.89701001622241
28121,-89.94501347914998,32.270422157457226,53768.0,74.62764456981664,1.047205891651045,0.7890118205692825,5.6535179193086105,7.705142683057244,22.08357731152775,30.03034343469036,8.003592459270092
28123,-89.53817998581367,32.40697753443166,38390.0,17.49368686868687,13.655078465988938,0.0465041630620721,3.3948039035312636,37.04322773339179,8.838139676897844,13.385135108685867,8.490767670994789
28125,-90.81303741459358,32.87991037610104,53591.0,3.0987544483985765,29.072460400449245,0.0,0.3942527400178149,0.6033848417954378,0.0,0.0,23.826342899190585
28127,-89.91769319691646,31.91322251530014,46050.0,16.851973684210527,15.86398008429567,0.0,4.749430682158343,1.6948810021509668,25.359557529836295,38.48399152748956,16.112800083866233
28129,-89.50641063519316,32.017853053672546,48238.0,8.532082324455207,29.192033214742537,4.9912979052065785,0.9755782175034424,24.367263348454244,0.0,2.39639614451768,7.532728962947949
28131,-89.11762888494339,30.79005791098613,39642.0,16.236206896551725,3.020086194223285,0.0,4.216475940669901,18.5903685305974,20.137260818767743,25.60235370580999,20.27866112671479
28133,-90.58874596932696,33.60285599056486,37660.0,13.27183406113537,15.605642631029326,0.0,1.575895211622052,2.7062456951140934,0.0,6.003627505896744,26.165403510331146
28135,-90.17376150935304,33.949553910684365,43054.0,6.902582159624413,22.072548169913222,0.0,0.0,0.0,0.0,1.8411846152220095,17.98299388033357
28137,-89.9576531632182,34.65593565751206,44670.0,24.84413309982487,1.0864924483660363,0.0,4.794412917533903,10.920664852139778,18.636406762374065,28.164600122154425,17.65427925924608
28139,-88.90884506933588,34.76992200572462,43075.0,17.929883138564275,0.4062331283653685,5.432964964333663,3.165417269864931,35.587503165297825,12.561693446280715,17.13501129951601,9.722242129755712
28141,-88.23372154922347,34.74230421731076,42281.0,15.380677126341864,1.5148017566825485,0.0,2.8348944943802503,47.40834840010266,13.836384204768509,19.02140795554096,9.03274925406946
28143,-90.38356756352712,34.64811175233711,45810.0,7.39140625,8.322624459555584,0.0,1.2830157749760696,10.451763231923469,9.349066352084352,9.349066352084352,7.66238214140397
28145,-89.00365802650528,34.49055202285814,41233.0,26.070435588507877,0.1932960793635132,0.0,2.7949447020728875,34.03132203754698,12.069867637781384,18.841434427332334,7.577938832928203
28147,-90.10564301857526,31.147940610054388,38107.0,13.11965811965812,14.913933663193172,0.25501136831653,4.305855670335746,20.61614583039487,17.41778422201786,22.05791917493667,12.0994995683989
28149,-90.84598841848938,32.3860694237502,49373.0,29.53910034602076,0.3777308196701477,0.0568952271367628,1.4666678977516037,31.25047558615297,10.41564717445312,16.832231671506634,19.26930227093781
28151,-90.94532074352998,33.27768687768927,45448.0,21.48129423660263,5.126805606632622,0.1291797204131889,1.6742739168687768,7.446919936504094,14.571472462607709,22.682445988911493,17.077326282370574
28153,-88.70209670047034,31.64012016416899,45305.0,9.564602632862018,23.610352354525304,4.884614181300975,1.4616660128658376,9.432901985228112,15.37041627458672,17.782941333609294,11.118384478206773
28155,-89.28350979109449,33.61824553938618,44285.0,9.488083889418494,2.697367860096691,0.0,4.052659851126781,0.0,0.0,14.335229065236485,13.511139911835675
28157,-91.31648228109243,31.159798714515023,35463.0,4.534109816971714,1.946911212467968,0.0,0.4673876255096942,14.40628340881375,23.84805067126533,30.870684051337427,20.71279299026007
28159,-89.03429954025354,33.08860439017925,43394.0,11.093037974683543,10.931299872667244,0.0,2.157734861326418,20.98527543958777,14.9320596838091,22.443404533432496,9.547864077513614
28161,-89.70750975434393,34.028359987063745,41921.0,9.660950896336711,1.259240831344654,0.0,4.114339067486094,38.69984919823215,16.123811015593088,17.973973641939477,17.63090729837558
28163,-90.4058818086129,32.78789816109008,38350.0,10.875385292822545,4.6202465582449985,2.87221922408107,2.3944043581868133,18.31442283561969,20.467754436693696,26.67934769331903,24.93920435996349
29001,-92.60075071566516,40.19086614586245,37154.0,17.031144211239,2.266666806261235,0.0,3.4471133762656434,14.761183357116758,17.86751149299532,35.81658111264549,16.87195792898894
29003,-94.80203726661549,39.98350929074609,52012.0,15.908127208480565,14.57415984713164,1.9085178415652393,7.25319860424542,2.2976986665558927,0.0,3.994620529223611,13.03612968886304
29005,-95.43457434819013,40.43841244908002,56885.0,3.407920792079208,20.283528249431335,0.0396342163913333,0.0,0.0,6.899417166402438,10.92085410778975,4.818716540679641
29007,-91.84161808591134,39.215836884174664,46011.0,13.5559866962306,14.362237962037042,0.0001843309477836,2.931968055446749,22.313353394684817,14.649609909631751,19.439449587789916,11.29331201238704
29009,-93.82815876859168,36.71114700375617,45003.0,17.148257241040746,21.88918048237507,0.0,3.0391680919088224,25.947972229105815,0.0,4.436345503073242,6.63123534979708
29011,-94.34763797914545,37.50233817219094,45706.0,7.564683053040104,28.12014480658707,0.0,5.037384397903976,5.927002492293194,11.754086168624356,19.295496651394984,8.010915373683126
29013,-94.34217743208264,38.25768342901774,48561.0,7.254602604400539,18.669740713715115,0.873810611285295,5.425741565325623,2.8250540900050405,0.0,4.388341670503159,14.755971736721335
29015,-93.28797779469562,38.29519456909798,44220.0,10.372498717290918,12.57316205924979,0.0322264130561981,5.922638605082412,6.25966567346902,29.672064740883435,29.672064740883435,14.319689618234028
29017,-90.02588992897658,37.32248912343918,46190.0,6.5320074580484775,6.3612371211480845,0.6734101603223352,8.572126266753074,5.637579480243818,16.309768673748273,16.309768673748273,14.872315047007223
29019,-92.311765465936,38.98902441478141,56139.0,103.49669239250277,0.3646403021271056,0.0819707419852974,4.007664324408602,7.257386586128711,20.03527709249658,29.160881345850154,27.418904453057557
29021,-94.80764951575205,39.65913300127089,48876.0,76.31646734130635,0.9647235527438356,0.0029212822071363,5.169507827157128,31.364559960940237,12.130820825632936,22.970144495843066,8.02148218684111
29023,-90.40716577578132,36.71785281811929,43274.0,23.377703826955074,2.9865991464987833,0.1484373677834681,3.0406458526795976,9.724531035638616,16.906137249153677,31.791691983999993,18.034348592520043
29025,-93.98288908233457,39.65595400380628,46050.0,8.017040358744394,18.152866242038215,2.555732484076433,8.132961783439491,1.207657788071801,18.70150550086856,18.70150550086856,14.572958888245513
29027,-91.92653139468302,38.838248723112805,46934.0,20.579310344827583,0.3608932129062748,0.4895380205364373,3.4753937046927144,12.51095001853843,0.0,4.41324873989369,10.861757090564094
29029,-92.76587210055013,38.0271060020673,50912.0,23.85776566757493,0.0668364305361805,0.0553816026499499,7.682105616501326,2.9890128279131245,30.457042652300657,43.47884118976815,6.947353112998888
29031,-89.69007320024728,37.38463478429557,50393.0,56.07843137254902,0.7904462120803236,0.852504692065089,3.64479005109081,14.877517497864003,15.114569893184871,33.6696684341894,9.21681465044497
29033,-93.5114312724554,39.42628584905707,60534.0,4.724719101123595,30.797051592543667,0.0,4.361835828563041,10.008669088507268,13.599001908116836,21.694508659914867,9.081672904740936
29035,-90.9624848562674,36.941482689461125,47047.0,3.996206373292868,0.8127575463164595,0.0,0.0,15.02763911688834,21.119635498676672,29.42343127072934,22.023518375824985
29037,-94.35860259926594,38.64794458654801,56575.0,59.840021691973966,3.011543462776749,0.0,9.307853611539803,5.969932887225258,0.0,6.492354909541217,11.656077264731952
29039,-93.85653583736882,37.724110198517806,37091.0,11.327131782945736,6.815897940210762,0.3361330990343226,13.166959540430016,7.230757656365033,21.09282217457426,27.654537931182727,18.8731614782333
29041,-92.97026457503024,39.51413770061352,52010.0,3.605558264261336,31.790544496088568,0.0,3.679712027272455,1.879882480116104,15.523461772001625,19.09670884421536,8.846121380940323
29043,-93.1890344328161,36.9695208501681,49775.0,63.74401095140315,0.2084549534713296,0.9164822466364312,10.680800086688478,7.480607521767417,23.950690359804295,29.370219338126613,11.897865210551494
29045,-91.74235974361348,40.41303330153201,44984.0,5.113480578827113,29.21772272510719,0.6403049070986184,3.22391615054788,4.9742734635540735,0.0,1.5145307289185328,13.786565030967129
29047,-94.42133830988338,39.31009436843427,56764.0,241.57612781954887,0.1605453500747685,0.2017362148848842,5.551796837344052,16.184241864321947,17.76810970581775,23.51303292851488,10.41915402219857
29049,-94.4046025234663,39.60190567009394,50283.0,19.48767123287671,5.500574701447468,0.5702207243186379,7.553719974284546,4.7896982330365665,23.14741579162689,38.60668991447663,15.39069957725351
29051,-92.28087315867808,38.50372637433554,57022.0,75.24633431085044,0.1395818405091008,0.3189949606066765,4.727715911154623,12.067655512393689,15.180261610966856,23.376009629705425,25.441297515684543
29053,-92.8122568734339,38.84048294978197,51419.0,11.649965205288796,18.11646261256703,0.2163648015110121,5.1681338325069985,5.65010624304361,17.288104151910687,25.41654018685284,12.86299706566832
29055,-91.30391345247456,37.97664937922111,45008.0,11.739491437467564,0.2750942950171396,1.410813450487206,3.686430711221435,23.22469257854336,0.0,9.62770333277216,7.567600482847799
29057,-93.8502988352948,37.43227515994934,44419.0,5.848438690022848,28.596194194891577,0.2928477110893286,6.084184603420202,9.303484199185048,14.432572118305616,15.401440340886078,12.850060351741288
29059,-93.02356534286432,37.68073290976793,40386.0,12.515991471215353,6.598466774459808,0.2481880575751066,11.115885166382109,4.901572799945726,27.890344975746544,33.33126038828145,11.968430931355368
29061,-93.98542365970474,39.961131129646105,38603.0,5.7399864222674815,15.94147092799384,0.0,12.578925637088206,6.919476133258487,0.0,3.864050735092855,15.443212975119575
29063,-94.4045893070292,39.89333130549691,37993.0,10.251133272892112,6.547740698568412,0.0,4.815674481523654,1.6140647961616694,0.0,3.71400348408319,13.821737564839957
29065,-91.50793404271111,37.606765154512594,42323.0,7.405834186284545,3.409096129023367,0.079927605800723,3.193429399578313,16.112762233746906,18.947206438306456,25.514132027542868,16.327280578051145
29067,-92.49889551263044,36.93268939793648,37828.0,5.66887730933207,0.986205319716485,0.0,6.771587531438153,0.0,0.0,7.781800167670147,13.905952290221782
29069,-90.0946950892008,36.265759806145056,44231.0,19.031900138696255,13.378006890984206,0.0,3.2980693636128597,1.854339578837397,20.395413749254708,31.48082290803755,12.065554048848952
29071,-91.07316460301516,38.412747991870944,53473.0,43.63767518549052,0.0542700981036388,0.4251415377558567,4.579956484280311,22.60491317041996,14.675414477351811,21.22567272845968,6.304711396978295
29073,-91.5092639385084,38.43912843065812,47193.0,10.962962962962964,2.392090598076982,0.2707582861996584,3.95234654162886,26.9055859517199,19.13418925551432,22.959397123623344,12.83792716873765
29075,-94.40981661606924,40.21236529717624,48815.0,4.945754716981132,15.331030122386307,0.0,2.7269716539463187,9.0389739421036,11.499872043836277,26.172304264703666,11.858149302262566
29077,-93.34195272937548,37.25820791914139,52534.0,172.74259681093395,0.0267842195284778,0.1061119950981309,3.534043708423893,8.01426490746107,16.86712204110211,31.51362456146789,8.534914630218775
29079,-93.56527883620495,40.11419021901363,41142.0,8.666666666666666,17.99591175258198,0.069455032101777,3.5630996143269353,12.387841416656784,14.752135883405897,23.768020192780064,17.666988531449576
29081,-93.99213464331964,40.355991357967774,44357.0,4.347803070407623,13.71117958221345,0.1193131875977749,2.745789926286028,1.9334448192373477,15.586871741496555,19.467088916883768,18.26094682630094
29083,-93.79256474199678,38.3851547982508,49801.0,11.797788309636651,6.498964814804537,0.0203151625490533,4.522399409417133,15.391788455881128,16.56851371828531,26.12396689627611,19.411859392432323
29085,-93.3206888011183,37.94084051355192,39707.0,8.02996254681648,10.120623712856723,0.686642631681302,6.0381667589171295,1.343366194444029,29.73157608668552,36.769039747483056,15.280167147865026
29087,-95.21770433573435,40.09389016267729,62460.0,3.53648424543947,36.905270058081925,1.2012744485266096,1.5004497156882175,7.759120081711054,10.14642437916368,13.300150921536048,8.328505876793146
29089,-92.69941004768214,39.140594035698086,49728.0,8.141713370696557,13.340855287749369,1.3702185981476611,3.3578835158445584,11.008818683981008,19.916104827433443,40.64866473772376,11.21578779782094
29091,-91.88649045300332,36.77499360063608,41224.0,16.921666666666667,2.372410548847638,0.0,2.534116424395473,12.23627721116806,0.0,15.826211563695816,10.657056352260591
29093,-90.77354113471824,37.555433026748325,41775.0,6.585724282715185,0.1837304026532831,38.898157967617514,1.754895537107462,9.557808654692668,11.894517133535528,18.599551031344497,10.986672791013422
29095,-94.35177349076857,39.00756343736466,54148.0,443.1539888682746,0.047337440221455,0.009667726884147,5.073940375722848,7.877097174231588,21.366455702992617,30.868737429814622,11.426569988698912
29097,-94.34058831965812,37.20365636398453,44934.0,74.63515954244431,1.6427961481923423,0.3580805606075841,4.361823736571789,21.974010414182633,12.678937754586544,20.722452403005356,7.739917013406111
29099,-90.5386248021725,38.2606839235033,51770.0,133.84004670169293,0.0323413789136412,0.4088863092726589,7.856641605114439,11.27739948244351,23.167601209237077,31.050131655379708,11.437170615646082
29101,-93.80627173318716,38.74443004014874,44308.0,25.23087621696801,4.433958543394311,0.0809377807957967,3.5802964517699993,7.743876508152081,14.827818589624876,18.21983181403516,45.01199491052259
29103,-92.14791485845493,40.12845039665488,45427.0,2.8766184310738767,22.719102108816696,1.6384509873921946,5.003037648046197,6.581361993699229,15.700569324138968,17.711680226477018,11.828037804625993
29105,-92.59050809152804,37.65847922668363,45246.0,18.293051359516618,0.6796881873283849,0.0,2.63876219537606,42.0772887022314,0.0,8.30582090450679,6.830278797757024
29107,-93.78426726414877,39.06544066411761,51664.0,19.949727437916415,9.953446560471484,0.0,6.883428248881776,9.736501260525362,20.921300075355944,29.787549449369457,13.752982641525213
29109,-93.83297686836178,37.10654536018111,40725.0,24.35264483627204,19.77581201532249,0.2995862455089467,5.229394697500525,13.940920884104052,0.0,5.052324301899965,10.622453032077567
29111,-91.72621795835012,40.09723353479901,42882.0,7.612009237875289,9.984267857972611,1.1019137453782684,3.363492137248004,11.24084780978048,0.0,10.917575524238783,12.203030926603253
29113,-90.96659123834856,39.05679561706844,49727.0,39.0990099009901,2.582496323492632,1.4897357916745866,9.468069408457469,15.96210696385518,21.20925829590132,26.567580207885232,11.854923018437558
29115,-93.10727605402684,39.87040851549715,45835.0,7.35527950310559,9.829678629095264,0.0,3.3466326371165165,20.347101411531852,16.13729881764675,23.251211000572948,11.428928590030733
29117,-93.55096784995862,39.784211704206555,48922.0,10.424528301886792,11.18526751091119,0.0663138466442489,4.286635198422129,9.96984569934782,0.0,9.99261440205829,14.579084954298946
29119,-94.34716959020994,36.62866243621303,38539.0,16.861527480371162,21.82987106828255,0.0,4.076696153046457,34.95721146819115,11.172572520231142,12.716129948678464,6.983784206636597
29121,-92.56482295681636,39.83100591000261,52737.0,7.165795724465558,10.238221580738507,0.0,3.614996568533809,18.24025923488917,14.310841310607833,14.310841310607833,15.005058759436531
29123,-90.34508423419857,37.47835443952309,42112.0,9.893798449612405,0.6853254241881334,1.2655636018729015,6.340464612095572,13.911263004170369,18.47367549419611,26.133301214977187,18.56521280920191
29125,-91.92488374036492,38.16170775696992,41645.0,6.147230320699708,1.7157229546738244,0.0,0.0,28.569152710929163,31.920460744509832,35.25197568829263,10.473441052799274
29127,-91.6274297273571,39.805651308595856,49429.0,25.30106571936057,3.7701742100987703,0.930844688378048,2.655321413209284,15.278750338473632,13.091045861573232,33.32916923546488,9.783559196252584
29129,-93.56861725547812,40.424815749556736,38457.0,2.900501672240803,30.69939115318388,4.141641332377633,2.3933694192474686,0.991126819743444,13.690402629822785,18.201141896734967,14.015834960494985
29131,-92.4283767040372,38.214820720832485,43750.0,16.32411575562701,5.944161732155572,0.0828042430350029,8.316594288782072,9.405674820458106,0.0,4.459713688405813,12.32202206141618
29133,-89.29010221463611,36.82792544519289,42421.0,10.212412587412588,28.587224822132622,0.0,0.0,0.0,14.449644265242984,18.472741894050237,13.890074050908604
29135,-92.58411358265332,38.63221400681391,49210.0,14.098982423681775,18.587458035488,0.1735863991584531,12.71746036154575,16.392284431730207,0.0,2.128690012880111,11.931634732555436
29137,-92.00087654156218,39.495593384650725,49606.0,4.988465974625144,25.217920841937612,0.7541837288373782,1.3857930835262382,5.57205928852212,0.0,4.066034016340647,17.697553587252266
29139,-91.47000693146272,38.940765774684536,50961.0,8.147121535181236,8.588727530328521,3.1136544762242098,8.138448596475694,23.57810147879217,17.4251748870982,20.2388647834942,9.285176658106792
29141,-92.8859670187723,38.42401869601949,48093.0,13.69874213836478,23.27124673743613,0.1196651970257617,7.8574089240126,6.092931317108879,21.635519537744504,23.60428458512388,8.38850435376251
29143,-89.65306496703204,36.597008831025505,51905.0,8.772930648769576,12.041425541386264,0.182265215527756,1.9794209134347036,9.589079798398824,5.207685872619699,9.815033538177843,4.5380248652477775
29145,-94.33921857987453,36.905608015989905,46883.0,37.03450400492915,9.926514860034596,0.1093686210816002,4.406428334366199,15.273461937223365,12.22692722269052,34.04183689353466,7.152245232423923
29147,-94.88527875133936,40.36383637888998,41801.0,8.921949115998276,8.252871827365338,0.1339474781432515,3.7832502180476713,17.56758383481562,12.497824994993383,21.149803401434244,18.787009283304386
29149,-91.40367738200528,36.68778890605525,43646.0,4.269117647058824,5.926508766688687,0.2103836977880258,2.3916418764542775,5.307980695191891,19.66077732568659,29.975890028233493,14.916624940566606
29151,-91.86282871053253,38.46273984968868,53535.0,8.317194289261328,10.259296009018993,0.3646591431185789,9.112424664779988,31.694458493720298,0.0,3.689254041365358,11.170654301587977
29153,-92.444632311415,36.65023987102824,40581.0,4.611825192802057,1.547325761516345,0.0,5.9955300748226605,6.140145301148348,30.006802060052472,34.82426106192161,15.58986435892013
29155,-89.79490439374543,36.21257725648673,47086.0,11.753554502369669,19.359347068489193,0.0,0.0,0.0,12.104151243206154,20.361134685180836,15.998447120853724
29157,-89.83494904172387,37.71101558627573,49658.0,15.351219512195122,3.3983047366521393,0.0,6.123503054847424,40.62191117826833,11.948206986778205,16.253046763504734,8.565108757112757
29159,-93.28511194920168,38.72841103446464,45366.0,24.41249296567248,7.659191910766336,0.1038031817528835,2.6879926596321475,35.5824408885676,10.658246560361087,15.20739783032814,10.72300769719129
29161,-91.7921574220692,37.87742204230098,44660.0,25.93073840870063,0.0601174482021908,0.2295630682651367,3.4292516264848674,7.472671870931179,16.495194518040194,29.061202380275216,27.412095192221887
29163,-91.17593836283017,39.34311582699944,42068.0,10.155350978135788,8.77295873683157,0.672653454445362,7.232314891274429,8.914808698045693,0.0,4.5548382253584565,17.566405174786677
29165,-94.77271808990749,39.38026436592703,68613.0,100.35662431941924,0.5505691457495878,0.2274347386808054,4.908882781906465,6.0831875482192075,17.19903549962985,22.10230711791047,5.568520995767943
29167,-93.40047365565556,37.61667245527238,43282.0,19.6328125,6.967340975585628,0.0189280809018517,4.905036201143675,9.563531770641118,0.0,10.487203095454598,22.520326285872994
29169,-92.2077818400254,37.82487612759895,44520.0,37.63916083916084,0.107180564387781,0.1723347645666312,1.6811307721001332,0.5471047721450935,10.63423232158894,13.052939121210816,68.75120735305156
29171,-93.0175214755536,40.478565411263,43490.0,3.4723880597014927,22.055407470346793,0.0,6.494583279086181,0.0,24.12068221218745,25.887883127650973,19.71124526336707
29173,-91.5220960698811,39.52702814627545,47993.0,8.308612440191387,5.93614842708134,0.0,2.7187384516059296,62.307940620987736,7.440196664129976,9.355276438427795,4.212415956904497
29175,-92.49716191354354,39.44030623003359,51557.0,19.492478226444973,3.46014014523498,0.2104900651854496,3.4925524500094007,8.963648207479267,11.457686432475104,16.575412101564464,8.885592793833052
29177,-93.98983192820128,39.35109318649622,49062.0,15.39214380825566,13.900080512737247,0.948075142989617,5.970161745234935,10.956595097929265,19.72444892295383,22.946799660540893,16.07258532927366
29179,-90.96927677207164,37.36262178965604,40471.0,2.839412600663193,0.3826611563460153,0.0,0.0,8.286387342688933,0.0,4.607613650363435,8.881472106801661
29181,-90.8639493861345,36.653850829634976,45378.0,6.5678330263965625,8.585847061865863,0.0,3.693393571548092,17.284260484643816,0.0,9.509956038272565,15.695401512040036
29183,-90.67964408021776,38.7876938345451,64724.0,282.63139931740614,0.1495857586316434,0.0066411353857119,5.871900530979185,10.84804226307947,21.885547822780797,29.29362241629437,6.824993441165532
29185,-93.7762777243758,38.037153683057895,37298.0,5.278787878787878,14.130737651626326,0.0622294874890866,4.0509538758753925,5.330837961844965,23.81856853602809,30.826351865955825,16.71372578158379
29186,-90.1898875772942,37.89269988864123,47458.0,13.963990997749438,1.000683735083957,7.313755841515854,5.358420805187057,22.34856249915607,13.324977935120048,17.624284502536693,12.304776448088305
29187,-90.47296669326153,37.8106928426656,42482.0,57.21196581196581,0.061991215508376,1.5971147654425404,5.017203763683719,8.323978586600287,0.0,11.708602842945975,19.950118696358377
29189,-90.44887505181184,38.64723910649859,93142.0,718.7543478260869,0.0197263761298003,0.2213882228734638,4.4466198191220645,8.785234820664034,23.70886645129962,33.43477246789908,5.186638997668213
29195,-93.2034329230218,39.13532569950581,48459.0,11.71297709923664,18.790012777312445,0.0,1.5409756779213564,26.627433818625757,10.782729625541906,20.310738883445307,9.66239277977252
29197,-92.52100825720608,40.47213403949788,41537.0,4.9641532756489495,11.607687804391963,0.0,3.889366366478582,9.08162375596328,9.72559570519288,11.242728846704782,11.967041590374052
29199,-92.14703473112942,40.45329020410036,51388.0,4.078001752848379,28.67490174059517,0.0,0.0,4.556896874415123,11.842129889575146,11.842129889575146,17.95199326221224
29201,-89.57025659667707,37.05232724269223,50224.0,34.30163043478261,7.545739799949995,0.1444376107318319,3.1170047397260676,15.932221966161867,0.0,10.604666137257809,8.822388221093274
29203,-91.40072158816857,37.15771033551978,40361.0,2.7802155504234025,3.4735916747843856,0.0,0.0,18.722825441326712,22.05683195134121,27.350376582955167,12.633942360236642
29205,-92.076638060166,39.79795350032899,49852.0,4.614911606456572,22.83473098008624,1.450085592320527,4.408762920106611,11.286051702095389,0.0,2.52226483780797,15.441288001906866
29207,-89.94475323515259,36.85561153959836,47260.0,13.230410447761194,12.840138107540383,0.0392168052790502,4.0787672460656985,33.13688347853063,12.302297182901766,18.075508446612098,7.980107714516291
29209,-93.45616873532958,36.74784108227379,48675.0,24.383156297420335,3.086644183393303,0.2965033912967165,9.583390795230873,0.9926281609267454,25.06289465875991,27.31863980375195,8.491823694361212
29211,-93.11161903009732,40.210761462294336,45030.0,3.4546532305868407,13.035451588635668,0.0,1.3039023312193194,0.0,0.0,1.7130879112783868,7.9109212144753025
29213,-93.04132680830224,36.65577849886599,45663.0,33.81168057210965,0.3349648130906745,0.0821196162162377,3.2881196107089607,2.7663357303245655,20.426520230216408,29.20062183274217,6.406523308172217
29215,-91.9650373429824,37.317756213193555,36817.0,8.283562540929928,5.405769852543445,0.3709781964115789,3.956641061356208,15.24902735063952,18.030061339352343,21.630128149139058,22.830099341249372
29217,-94.34334326233538,37.850900891012856,44498.0,9.015172413793104,15.926643626266056,0.0388557044968735,2.7824280320434704,33.4694448328905,10.517909583075294,17.537607127874224,11.367041572607228
29219,-91.15889482277646,38.761737288111775,51198.0,32.37152777777778,2.0657221831082673,0.1344614576986528,9.330620730564444,25.58614866945697,20.327369587073505,24.553477093699453,9.920393889631686
29221,-90.87740850602144,37.96204555923174,37930.0,11.84253164556962,0.1193496344542603,1.3360361927266693,3.7446197704568673,14.21999916035433,0.0,5.854929219869215,23.542864911007555
29223,-90.4615653960877,37.11297753631349,42075.0,5.395406889665502,2.4643051593976777,8.672810161144834,3.1229430264023987,8.488342800490829,0.0,8.831679628139804,16.71867508552947
29225,-92.87587682540676,37.281105113458274,41862.0,26.26480156148341,0.4698251303852391,0.3861643121843849,9.76873968240055,18.963053863347504,0.0,4.522846026111135,11.587266803991175
29227,-94.42272994364704,40.48043820031227,42741.0,2.7717546362339514,32.50008625746127,0.0759065659179519,0.0,0.0,16.759824724838698,19.121554014422248,19.544215574647204
29229,-92.4688252580595,37.270393027125046,38778.0,10.7954802259887,1.9831674335618368,0.1891805177324944,6.733417848311266,16.039847247002847,19.83167433561837,25.047735311609852,12.67881178201396
29510,-90.25189409179087,38.640179567123134,59103.0,1988.138888888889,0.0999741567423821,0.0,0.0,10.189966935542524,0.0,19.52293374573752,10.951508791842478
30001,-112.89775157828096,45.14674641899874,58781.0,0.6792637010179892,17.167362628644785,4.864882407667842,9.950994179882732,0.9575787735202694,0.0,7.483935178173478,15.826283563036847
30003,-107.491868150478,45.42671195647789,38252.0,0.9922827596851366,5.317632392682564,35.147347526119,0.0,0.0,0.0,2.425704606033012,14.153275700867848
30005,-108.95594000831544,48.43883547690193,38108.0,0.6441337160848226,37.99437855844457,3.939413352124857,0.0,0.0,0.0,3.1558548675117515,24.488504872716792
30007,-111.4940219627542,46.33460025084565,52237.0,2.427369077306733,17.41106263923311,3.9771647590130064,7.376575279881295,11.321799811593088,19.357394971233575,23.34911477053575,9.18584764915884
30009,-109.02880518569542,45.22729727366907,64832.0,2.086690180063115,18.550903008827216,2.958559874489437,6.644305589367669,1.2377487444435429,0.0,5.211348246729242,11.165435905758878
30011,-104.53654598776652,45.5198750189895,45694.0,0.1619311619311619,38.50036563397364,0.0,1.781796778853871,0.1551714912515383,19.79952556762445,19.79952556762445,14.234754846879628
30013,-111.3487137663809,47.30940113926973,57467.0,12.074516496018202,2.0720600450059172,0.1018798468646119,7.049509057543784,8.178381672840816,18.416355508716048,31.35589980762999,18.20428389367249
30015,-110.43812217687147,47.88237110285282,56331.0,0.5736862516967229,59.939041352701416,0.1985994025084967,0.7385188500102807,1.4071287751424184,9.655414313187146,11.050448118627465,6.508545096094534
30017,-105.57191295029666,46.25468751089086,53904.0,1.222007328990228,1.2720239147503491,0.2963861907287342,7.54916809604123,0.8990328031508352,22.31050634100816,32.65742629762525,15.457630789763288
30019,-105.54796422422672,48.78080832317986,64957.0,0.4522696011004126,32.303644082787905,0.2461819682764313,0.0,0.0,15.45344654755587,20.88566542838611,5.828026416651926
30021,-104.90007267538128,47.26785390587347,51407.0,1.426418152350081,6.977693466583583,5.172189400452757,1.5659139131875153,0.8646936795526073,0.0,8.550114766641164,10.376324154631288
30023,-113.0609520642242,46.06833869300293,48686.0,5.137856758212171,0.5756433388898722,0.1862453207514272,4.525629205379715,3.403137903432462,20.168122726420155,40.093466091463625,19.267276565055095
30025,-104.41852739727862,46.333986871831506,51584.0,0.7272076372315036,4.546036788440847,41.87247015422452,4.1036873836484435,1.0435346962477157,12.721815169681133,16.20894604703592,8.939642363068094
30027,-109.2212101261962,47.27546406615987,53797.0,1.0139021635241985,4.1167552925423445,0.0,8.734176241082903,5.991673528438517,0.0,8.101456747751005,11.38618051975036
30029,-114.049472899836,48.295841703722694,65526.0,8.236902217964778,0.3872125182960133,0.8567389495628474,8.779602280077645,5.968541019363368,0.0,12.559896558365452,7.91315277288038
30031,-111.17249482611538,45.5537728788285,82724.0,18.367398026800178,1.5277912493606889,0.5506815426032117,10.15842719378667,4.4406002463972625,24.244888766547383,31.43198916464214,9.298508194249724
30033,-106.99577819252691,47.28248490340391,51024.0,0.096126594237128,40.93413033286451,0.1670182841068917,1.9338959212376936,0.68272386310361,0.0,1.501699484294421,15.613279418659165
30035,-112.99377583713388,48.702686653979754,46291.0,1.7535039218207535,20.82582362038725,2.1242623489057277,1.4688220910842498,0.4371905753462531,14.283690026698,17.76255194878131,37.03574421759303
30037,-109.17484898669676,46.38221686541026,55235.0,0.2752052545155993,27.31647901131874,9.658061257835476,0.0,0.0,13.888476278185438,14.660883515047088,14.057811710882028
30039,-113.43980037093222,46.40569561188987,52121.0,0.7758467023172906,5.058662868386661,1.7356573324914466,4.466160555645292,2.4735319598831147,25.28523810223051,25.975389495014756,13.827256574793322
30041,-110.11173828366654,48.62618066783313,54697.0,2.1474007750902047,22.401498402349677,0.3640101023141722,2.6582117612884484,0.3525118613433173,14.15009844108059,21.49807959203434,19.55306135622761
30043,-112.09717285850144,46.15652585075168,60487.0,3.0526815377313716,1.647301307599088,1.4240138934391031,10.954442369900091,6.220240272525151,22.71138352317005,30.13489486089067,20.6060567506274
30045,-110.2665331171559,47.046673418494606,59808.0,0.4298100743187448,42.58948959948874,0.0740388587104768,3.4229333416464685,0.5151545853434234,14.559157048109672,15.41333167070633,9.078722790719423
30047,-114.08728336542814,47.64865200347053,47405.0,7.73168433451119,1.257095185906139,0.6973865724458693,6.10199619409048,5.802557992864374,21.376434259001776,31.065236633424025,23.462687001201388
30049,-112.39265098885836,47.12956034111148,59370.0,8.066673965403986,0.4008783781784895,0.7229799605186252,4.925874162521094,3.3155986930828143,0.0,11.181761819372078,25.034137315900445
30051,-111.02471186600586,48.560808896025755,70344.0,0.5292538915727322,58.319106238955285,0.8287656872435378,0.0,0.0,0.0,0.0,2.897834486476772
30053,-115.4047280553154,48.54071377636662,45741.0,2.2776423195165907,1.802437707320836,0.0995140013885674,6.960065828383348,1.8961660109542544,0.0,9.925428784489188,16.14582529764201
30055,-105.79562534543464,47.6538957074663,54422.0,0.2424585752726242,20.63375717548299,0.0,1.5562310968458737,0.0,0.0,0.0,7.241836923646688
30057,-111.92014600646068,45.30610267934245,71901.0,0.9850698517649568,6.042355632932657,3.780602597316051,5.492848634284905,1.3137909874188165,15.368980482644298,18.173437625818774,5.697490705029419
30059,-110.88622886244184,46.59946556960261,54853.0,0.3266129032258064,12.084490132813086,7.122133013181261,0.0,0.0,0.0,0.0,12.641004477126636
30061,-114.9905600447008,47.151251416756025,44674.0,1.668433256045048,1.2119575814846482,0.0,6.0140395086171985,8.14246501372452,0.0,7.524486642967496,20.53128140515082
30063,-113.9213158975422,47.03959061693933,64877.0,17.891847906495045,0.9919920252008708,0.1243429374264737,6.163986809774921,3.620953226518208,18.469185068631507,32.12332976299933,13.390319128880632
30065,-108.39429791775564,46.4982097456151,49164.0,1.0644234714813294,3.4107048444449055,49.30946185505023,1.7561501539482278,0.1635894299250474,0.0,2.0572044660536384,3.7380910419755136
30067,-110.52670896414422,45.49243935578129,62777.0,2.4447346714324993,1.289987452094872,0.0618890419759483,8.36758165624497,7.203858317272277,20.503852690995732,30.030054784232295,8.595249590786516
30069,-108.2478700621886,47.12649889044909,40588.0,0.1185050136736554,58.75544866977304,1.2826293902500123,0.0,0.0,0.0,0.4659552081767624,15.957713312290196
30071,-107.90813822195187,48.26900664355168,46662.0,0.3184526053842093,31.280074959105995,4.5420136260408785,3.266755954114016,1.1508552008173507,18.587846672630928,24.53851976940546,14.459272748447615
30073,-112.2257528021706,48.22974759392175,62256.0,1.4262640449438202,36.25467388055605,1.1290509506352815,2.7747448808427317,2.085480929347395,13.344882062668123,19.06455292388208,8.964396162080723
30075,-105.62894183692693,45.397155977190934,45667.0,0.2023935234072509,9.480003348780404,63.027494472049995,0.0,0.0,0.0,0.2777517864266051,6.798516687268233
30077,-112.93761947946484,46.86029664843887,49323.0,1.16956449743335,7.376735106998265,0.0,0.0,0.0,14.727805089647196,22.003325621746676,33.65854540196646
30079,-105.37876677331064,46.8612293399029,56547.0,0.2468424551296255,35.83541052949619,0.966840395800287,1.2538711383034973,0.3852254702016768,0.0,0.0,29.345116700657147
30081,-114.11487431277416,46.087578125925106,59678.0,7.691066188457777,1.0252375873380888,0.2010257418852167,8.991000804355116,4.265288420564259,22.67695182190216,32.43877193380586,12.54195127978194
30083,-104.5615594256534,47.79724633491218,68197.0,2.003042777877215,7.952026208531117,26.552301939420023,3.580178576630914,3.4163752571467776,15.948691875900426,21.967218660985395,5.996254044569915
30085,-105.02686177176108,48.30245789916305,44443.0,1.77361673414305,10.530319454428584,10.55504208552509,1.2235800651916766,0.5178440344291164,12.235230129660692,18.24073757117265,27.037430063480112
30087,-106.72901822845316,46.234338724944095,54157.0,0.6257801063256029,3.439871917103017,24.523323298034345,0.0,0.0,5.619165917277456,5.619165917277456,13.634673010659872
30089,-115.12263829977871,47.67455967543954,43437.0,1.8662580105879072,1.8607610289189287,1.9814072843102415,7.681783266555879,5.083526785809276,21.087561094455165,29.46853941430179,11.942064263813146
30091,-104.50354369912054,48.718449966776994,54548.0,0.8119853613906679,9.262221017439234,5.254359808439505,0.0,0.0,18.656365772115297,24.553176109153338,12.148278666305233
30093,-112.65068753220189,45.90637042542434,57675.0,19.87590027700831,0.0357352489454299,5.798690417174817,2.8604419411184474,5.694373903231987,0.0,11.965225801153869,12.172338180148232
30095,-109.39441782911015,45.671285673245634,65372.0,1.9700021427040928,3.747233515930773,0.0,0.0,2.710363511894142,7.392728749795954,9.18972544583259,4.611629293032825
30097,-109.94076634214744,45.81542242203289,57142.0,0.772133526850508,0.9192586208066672,46.1190251582998,4.055732386814798,2.4018134064487233,11.285944064012162,26.828506857961138,5.382193054490421
30099,-112.2384322437228,47.84198792448689,59818.0,1.086413415468857,31.71891236322853,0.3149754642944402,4.6210138677515165,0.873983321018872,12.94195914738791,16.151765187263216,9.522561957440043
30101,-111.69345846381007,48.654841584195566,61245.0,1.0192926045016075,29.62768274184101,2.8284783117097674,0.0,0.0,7.781694598149248,11.33965984453346,10.864206007110353
30103,-107.2698322890632,46.21326541424607,56895.0,0.2966336633663366,43.7551909739076,0.0,0.0,0.0,0.0,0.0,3.62747953273145
30105,-106.6662580357905,48.37262078751058,61484.0,0.5866832221015055,21.991489247275688,0.6173544959317347,2.308300784970163,0.5174125339769058,16.584987641705826,29.953457521304895,14.191310427352729
30107,-109.84443450414824,46.46684521448945,51843.0,0.5520129694677114,33.170744591869976,0.0,1.9052817862456968,3.3976351262117115,0.0,5.49837557999278,9.74563959886951
30109,-104.24894678415689,46.96493345774675,47904.0,0.3994811932555123,10.316502440869703,0.0,1.1853079458865492,0.0,15.482859870660926,15.482859870660926,16.457406373281934
30111,-108.27069397100016,45.93948505926313,65839.0,24.693470990257374,0.5351420835731402,0.4425913852349891,5.49101124936345,18.102155348679258,17.682362353065237,29.640020213584172,7.558691813896192
31001,-98.50112803492398,40.524724712611786,63095.0,21.234086242299796,7.34667358934627,0.0409238313245344,5.598992371491718,20.02730135125174,0.0,10.039147511480625,8.949751899272595
31003,-98.0666775703164,42.17732788750759,70558.0,2.833558254610886,21.39659791315967,0.0089080440948182,3.0242809701908024,1.6715682742629574,7.846414839753457,10.93685113741313,5.434430900432957
31005,-101.6957671637553,41.56917296531683,54241.0,0.2295698924731183,43.16550827823925,0.0,0.0,0.0,0.0,0.0,20.359382946262077
31007,-103.7106210914353,41.54616802508984,72247.0,0.3395445134575569,74.25863311346377,0.814810708940746,0.1644402564528943,0.4933207693586829,0.0,0.4933207693586829,10.08998023021636
31009,-99.9766828830582,41.912902183479034,57931.0,0.2421621621621621,51.94828450684048,0.0,0.0,0.0859537282429625,0.0,0.0,23.168111166821863
31011,-98.06712041939518,41.70708252857184,66367.0,3.0146067415730338,21.023254975158025,0.0,2.542628109755547,7.346371989432016,10.335885158835358,12.400789893688966,11.090432006925097
31013,-103.08569765343074,42.22009480611976,57033.0,3.827005730659026,19.59669706283903,0.0,2.2050244945936672,5.0953135380998615,12.211814352152675,14.349524344924763,14.140279917353563
31015,-98.74971994248374,42.90928878502096,78522.0,1.2991772625280478,52.958414215320296,2.315091334428351,1.074486088298243,1.0104026678612317,9.834627445124683,13.510402667861232,7.2457816932955055
31017,-99.92919672196976,42.438775815196614,61177.0,0.8915588416512631,38.70847579389892,0.0,2.630143547035268,3.4900066962009033,0.0,2.2793690493612,17.609234548849006
31019,-99.06987277393388,40.86088831641001,68468.0,20.615259077927377,3.8976447399142624,0.1409930703821109,4.381251703249476,24.68593726479299,11.542718899731945,20.976348345350317,10.653796504962571
31021,-96.32531494405626,41.851918495877094,55047.0,5.1792524790236465,33.87028219542678,0.0,2.887987086915382,4.862393677041324,12.823775862854136,14.519124217599645,11.618234166038386
31023,-97.13103006492624,41.22828959496747,66507.0,5.450549450549451,39.762878870688176,0.0958400349786848,0.0,0.0,12.54274738831025,15.753681350427083,12.616335358141132
31025,-96.14141783087678,40.91172913668479,63577.0,18.234228187919463,8.911201937342662,4.195916648320619,5.245087247422779,8.137413494395682,22.01650187129689,22.01650187129689,11.826692063978252
31027,-97.25305787419563,42.6079925021736,65141.0,4.183,27.108251041006454,0.0422536171140779,3.820204044080064,4.073555369276169,13.21924856712532,13.21924856712532,10.497468190522923
31029,-101.69803245875904,40.52434508166823,73936.0,1.622040464916057,48.65412754542129,0.0156775306147333,0.9543696761718954,0.8304736356193495,10.010974271430314,10.82664135035797,9.55088229658404
31031,-101.11877126975538,42.547652432321854,56904.0,0.3521758636159713,23.841149004980235,0.0,3.6549111217413506,2.0278975310127456,0.0,3.5918144547127344,15.915033734706396
31033,-102.99489182691228,41.218778842248206,51118.0,3.0574638844301765,18.3379956741168,0.2178803172314347,2.160057678442682,4.292285508291276,10.063734679163662,17.705839942321557,9.560922855082913
31035,-98.0512541186053,40.52460281213757,63435.0,4.087542087542087,36.137670700566225,0.8984123459531476,4.645497946041967,5.5827689574775174,0.0,2.0224270012212724,14.694792938825357
31037,-97.08544249188346,41.57765097059228,56331.0,10.051935788479698,17.30565769914888,0.0970104733957291,0.0,0.0,0.0,1.7397065076119715,6.785569499819273
31039,-96.7873000314766,41.91660581805939,74820.0,6.024177300201478,50.97109325550869,0.2495419175337234,1.9912426480752223,6.205705270312826,10.891917481757249,15.554640949610407,6.637232984431951
31041,-99.72615889233778,41.395067978913026,58600.0,1.5741906474820144,22.746373767368155,0.0,0.0,0.0,13.526724427863734,13.526724427863734,9.122941823487238
31043,-96.55493606260248,42.39649202698468,58561.0,27.709256844850064,2.8821224279715048,0.0,2.4816404833483454,37.01830687706903,19.97632388550306,21.988559664042487,5.523366125843696
31045,-103.13537966173588,42.72016426167141,46199.0,2.275234418091561,5.635298458437199,0.0,3.5609830725065468,0.0,0.0,9.857422689380645,29.93073616448136
31047,-99.81967355484151,40.87020557750467,51698.0,9.11254262978401,14.50292089127788,0.1242426217365621,1.8579496139788985,28.859771356334253,8.94071009675614,10.856591324533934,12.085931204139628
31049,-102.33384160026404,41.11024790732784,47152.0,1.6464471403812826,39.35095261997774,0.0,0.0,0.0792940645846518,0.0,1.274524781213854,10.874198875333729
31051,-96.86464271214304,42.50193921568402,57884.0,4.212051868802441,24.345594918940066,0.0,4.297039500178344,0.0,0.0,0.7736650136346377,7.020745360196062
31053,-96.65313166062518,41.582954408812455,61682.0,27.341678939617083,7.047054793964858,0.0629292656006552,4.276756137455294,21.534401743394632,0.0,0.0,8.020377229905934
31055,-96.15000306689832,41.2940870043847,76692.0,671.8788571428571,0.0803888192456338,0.0252431951915469,4.036158751181634,6.433195069644778,31.51251627691975,40.98854409372198,7.680613497158681
31057,-101.6878849897188,40.17512681719491,98270.0,0.6665278934221482,49.056499032799415,0.5384723782031847,0.9851354294327892,1.5082350831194673,5.638373736554204,7.700453922393362,9.478138704677152
31059,-97.59646111581986,40.52480461140103,74906.0,3.7032819825853984,24.50023912945071,0.0,4.4775267519922535,9.724597662239,13.481783846657994,16.096462655458748,11.69982660654644
31061,-98.95277769267578,40.175514239137144,61519.0,1.888074616922052,33.782859601804255,0.1267894603379515,0.0,0.0,17.225692923611273,19.837555806573075,18.960787477811845
31063,-100.3941467951729,40.530246178013634,55913.0,1.033477747144545,35.533023677353576,0.0523960575506967,0.0,0.0,0.0,0.0,17.824572334881612
31065,-99.91217751155212,40.17590681826538,61182.0,2.4402347918890075,15.985402936171072,1.2300019936607367,1.671785655466531,12.630563108030406,0.0,5.230325602360033,10.94779787169493
31067,-96.68942666350289,40.26180443835669,75117.0,9.651433691756273,12.229184977134633,0.1050877548615893,3.0775490549786055,24.371065155139824,0.0,8.096513882048509,11.8568406200763
31069,-102.33548095479668,41.620446922431384,58047.0,0.409678858162355,46.63953728975554,0.0147799268886283,0.0,0.0,0.0,0.0,12.3353269812492
31071,-98.99127541398424,41.91448482643676,50941.0,1.2047297297297297,5.810456467062664,3.3167442607160056,2.6970621287526084,12.324075560550115,16.77208754749291,25.074115695403226,13.312998341092738
31073,-99.8306155409196,40.51504727839309,68478.0,1.5283806343906512,19.72953928251902,0.0,0.0,0.0,40.87313840526353,40.87313840526353,10.048059032643724
31075,-101.74052428207648,41.91522069665507,49525.0,0.2893050763923115,34.972429678229915,0.0,0.0,0.0,0.0,0.0,17.60312696307671
31077,-98.52118644900088,41.56763350375477,65708.0,1.513531799729364,49.479846062989566,0.0,2.760742168487043,1.205796649987994,13.52854519141535,15.001719785318873,11.79123753155644
31079,-98.50210606720854,40.872769555540714,55627.0,43.56083916083916,2.8648596757300338,0.0573195789303301,4.842740302056746,25.002550645926867,15.980711520438962,23.744877721819023,10.656813926828104
31081,-98.02010769468652,40.878060381312125,68050.0,6.573119777158774,21.470513501651613,0.0,2.4520108105610867,20.834584555681317,9.117137511261,12.578480515580608,5.182947956850153
31083,-99.40462424917612,40.17573490805624,65239.0,2.0234270414993305,47.70517006863002,0.0704465603026986,0.0,0.0,19.920426401066887,21.609814667948587,11.174862540595385
31085,-101.06217910554416,40.525053459189245,82479.0,0.4675324675324675,80.89607820318864,0.0,0.0,0.0,4.097133325575081,4.097133325575081,4.47651188952248
31087,-101.04308256330292,40.17580088210395,64427.0,1.3977516059957171,33.752805419841266,7.000488989380154,0.7715165775758666,13.147545231517665,0.0,0.2353000179714045,9.65942098642114
31089,-98.78474223355146,42.46484455164157,64258.0,1.5742651657285804,17.94574430498316,0.256359391451635,2.8133799882384567,3.2951102732739463,13.55030759605554,21.18204686071257,7.92753856248584
31091,-101.13542806756912,41.91617137238662,46987.0,0.3640256959314775,1.39426800929512,0.0,0.0,0.4200679258773759,0.0,0.0,20.17517726270631
31093,-98.51706717691457,41.22015810900395,56871.0,4.373574782025487,30.039685278487127,0.0710884118986817,2.9608668645179104,1.9528607909448548,15.89585202567465,18.96783766995652,20.46310994547588
31095,-97.14264560519123,40.17526964941366,55716.0,4.77369826435247,8.38664965525744,0.3906023794802055,3.2058909787849297,17.96005058590357,10.536363755237453,16.198884046573404,9.026071914923028
31097,-96.265022279032,40.392606533560866,44202.0,5.387922210849539,20.205384627913418,0.0,2.208576966301285,0.0,0.0,1.0928872746225389,36.08930403765656
31099,-98.9507414284908,40.50946688532806,77335.0,4.932352941176471,29.738178482924592,0.0105182997378839,2.378187570735566,15.13877844674164,11.00613847972703,14.813973350835784,8.723036338621935
31101,-101.66181508363856,41.198781680659486,55396.0,2.8499478985758944,22.671499953301577,0.0,1.649621742785094,4.548815416705582,17.285615329535194,23.109297655739237,9.392609196475826
31103,-99.7140394645699,42.887666223733255,58816.0,0.4247083775185578,53.761491317671094,0.0,0.0,0.0,0.0,0.0,9.221144024514812
31105,-103.71476684483974,41.1970537007461,61386.0,1.3489310205728116,12.569039935532064,21.490048314156084,3.6005637264822656,5.766053509859694,0.0,0.7848750565750304,13.043350272112097
31107,-97.8930382622004,42.643944969355914,62275.0,2.732504905166776,26.195651032643504,0.0,2.0240757656891466,28.055406810092293,9.871536418139248,12.928649426192502,12.148523220041788
31109,-96.6877039680036,40.784667996230034,61748.0,148.38138686131387,0.5365998809367444,0.03195625171332,5.26171259944182,6.990413243208921,25.607045112848308,34.812681554546785,15.585267768259673
31111,-100.74516858231011,41.04868548240057,66615.0,5.041841631673665,11.38263883930384,0.0,2.698803378596899,3.6106899298715738,0.0,9.984235454546727,10.705575412909289
31113,-100.48292927725518,41.56663630393438,57567.0,0.4668918918918919,25.6045602797285,0.0,0.0,0.0,0.0,0.0,19.29010078453266
31115,-99.4543869293484,41.91400480166994,60141.0,0.4036511156186612,58.99957124481921,0.0,0.0,0.6745748177790482,0.0,0.0,13.75160783192797
31117,-101.0605297763119,41.56830091765581,63324.0,0.1679389312977099,43.07797713355886,0.0,0.5095705048601893,0.0,0.0,0.0899242067400334,12.734980516421873
31119,-97.60075397314748,41.916872627577185,63613.0,23.776510067114096,4.916820272796283,0.0,3.5202320890923526,18.45795965715727,0.0,11.383965878419138,12.27183380255406
31121,-98.03930950903975,41.17008720734425,59465.0,6.070078740157481,20.98301063827585,0.6748546267909007,5.9954416261098356,15.31195465639342,13.181815358946066,13.181815358946066,7.967838829810357
31123,-103.01042066932456,41.7164649312686,69938.0,1.2227923305428032,42.02525403998557,0.0655751038272477,0.987184896376086,3.7665017969611783,8.23907971187621,9.523131744958595,15.865108453088384
31125,-97.99244070073274,41.39738951017272,51536.0,2.8621877691645135,13.992931052146297,5.523511935252536,2.430591127958201,0.8559573814158385,0.0,2.850630058395656,17.674418604651162
31127,-95.85437798717878,40.38548130712198,57582.0,6.783783783783784,7.307130247325164,0.0,0.8966213749653087,4.049881905314664,0.0,1.8747747218642723,27.328296315745227
31129,-98.04734702835952,40.17551923393189,65936.0,2.7173333333333334,20.551410795879907,0.0,1.5239521215719682,1.059853771731305,0.0,8.297550719524544,7.965683110893116
31131,-96.13122565349066,40.64896924894553,58605.0,10.014180024660911,5.5327154858586525,0.0,2.578124902433633,16.567861857263996,7.385196387827714,10.334791573263132,9.782737652937232
31133,-96.2370995225132,40.131226926217096,57953.0,2.2562277580071175,26.480915386462613,0.0,0.0,18.91262161127229,0.0,2.703842883752929,15.294300901497303
31135,-101.64921330146532,40.85075430820683,100398.0,1.2424639580602883,48.10658936601187,0.0,2.6164212410477563,3.059949588251251,5.029492655051769,5.622909823162872,7.557802237838115
31137,-99.4104990838776,40.517410830729645,62739.0,6.198898830006883,18.4500807542478,0.0737253480867335,2.3517136457497023,21.665672207522277,0.0,6.7492015690586795,7.177599990003343
31139,-97.60135007175693,42.26455877252153,97775.0,4.920080591000672,26.35384451317052,0.3034019409192705,3.335821691372507,23.694500728733424,10.643596032846329,14.70619601151754,5.797696491415165
31141,-97.52044976013724,41.57156887034328,57632.0,19.43147208121827,3.4979452213389814,0.0,3.9053544416251462,44.09841365401226,0.0,5.00723517741206,8.475635902776332
31143,-97.56640000391631,41.18758053865574,68326.0,4.603342128408092,49.020731728591045,0.2392410079024295,1.6108894532096925,1.0439381063575806,0.0,2.581310791513922,11.902987771295564
31145,-100.47770324714388,40.174776028266315,55669.0,5.6304,18.790679456301618,1.7348234202550703,2.6812675183830166,8.46132691073646,13.291469780181622,21.62890057475575,13.151044922064898
31147,-95.71931550412046,40.125728782048355,58060.0,5.402234636871508,17.493235624512106,0.6896595493519104,1.8883132323666112,7.06541399670402,13.90975614399922,20.445867014176105,11.065862486963107
31149,-99.44962307959632,42.43024970774386,79266.0,0.4597615499254843,34.66464055660684,0.0,0.0,0.0,11.90530802607183,13.50517040350173,17.861307032131045
31151,-97.1408142399616,40.52433732445492,51818.0,9.793034159410585,9.718373951742834,0.0,1.7489840273104704,34.996020444199246,9.253038254688056,14.077349211731695,11.50961330665069
31153,-96.10025459929793,41.11517707982572,62831.0,339.5613126079447,0.2573291655397427,0.0,9.75779496078644,5.784485953730836,0.0,4.501218775716575,17.376870715036027
31155,-96.6316151289272,41.230438693267295,66647.0,11.236778262979136,17.681713848508036,0.5118189505899408,8.799077839971007,5.02879233278299,0.0,3.61353843675754,14.36666935126646
31157,-103.70763041973264,41.85052951758299,53047.0,18.54818652849741,7.423666231154866,0.0423870511864307,4.050116229504354,5.520745973828149,13.220789174174898,24.162963381128,15.156576140491543
31159,-97.13951380555564,40.872608217697326,63143.0,11.819584171696848,23.677522946087674,0.0,4.880116523021672,13.301580946116273,14.210640284198506,21.433167796011173,11.360688188561378
31161,-102.40906084348048,42.50708552430811,63884.0,0.7832266125253787,24.991989380206903,0.1350361622264945,0.0,0.0,0.0,1.949155451798956,14.27263572278678
31163,-98.97609012313868,41.220692234418074,56897.0,2.027027027027027,35.51883140924237,0.0,2.020127225606678,3.3718151526370708,0.0,4.452223082360068,10.551647537948908
31165,-103.75888520744856,42.48926626921441,72670.0,0.2109097702223052,74.80718062712607,0.0033680239803307,0.3558878672549482,0.1044087433902529,0.0,0.0,7.169400379464035
31167,-97.1939388890785,41.91721297736984,60802.0,5.145926589077887,18.16212225770731,1.7616701476694097,0.0,0.0,7.168878689156008,7.557711662925831,5.796958574156822
31169,-97.59495828479956,40.17549146373717,63642.0,3.248331108144192,19.3530815218028,0.0,1.525629561366858,13.831801976641117,10.41426680359716,11.787411506066205,11.081412466662242
31171,-100.55569707018913,41.9136140596206,66063.0,0.3607355327203894,20.90357882283348,0.921818002563344,0.0,0.0,0.0,0.0,16.804692891649413
31173,-96.5398497902654,42.15745393550326,57161.0,6.279002876318312,24.010611050128063,0.0,1.2793633369923163,4.110135382363703,8.615989754848153,11.66410537870472,38.6443468715697
31175,-98.98184131414943,41.567424091906545,66480.0,2.7478025693035835,22.18193930584919,0.3413495419309372,2.119945824524313,7.149070648343904,0.0,2.2900700317124736,14.241157945736434
31177,-96.21716468452055,41.53186781101259,69410.0,20.109211775878443,5.959155263101244,1.2109187195476367,6.065775908876722,27.46740386202344,0.0,2.857050596668987,6.8950608867871725
31179,-97.1192815032834,42.209387722859134,53942.0,8.621951219512194,20.103703546973396,0.0,1.992478120693896,9.41649894074801,11.78493878554974,16.380849358762433,14.364038857753432
31181,-98.50001514607136,40.17550440543279,57695.0,2.2241494329553033,27.463120855325485,0.0,0.0,0.0,0.0,1.661817115532097,7.237109216402761
31183,-98.52809174958192,41.91501472032398,58235.0,0.5258215962441315,70.69075981206397,0.0,0.0,0.0,0.0,0.0,7.064211475487638
31185,-97.59709336403697,40.87291926974906,63649.0,9.597184986595174,16.437868295266377,0.1391896330957919,2.498541902699659,9.80562054609934,0.0,7.8757365905327585,10.23483746405036
32001,-118.33573548303669,39.582368993802,54307.0,1.9853947267276504,4.472504497101718,0.4293701624903199,7.970242769160492,9.195305985368709,11.788015207028858,17.46260749458388,25.28080700507217
32003,-115.01765055952195,36.2136806555751,60318.0,109.82173769096154,0.0102199481817859,0.0625688202674152,7.694401548499748,2.542637693903559,21.709432392061014,28.206694062495213,8.93929589558304
32005,-119.61609624897824,38.910832463302,95736.0,25.80228928199792,0.1291659506444793,0.0,6.196611827529027,8.605117547841413,25.99123440444317,31.741404543186743,7.559235439670271
32007,-115.35869626104012,41.15309978120399,54281.0,1.2082922677179464,2.419259653344561,16.07842584583657,6.433126105795853,0.8738906808678306,10.786372425877548,14.875519610278346,11.455707389314716
32009,-117.62994500192389,37.78780422685773,61587.0,0.0806154512948315,19.234996271146525,44.29485418220356,0.0,0.0,10.06005416650312,10.06005416650312,13.029399065824077
32011,-116.26886698629428,39.98930365526868,52975.0,0.1720092378752886,1.9529805552818824,84.83869853329735,0.0,0.0,0.0,0.011451617237051,1.4127713041664691
32013,-118.11399432541262,41.411142062451525,54497.0,0.6882226297743401,1.6528369140654622,34.6671123246056,2.190538180490252,12.51708372282907,6.4160791119679175,7.2769228249456015,10.96603637612155
32015,-117.03711154860969,39.939409200866656,77587.0,0.4035112261313562,5.025408509772026,70.37588537928305,0.0,0.0,0.0,0.1689759085083384,5.4695437172597225
32017,-114.8710719928725,37.64870840635307,50600.0,0.1594072257878416,13.219263625917971,0.0,0.0,0.0,13.6174251885897,13.6174251885897,28.995353949143222
32019,-119.18916952776084,39.01913696087086,48049.0,11.767099732518153,0.8407859703994106,5.422777648061771,10.583106631987244,15.842442111969651,21.7396635951123,23.97997969190337,9.899337362372826
32021,-118.43574172271654,38.54090479224563,46144.0,0.4596373949154259,2.976007145497105,10.208512997412836,1.162683257361094,0.0631390907970925,0.0,0.6390907970925219,20.40971110016016
32023,-116.47375682826114,38.05587143695808,42256.0,1.1615711252653929,3.2666781743558007,16.050856234678154,5.646981065081349,1.163051731832683,15.978769207928142,20.411092816071648,8.859862283369987
32027,-118.40464380822434,40.44170945193758,41021.0,0.4102074583174239,9.570502065738172,55.404972484509926,0.0,0.0,6.595886558819551,6.737320211960636,16.380912152140844
32029,-119.53014434864384,39.45175444068967,75481.0,5.784722222222222,0.0429928876839757,0.6891561926753715,4.768960853313571,58.948963968523685,0.0,0.2678557754837447,1.2233736380760851
32031,-119.66435034268888,40.68318474835302,77095.0,29.25159085552675,0.1764559289836234,0.1909716376562827,9.450503973151594,7.424737857141024,21.986119693957335,29.281504363640913,9.303032332589028
32033,-114.8986488803929,39.44500083082351,58444.0,0.3775558725630052,5.244808589457223,51.186557041748216,0.0,0.0,6.821600463418761,7.944747324734022,16.993094011552095
32510,-119.74593909867204,39.15139427481205,60087.0,142.73710073710075,0.0042185569633532,0.0,5.602154365704248,8.902159610999943,0.0,10.064003767684737,23.698513795685688
33001,-71.42015809910232,43.518552763926856,75822.0,53.827643630308074,0.0701458172588321,0.0,5.322673552931738,6.683826458521781,23.28089670434781,23.28089670434781,11.030855778970558
33003,-71.1987762016509,43.87475256695453,74382.0,19.747536012130404,0.6245346995269394,0.0,3.5821473723522077,3.52877607990644,0.0,8.437053751371296,9.924238544594118
33005,-72.25440414659927,42.92308023678419,64297.0,40.815400843881854,0.2912226684364359,0.0,5.13938206309386,12.692161132742882,0.0,9.136872532478774,9.607908119099587
33007,-71.31276783167442,44.69457312055632,53286.0,6.550646102542726,0.5671098782424033,0.0,3.483264036579181,5.2867097184085905,0.0,0.0,17.84210595430979
33009,-71.824607606306,43.94151326642194,75311.0,20.213788603740756,2.024769579930398,0.1166885674312528,0.6499999075917107,7.974639007017485,15.834992062127942,46.18193205403298,7.800183707679313
33011,-71.71693774439007,42.91782927925294,73025.0,186.2415902140673,0.1076207533869322,0.0,3.106904487094868,11.394700566755576,0.0,10.43400576270499,8.252843418645657
33013,-71.6802797548866,43.29921653112323,70176.0,62.72219991971096,0.2567554889159705,0.4896887289406823,3.637443690334529,5.648992076276085,25.114682220524053,35.75715432798773,14.538098806304816
33015,-71.12210968288424,42.98896110349994,92375.0,167.96317727511837,0.0881977228397064,0.0576565335069004,3.3808652688631065,9.435119812750283,21.474491888879545,28.47184331410907,5.840899955630053
33017,-71.02781236163777,43.29838780913269,63101.0,131.26957383548068,0.2235855761106808,0.0,2.7213660846300076,8.168622496127579,0.0,11.142328535344644,15.267997408118005
33019,-72.22476130372384,43.36262471212849,64626.0,30.367474048442908,1.034234852139278,0.3561073311111272,5.154802103486495,21.632990981368792,21.87733380711016,29.28508935479239,11.19690282169223
34001,-74.67527641143593,39.48196317592931,57121.0,186.3097165991903,0.5318009819915132,0.0,4.629422362244565,0.0,20.975443979723075,32.0896136072356,15.581432912625743
34003,-74.07906954736076,40.95859904586017,96082.0,1569.2377049180327,0.0139989479489704,0.0094282260279869,2.8086233184437557,5.67246372084982,19.407833721260317,30.684537355546293,5.948485294992216
34005,-74.66772929401866,39.87830577242724,70909.0,219.112676056338,0.3873885378229446,0.0194645920369789,3.541465777838959,7.145831844072573,24.51335476836029,33.971030180408775,12.261019293958718
34007,-74.95334377682615,39.797857763478625,61925.0,934.8665480427046,0.1589001142633391,0.0,4.005740780704821,7.489359218365996,0.0,15.033275222313586,11.885913074796225
34009,-74.8031587494477,39.14760514583734,73354.0,131.06456043956044,0.9231796511155864,0.0,6.131164170420172,0.0,38.45778022537101,43.62551027271089,15.01415020762122
34011,-75.11079188394818,39.37344664595227,47627.0,116.50230414746544,3.5802070268282997,0.616137086550666,4.97017508905501,14.551921616563805,14.76499555793686,27.125719584433273,17.143876468931595
34013,-74.24680653096569,40.7869250709898,76010.0,2582.2900302114804,0.0022549353032399,0.0049030156393094,2.6713090316681187,3.673212787534754,23.508120794760305,32.31992594292372,13.907970983908257
34015,-75.13950813383873,39.7148378036019,62599.0,356.90232558139536,0.5281602840146143,0.0,4.932465392330448,9.949338532426836,0.0,7.960281613569453,11.623064019802705
34017,-74.0780990247046,40.7412995642487,75554.0,5624.261904761905,0.000954506509187,0.0,1.4798494438750858,2.8180898073621123,36.19703703389463,41.74672433208835,8.4007246859742
34019,-74.9123098534057,40.5689289276868,99661.0,115.33007985803016,1.2944454526966598,0.2374650155593557,6.290550115066705,4.407861870774952,30.25203686059812,37.93737388936068,9.62197459948857
34021,-74.69969214347371,40.283134909214525,79930.0,651.0477001703578,0.0677426998032136,0.0115073405315406,1.9355583023985372,22.408997263733575,17.327954184837814,27.610275809000985,9.529385209750076
34023,-74.41436336520646,40.43759756366758,70918.0,1065.4870848708488,0.0437113311940651,0.0318264135697129,3.1330576130933583,8.458436779790485,17.69884179108918,24.757334103450184,8.660133969460857
34025,-74.21872150971866,40.26068720398752,94479.0,510.6840855106888,0.3089877783726655,0.0082815657213529,5.769679326676264,3.103262757602584,25.69248190072349,39.08856758880336,8.42249534503436
34027,-74.54335852690429,40.86265948497304,108860.0,409.8201438848921,0.1095049670890098,0.0384693181000808,3.031562969976508,9.683026334903705,22.60447288351611,30.17395506842411,6.109982553719828
34029,-74.29120549511863,39.90813143228054,58568.0,378.3204610951009,0.2692488994638685,0.1226797686194976,5.904243467088349,2.8005755023958407,30.90268272898725,44.90615720530927,12.063128188095265
34031,-74.29989555803249,41.03380536348572,57076.0,1026.4155069582505,0.0357317885437642,0.0,4.75980662276003,13.865308553235725,0.0,10.551633657605205,12.916874587596256
34033,-75.34372922344393,39.58645095096307,54948.0,74.90459770114943,1.290977497237254,0.0,0.0,4.3782546011693215,7.882562335992274,11.435320709805591,6.346720352819732
34035,-74.61638737711,40.56394376027403,112772.0,441.468948035488,0.1004754352687653,0.2752219481864043,2.4289206545583175,13.610230854152949,18.12821401871162,23.248586540363437,4.392800821585953
34037,-74.69057332450505,41.13849926737782,71218.0,105.6113125453227,0.6918537886111346,0.3670693491984195,5.571746478690481,6.4394548863643735,31.692807510396865,40.71603744817787,12.789506465195643
34039,-74.31266352890732,40.66039978898931,77975.0,2180.9885931558933,0.0025598360043119,0.0129939266322005,3.9657290973377752,16.226984358687943,17.57631654442999,24.88950618275048,8.39953600105319
34041,-74.99769655627324,40.85952595181897,62899.0,115.98849372384936,4.239917330924905,0.0,0.0,11.996476258209476,0.0,9.923711265588958,11.020799438592958
35001,-106.67009932144934,35.05154584259124,56302.0,222.34522629666336,0.0363092937219008,0.051674446152448,4.385464682550843,3.520869431625499,17.904814069042406,26.861809801053383,23.21180637464524
35003,-108.40468325092075,33.91793478220865,41623.0,0.2112856506238859,18.95651666715273,0.0495785820525532,1.3364344250342677,2.954300212896264,0.0,2.8937851789203535,31.34605850272682
35005,-104.4659146291939,33.36587956470356,52755.0,4.061713486716664,10.5252277626427,3.924280208569485,2.442891231090225,5.241326575702501,15.046436297545812,24.804783111558542,18.10158732598396
35006,-107.99987501202573,34.91322775822738,35073.0,2.275284718680945,2.4992251751657575,5.35542322039339,5.613744285666847,0.4008334901431212,13.513636917082676,26.37517571920348,33.372950865036586
35007,-104.64681525576924,36.60977453794323,49711.0,1.2505342423934058,9.269716615246647,3.814787885717144,2.45708497612408,1.602804013798549,21.486899060148023,24.715730953303954,21.735394421627493
35009,-103.35130435283196,34.57405123309421,56790.0,13.1934855233853,9.660220476803492,0.0167537112780484,2.072164192481301,4.218294237945475,7.494612332361041,13.113954772108787,47.74372321443121
35011,-104.41197688065968,34.34303939799479,56960.0,0.2807278742762614,44.67199738903394,0.0,0.0,0.0,0.0,3.129079634464752,15.49955124020888
35013,-106.83299781905308,32.35006291504299,46222.0,22.48406234288587,2.249473403120093,0.0841523981165204,4.290885620992528,4.948907472572112,16.82422129131968,28.109416676031824,27.737401627166314
35015,-104.3044718544439,32.47371878912917,72029.0,5.552369537156555,0.7132681011612834,58.59576779697229,2.590626763457848,3.5827523403391015,6.741786178610197,8.80985936408692,5.427718467577285
35017,-108.38235066677184,32.74082534079752,51125.0,2.695504087193461,1.7573040655433605,38.102952542896894,1.667439583655382,0.4664296387901273,11.125607598632795,15.953968499338728,20.04809261263118
35019,-104.79040984551888,34.86422829382729,44304.0,0.550828025477707,7.092683504952571,0.0,0.697872650776503,0.0770349300987779,0.0,6.009636203682178,20.646272922449985
35021,-103.8121186082831,35.85596578201879,50102.0,0.1155760368663594,18.799989005854385,45.852458565813706,0.0,0.0,7.3523348816755085,7.3523348816755085,13.14350108567188
35023,-108.71573674331454,31.91490810553299,53778.0,0.4495741819811744,11.12271806565856,0.5592570416703824,0.0,0.0,0.0,0.0,48.18230845340162
35025,-103.41210233523856,32.79542339843373,54855.0,6.3437746775467225,1.3787764559732372,67.7627978435842,2.5379524542493077,1.726624153937513,5.628885522081758,7.292993063189586,3.792582000569212
35027,-105.45913153673588,33.746770975476565,51411.0,1.6254295532646048,2.601189129556148,0.2269971555451617,4.396830682491224,1.1892566542195289,28.27499955515675,36.63754426190337,16.70106787799602
35028,-106.3084827979674,35.87102615193456,87151.0,69.52707581227436,0.0,0.0,2.4974046165121737,0.5784812100944066,0.0,2.660959897761178,9.200051656097852
35029,-107.74951691230468,32.179566440869216,38312.0,3.313588850174216,7.9940978875185715,0.1844642005902112,3.5693683700932426,7.70975035659369,11.519784689749578,18.26779861591567,27.253217690014814
35031,-108.26168768958424,35.58178250014637,35356.0,4.958539691523985,0.4565556643544202,5.739048545187698,1.735458432382338,4.997576374180856,10.037444457014168,16.900088928712435,42.24885505219224
35033,-104.93527818938476,36.01087359924391,54743.0,0.81391235999214,23.424440563700603,0.0,0.0,0.0,0.0,0.0,24.91979043983267
35035,-105.74210836047432,32.61528264615425,42411.0,3.995460365498778,0.4944597674104478,0.0,2.583611833686996,0.3648173081252387,0.0,7.589878999403058,60.573500128538626
35037,-103.55205078050967,35.10450795855562,48467.0,1.1502492925481742,15.19302228761601,0.0762831734834517,1.8152809418773936,0.8972969897883981,16.67007139587864,24.840645743528217,18.33847490542179
35039,-106.6925799439516,36.512519385328176,44677.0,2.610052219321149,2.356916823834658,19.336034964412946,2.421894669555241,0.8680798971209236,0.0,9.618907196258723,27.35416544173628
35041,-103.48503713752378,34.02279110232494,52664.0,2.999841244642006,27.22657462317248,1.005187931453879,1.2617535795468844,3.7973183804594903,11.157827191974434,13.780626410219847,19.927087964166784
35043,-106.86642088833796,35.69013812907889,53603.0,15.955617919135223,0.2172066459303098,1.6005914083116344,6.702888366533126,15.486722656889484,24.828070478902763,32.02929036150657,16.723635019526565
35045,-108.32097238741169,36.510432269764145,44167.0,8.394013226592412,0.648536901405682,21.84818348163154,4.000604024356955,2.1822018028101726,0.0,8.0399275587751,19.440455424834187
35047,-104.81576231848722,35.480920520569,45840.0,2.1935089292995187,2.3140632659167446,0.0383236887505331,2.4578089290375154,0.5518101895176436,22.981481127811417,22.981481127811417,38.28791148628432
35049,-105.97630811001476,35.50859787436597,73047.0,31.4238450675812,0.0693328598997719,0.1552942401328826,0.0,0.0,23.54117695598511,33.93145617077798,20.482836309550535
35051,-107.19236617313076,33.13126153989332,49412.0,1.0468507884422569,8.807202585812057,1.6040933300181897,5.046782783935512,2.3664891319994243,19.48231414475837,30.24562597327819,24.057474122250287
35053,-106.9304316095676,34.008761724662286,43912.0,0.9374528137522504,9.708119944202796,1.7563588037237707,1.1217150715107786,1.9801082307471616,0.0,9.828980909573572,39.787990410267746
35055,-105.63089632737314,36.58192482202764,47398.0,6.0268292682926825,0.4029488817539906,1.0301598751549954,4.750364995623196,4.028152988563733,24.224865592031545,35.615243537337996,17.377484838341122
35057,-105.85060811347614,34.64130920172331,45580.0,1.776623976000923,8.107374024812692,1.207902064102939,2.2026941007522924,3.815087354218116,0.0,4.430320681840658,13.094427242425889
35059,-103.4719866128166,36.4853651513819,44458.0,0.4026196473551637,22.65548651190235,15.494717238581677,0.0,0.0,12.689229804731436,18.79667361200745,18.662530193793447
35061,-106.80929288141768,34.71565019124933,45310.0,28.28117094325985,0.8160308819181781,0.0,15.317961727595195,7.444388692952232,0.0,5.640991894851288,17.822666062163506
36001,-73.97675200114234,42.601291545732686,73955.0,231.88196480938416,0.0863386618076621,0.2701129870335841,3.19171123548791,4.958202104762117,24.95794961270443,34.9751487489578,22.42728836860065
36003,-78.02766658031581,42.25770128991904,40655.0,17.49439880507842,2.898709429762567,0.2781108932222,3.869330135425067,16.62047355625452,20.39243809756199,30.495963434339224,24.05007543452967
36005,-73.86761530829456,40.853714666189944,42681.0,14418.635416666666,0.0048375773226483,0.0,4.877640147118236,1.9210906340389249,0.0,20.71048933462646,20.8864816783308
36007,-75.81946379913731,42.15992416867058,49216.0,106.09677419354838,0.3647089838997028,0.0449431577492631,4.270454347440747,8.646746216775675,22.405577120092772,35.6152133387011,18.161570417393968
36009,-78.67862650962263,42.24944035707954,46130.0,22.187335862270206,2.7163758424849886,1.1169326772441577,3.871504960147215,12.209225591207186,19.40650131968556,27.573954980643933,24.7237313522851
36011,-76.57539879981155,43.01745511915872,52081.0,39.45013192612137,6.661825929898914,0.0,3.43211682843415,15.1366973098544,0.0,8.338300574930443,18.786756114196045
36013,-79.40882360641244,42.308989088594984,47384.0,44.67379679144385,2.91404411556236,0.4638017067846106,3.624914944288509,16.869559978452553,21.443820702560178,31.201571404269796,17.086735561792974
36015,-76.75991290763467,42.13992875960517,52263.0,75.83457249070632,0.2931215282039824,0.7168513157598334,3.3243962528623707,14.285307099508232,0.0,11.766719213389806,16.67756218143836
36017,-75.61130346926265,42.49417725785415,51407.0,19.880206097037355,3.178758628154414,0.0,2.2968393828394675,33.17815264215612,25.02165732978177,29.035495153445943,14.59126625538384
36019,-73.67777009829604,44.74581486281301,52469.0,26.85192837465565,3.5409804637800217,0.0197756327922544,4.503737997725018,8.287177125841334,17.94666670847246,28.601320779352537,21.69214468417329
36021,-73.63716579363634,42.249731830212795,70483.0,35.22567645365573,2.0139370680343203,0.2790173670746961,4.982354409766612,14.127355620430995,23.96657562637768,34.14333889946216,14.210063443832071
36023,-76.07034711146397,42.595254472395666,48989.0,35.54160246533128,2.9206713383003775,0.0,2.6996629026262835,11.717017649546904,0.0,8.723882277760179,20.79063158607885
36025,-74.9659364821187,42.20347778955828,47077.0,11.8499205929063,1.5008489332733024,0.0,2.745589434532689,39.34837364636279,0.0,4.090068294376428,14.949832473551073
36027,-73.7409818685967,41.767060466683134,67411.0,137.28637200736648,0.4209077550833199,0.0,4.054082006498402,7.253347425983516,0.0,15.010757786846868,14.602210329206605
36029,-78.7811334385541,42.76852154599862,58474.0,342.1366750811396,0.1297496639784481,0.0603949594983295,3.0662587177737857,11.336768506105033,28.024847382173824,36.91749038746174,13.296074862811077
36031,-73.77166308101548,44.11858631946527,55108.0,7.43041809735407,0.3070798244097752,0.6319900902368922,5.047649378237649,10.813518842566614,24.206706326191085,31.725853000888055,22.11068840857862
36033,-74.30309041015485,44.596914696311586,50587.0,10.41881501582994,3.926825520891115,0.0,2.6469377852817932,2.508909855663059,0.0,13.90439859887208,36.98181439115951
36035,-74.42199453011183,43.11398095772058,51246.0,37.91364296081277,0.9972446572957956,0.0,3.588845146132374,10.91219430803018,0.0,10.546333500187147,15.313346952212164
36037,-78.19373302260018,43.00121066343777,51106.0,44.802805923616525,8.443849470219067,0.343542283854782,4.2514293376973455,12.420379885184296,17.38769861495989,23.933424076667052,18.363059261125333
36039,-74.12986508044173,42.27726598822418,58122.0,28.54698795180723,0.3378092194024392,0.0,2.0533310586430313,11.591623039739885,23.033630095805588,25.211518158020336,15.658497753989291
36041,-74.49684431431636,43.663013251107834,55099.0,1.0886615515771525,0.5739145169430027,0.0,4.25610290677757,0.9761703914627452,0.0,1.3058581274473329,28.222375298837065
36043,-74.96302531353183,43.42276466440265,49643.0,15.74002642007926,2.689319229050179,0.2546737782761756,4.591018737590199,13.244357979959306,24.544822537779837,31.2935360717844,18.25500321174029
36045,-76.05815632183723,44.00406171623367,53267.0,32.64188807235726,2.7082099021429498,0.0720645129639998,2.61758923253636,3.657722972196605,16.93061910287359,23.955035283373725,45.49197953721778
36047,-73.94832598358755,40.6440785123652,63568.0,14506.1843575419,0.0025459859355214,0.0032131329692822,4.219135764039233,1.70306158072831,28.459469448375764,45.47449965007422,14.109585762833907
36049,-75.44919031682916,43.78582121785085,55558.0,7.950388523610281,13.112538179565844,0.0036514439770445,3.21969453642552,17.892007868185576,18.194807240948645,20.21878911355788,15.031845324833132
36051,-77.77947113135227,42.72669705817136,50748.0,36.23671782762692,6.030920181749924,2.402995417936034,4.890912098572033,11.320243792182012,21.97268593243362,27.925611184406613,22.511687265752713
36053,-75.6703159907637,42.913046675063306,56355.0,39.26346604215457,5.602239920878416,0.1703273167962724,4.203368935724161,11.644001629793175,23.045240690502972,38.08154537824783,14.990301337614442
36055,-77.67952985508282,43.309726799534424,60223.0,436.0945475638051,0.0840321049217487,0.0504511458038113,3.642042154812173,13.4305365211471,25.624380580321947,41.275987382431126,8.9759547163712
36057,-74.43976328567422,42.90244094685377,48622.0,46.46052631578947,3.2987060856338477,0.3626312594233258,2.986693930377467,14.375450318224878,0.0,13.811009780244706,11.193826971059549
36059,-73.58897165556135,40.74564420434684,98602.0,1897.1614227086184,0.063438864417764,0.0009487938609534,4.0535171535247825,2.2127972967327234,32.500648985792076,48.00517833925364,9.552006682829145
36061,-73.96915191427408,40.77649075058197,199790.0,32593.938775510203,0.0041548918452475,0.000721194776366,0.9324862572064404,0.4624963015531917,43.44819651393211,48.63049980420082,3.8950601275841135
36063,-78.76690927388363,43.345940910811315,53108.0,165.9826498422713,0.4108943647457231,8.149755340269808e-06,2.718456840566418,17.610431426043373,15.49137279124312,21.92280111654908,11.824431124665422
36065,-75.43653512249627,43.24182817136102,53010.0,70.28668102122424,0.7792807904513992,0.0524597847904628,2.577481865481107,8.549436805715635,24.88247447307777,37.75149987705092,22.267018268628032
36067,-76.19530035848356,43.00650173016423,60868.0,224.54988066825777,0.4942420034838144,0.0,3.239413565366746,10.269781966442157,22.66838512753892,33.20577052604703,14.552557043220045
36069,-77.29907694445063,42.853054373614725,61665.0,65.5264997087944,1.623697815414611,0.099545120512423,5.410583711369618,19.44348458389573,19.35510159730523,27.550463917339957,12.886175072727676
36071,-74.30695727517377,41.4018496102661,57379.0,187.40875576036868,0.3707929067642719,0.0676566984771063,4.233185251998612,6.102859495348374,21.117840852984145,30.38301179484343,17.767568019861415
36073,-78.22964623006914,43.381000320474335,46482.0,38.70964566929134,4.016676167322833,0.3374656748100016,3.797065984276858,22.290788743883027,20.837158753300812,25.54504465308398,26.453260027335844
36075,-76.2064912249636,43.463730331097054,47562.0,44.977151561309974,0.4506679675525655,0.0,2.738476258910825,7.013729934015514,0.0,3.5655072489700665,10.86111803043866
36077,-75.02963040055938,42.637215734030455,50515.0,23.19815668202765,2.0743721915349163,0.1425133864563272,2.491693926476034,4.65896088553699,30.817614898014355,50.33554230683974,14.546744006365534
36079,-73.74539272515875,41.42439888342865,79770.0,148.9,0.1195561584822371,0.0,6.930826599186907,7.0384828889536415,0.0,10.238539836793835,13.227036415956803
36081,-73.81801878335985,40.70691132900383,57117.0,8163.0,0.000769026905491,0.0058308429476335,7.202337673416276,1.9520938493883797,26.037485496051374,36.93840707280035,15.546146030162902
36083,-73.51366630203971,42.71192335483788,57879.0,89.77490151941474,0.4251420651967272,0.3200378845393583,3.2320101570763757,43.47156676657078,12.98839647216295,19.942048457182956,9.362780616513326
36085,-74.1502483000176,40.579271459192775,62827.0,3518.8571428571427,0.0010626950847288,0.0,6.039320101088152,0.7579505149810807,0.0,14.569133150045555,16.291742734731873
36087,-74.03653925419437,41.152946477993254,67179.0,702.5896907216495,0.0070679741647159,0.1126654147681983,4.660305308339124,11.891696301542927,23.471167000613693,35.01306440349862,11.3795882081133
36089,-75.07336495749084,44.50056326642055,45560.0,14.467225300716311,3.930818063098984,0.4833142517196757,2.85953022790311,5.157069504813058,14.509224004020274,25.643841327978617,20.83808820027474
36091,-73.86933556475991,43.111389258640855,76673.0,111.60084230229292,0.6942691927247153,0.1711856528459282,5.38775501309956,11.164050182135432,27.36781170408954,35.73836044470817,9.0432860890258
36093,-74.05899484458153,42.81759710406384,56988.0,296.5602968460111,0.0125751594241776,0.1190499195751442,3.181791397619973,20.334803862258884,20.375423245501096,28.63302876570098,11.276338699972213
36095,-74.44206398259603,42.58847209686657,50710.0,18.52248921749846,6.181178706758266,0.5241347975984918,4.4768008655497,2.7491335922682354,28.019474868251276,33.66368916044458,22.156666783794805
36097,-76.87539789980299,42.393941372082,50300.0,19.899321266968325,7.760410192666252,1.9746737103791177,5.475295214418894,11.047700435052828,23.81898694841516,30.940180236171532,16.29925419515227
36099,-76.82325207830404,42.781021831121706,48575.0,32.415506958250496,6.169045559059412,0.1813915299138429,2.624267381516345,22.26198862481266,0.0,3.5716743441564143,17.844345790145812
36101,-77.38352072436159,42.26776496389147,55066.0,25.341376473814098,3.39832433288055,0.0,1.8144287013211708,11.05459906571987,16.33272962198098,23.03324461721387,14.797664667793104
36103,-72.85001368862231,40.878515310028085,83523.0,611.5813674530187,0.2019536049008207,0.0,5.433983850265559,10.911122270589138,0.0,8.080624306989622,12.349052718303115
36105,-74.76818799848859,41.718997181939585,55021.0,30.91782945736434,0.2225427613371673,0.3666036319227881,6.320323460659362,6.244255997906458,26.50372133450887,38.97206117381701,19.39125779756397
36107,-76.30623240333898,42.170373503848104,52156.0,35.13107511045656,2.0323906670245746,0.1932702783786771,2.8880537704020672,32.39966735616575,20.97498328885801,24.41068881485107,13.365439779360292
36109,-76.47354809825923,42.45199975053381,50913.0,83.13197172034565,1.2468235933905276,0.6354652358725064,2.336895888560579,5.6611127474739416,18.84538238686956,56.404521341236546,8.950173742120347
36111,-74.26021222690257,41.88766443285336,62775.0,60.94819518716577,0.5556035105044262,0.0,4.07064590695125,5.7234959525962985,0.0,8.635941395418254,18.40352692343058
36113,-73.84809968874963,43.56464890845975,62763.0,27.361204013377925,0.098157736800381,0.3451685516918796,3.8788986660659353,11.146337227198703,21.535752425139247,35.931320537975935,8.240624027321832
36115,-73.43285158835567,43.308645773447445,48477.0,26.898627711376715,4.606249358570827,0.483284052717195,4.515378542204221,16.88847657844103,0.0,3.954436103957184,23.367699121838008
36117,-77.04513748052634,43.325047994845114,55141.0,57.52438252058265,1.0652337113279862,0.0,3.83649669038058,24.64904309055859,0.0,3.706544998554706,14.207947661638984
36119,-73.74666941406336,41.16264539761106,123313.0,861.654813529922,0.033527289443763,0.0060562300295814,4.0702245284346175,2.96903280961431,41.01620879905148,50.35372990857563,9.253172787662733
36121,-78.22845660331193,42.704451375692926,50868.0,26.073878627968337,13.456714287489635,0.1300888207943274,2.3160781083283477,12.32870085163572,19.19123012272999,21.23687793931496,24.724465575062716
36123,-77.10476816167822,42.63355793570971,50708.0,25.096410256410255,7.169857171973723,0.0200680432090055,6.271420284401801,22.30664910712886,0.0,8.876346361883261,8.264898170358872
37001,-79.3995709049848,36.04423315228258,49489.0,156.928,0.0901617981643621,0.1460097869826891,5.7122429860460535,16.820043189111352,19.19431225969013,35.647808997865695,7.934716216746547
37003,-81.17458231979943,35.92472914063837,49076.0,55.408256880733944,13.320167511571524,0.0,5.21119682609654,25.32501653074719,0.0,3.4308133127617366,13.957681287194182
37005,-81.12665651013037,36.4916880009084,44841.0,18.249592169657426,1.512857342867662,0.3186463880692984,5.7278567983945825,21.452757885785104,0.0,6.410522331174455,11.85266039917655
37007,-80.10245675532282,34.97611820591684,50641.0,16.216255442670537,28.90714865310709,0.8734072244464853,2.3254300159611936,16.846014605829847,10.651466378949058,12.84760180834084,14.075543706028697
37009,-81.50410263046119,36.43706050759582,44246.0,23.57317073170732,1.4033766299744108,0.0,10.892486573108224,10.674144273788212,0.0,7.606087078487264,10.16688773318284
37011,-81.92355606954595,36.08030346245416,47075.0,26.793893129770993,0.4355968612090215,0.0307801002106553,8.655571977381173,1.3570517599204133,0.0,9.349098285925052,14.916010587315482
37013,-76.86266169769073,35.49345572701296,54699.0,20.216955332725615,4.5717846850402495,0.0,4.187253792250925,26.045242651932053,0.0,5.844897495662275,10.719066253620976
37015,-76.97705244209267,36.07027685318641,50094.0,9.547605633802815,25.57754231178811,0.0,0.0,0.0,11.583602933178868,16.382142920379724,13.916663926402403
37017,-78.5631468064854,34.614943914675464,49757.0,12.81195462478185,19.297481759759872,0.0,2.1656966156368114,39.049489006366365,0.0,1.6808101163338356,10.36967591009359
37019,-78.24710146630173,34.07606146402409,58784.0,69.31337868480726,0.1828755762929435,0.0486942563549226,8.106333361165442,7.17741881199477,27.97510806902497,33.72431002028975,8.04520774759991
37021,-82.53049296128246,35.611680960914306,62220.0,160.67526377491208,0.1761923202652168,0.1670891050588125,5.384073397392632,10.889255095107824,20.154212292774055,33.70471717677203,10.27929593710657
37023,-81.70339528680196,35.75014873366145,45854.0,65.13140311804008,1.486520836895887,0.2169421965050769,3.528230061637958,23.23145584821133,18.25290819934279,29.684846860253916,17.53343408620687
37025,-80.55192640638467,35.38703333780063,55209.0,250.34782608695653,0.3848835458182595,0.2269376186135505,6.408669035997826,6.93043589092883,18.407685039035545,23.410108994544014,15.327905417938863
37027,-81.54883015899135,35.95747821632673,45750.0,66.8825,1.5771851336399012,0.0743793979458682,3.903627897871958,20.921158173370703,0.0,9.554987291145231,10.771906643296989
37029,-76.21171845378987,36.39139166757248,55743.0,17.38087774294671,3.4904692688001635,0.0,9.493784728467745,2.8419614687194645,32.00682537444763,36.3460912091705,19.647744563764263
37031,-76.66155777244755,34.83240195263511,64333.0,53.608191653786704,0.026808684609549,0.0411066497346419,6.6426494895339205,4.811169519291561,30.499666008470903,37.6501166656507,15.576643635666146
37033,-79.33383291129103,36.39359144604585,42156.0,19.999099909991,3.382627499315919,1.1579729903163238,7.408896196511552,9.760922891397051,0.0,6.740313296832888,21.715020473989195
37035,-81.21691830738966,35.66834862105505,55262.0,145.66101694915255,0.4221441510686475,0.0,3.2551990886088484,23.75784910705204,0.0,6.964285855331838,8.12322737150344
37037,-79.25820735518984,35.7078594979644,82059.0,45.37110481586402,4.067020564940717,0.563287857775161,8.205952842527328,9.89931126752514,24.002846865056377,32.09770454030571,10.251181157075491
37039,-84.06790226278503,35.13657065586673,40143.0,23.753833736884584,1.3567655533291667,0.5141604604563954,7.078199735144467,10.29806647537111,24.649789472537336,33.62100302394892,13.71018624078478
37041,-76.61219997640426,36.15435528764535,51211.0,30.4617067833698,2.444503934995756,0.0,2.917707328796503,13.687305493783406,21.022034150956596,30.113136831986175,10.359671084854146
37043,-83.75015247344632,35.06066141113659,44882.0,21.07078039927405,0.0499118463433288,0.0,10.60608780894176,0.0,32.576636228818884,39.74132018628968,15.865144654584888
37045,-81.5548521247302,35.33502822710403,45805.0,83.83610648918469,2.159110266364231,0.2636970028420553,3.955174871569586,24.301869749594314,12.98695598251135,21.41239088271068,8.896439810290572
37047,-78.65403504073144,34.269764404908564,44401.0,20.59571840263483,6.589221732825861,0.0,2.545453556164354,18.246824440315255,18.50157655758176,26.90872289313959,16.31311331354588
37049,-77.09380610773563,35.123666187480154,54108.0,53.975751186083286,0.7736424649176327,0.2259051271515317,2.7302362067462735,10.188575247060388,15.215217508601976,21.790223838162476,38.90110528653194
37051,-78.82722671566796,35.04901998169092,46246.0,198.40140433001756,0.3047896857243977,2.302071675738287e-05,2.9269552196873905,5.444952010323226,11.913980605598628,16.817094005603334,52.049159175226656
37053,-76.01298904799384,36.40183918812296,58153.0,44.8135838150289,0.0936860099769769,0.3066175948935293,10.071731995813286,1.832125166064284,35.99408728542842,40.50850900270076,11.447672378856897
37055,-75.77993765634919,35.76182906105187,74031.0,34.77787934186472,0.2907621494809703,0.0,6.870205956233303,4.300204543553407,0.0,3.3994215301440556,10.180493285605348
37057,-80.20988396087172,35.7958798231145,49588.0,120.3370551290998,0.3639350277788926,0.1004958218583349,4.621852219221681,25.534969042190408,18.110031935692867,23.7873132545548,8.72599965471483
37059,-80.54181043965878,35.928427669988146,60916.0,62.446175637393765,0.7103128220946151,0.3214434755227114,5.102417674006449,28.93348309056313,0.0,6.919638545825303,8.068629235553335
37061,-77.93304472423564,34.93665115144418,55562.0,23.103578154425612,28.789416006910155,0.0,2.9915061488866543,24.18381408173916,9.4515027716375,11.896916071189075,9.6218940252571
37063,-78.87611385090653,36.03622456335111,61727.0,428.3824289405685,0.0603475594736325,0.0132438355929976,2.1105088250603248,27.41339645334294,14.89038237978936,29.127170944492057,6.7462591262495275
37065,-77.5973637241049,35.91337570224539,44542.0,36.89573820395738,6.014082779641292,0.2959990628346282,2.293635250177506,20.527771498843116,12.20190413964204,16.773500219166902,20.07871309155127
37067,-80.25297736272098,36.13143337992854,58194.0,370.9704761904762,0.0137067009511549,0.0,3.6370252757245383,21.998625021058672,18.22539776934296,35.10583162837403,6.079765687554266
37069,-78.2853932077609,36.08297667061523,47247.0,57.93141075604053,0.7306942112877486,0.2978375395445725,8.228585443620087,33.24540586941715,0.0,2.960104932942017,8.378643527947593
37071,-81.18442662974118,35.295239411069936,50203.0,255.9650273224044,0.2037817644361893,0.1826188613678464,7.028493609112221,20.049250349213647,19.47584380768307,30.741603734062945,9.535653982106586
37073,-76.69814363077312,36.44880488378751,50916.0,11.909299655568311,24.62963926083878,0.0,0.0,0.0,26.308714629199187,30.0777327481707,16.025428170219914
37075,-83.83593991343805,35.349336651424785,41259.0,10.166666666666666,0.6767799596555477,0.0,11.220224695200852,0.0,23.56321635332948,26.215740008721212,16.45507691325943
37077,-78.652820948742,36.30506280427163,48710.0,43.78920863309352,0.160963487175663,0.009746066588997,2.4405755418093276,53.97645416387126,0.0,1.9123292933960137,19.453266902759033
37079,-77.67555976768195,35.48491187832615,39679.0,29.759475218658892,16.244932292672164,0.0,4.686595052262887,3.9097189663256016,19.417765244491022,25.65242422570948,27.564018588488377
37081,-79.78904036024862,36.07961003404975,56823.0,321.3123899001762,0.0120518043290042,0.0611950136729812,4.632304359647705,15.63417474743815,19.984844668616013,29.5503204067594,8.056555008541713
37083,-77.65226432373363,36.25909854064757,45062.0,24.933507853403142,3.0766120414281506,0.0,3.341978638970881,21.386791744407027,15.92673247881515,23.21108601597745,17.533199706560225
37085,-78.86962342136042,35.36875366752635,45744.0,89.06362467866325,3.106166406063386,0.0,8.644017872451425,6.074171552672881,0.0,9.493911848192608,15.059166958532572
37087,-82.98219501919576,35.557630641464065,50923.0,43.34833795013851,0.1651841135974227,0.0,4.630883615309113,21.520317987968575,0.0,8.090858102400471,10.160703964760724
37089,-82.48100378649254,35.33892473171201,55676.0,123.52400835073068,0.8852968710430394,0.1324274669856105,6.146713547115515,14.29594437325538,21.27064733148505,31.193639839402532,11.104577103763305
37091,-76.9789503006657,36.35927023152183,44658.0,20.727176220806793,6.484747964484902,0.0,2.5860422101809553,20.98067203592656,16.528843035849167,27.421334725774894,15.102635417717774
37093,-79.23695095398503,35.017404249194655,41728.0,52.80844793713163,4.011093568479058,0.0209918979479223,3.96869950747674,41.61797617590527,0.0,6.884043354081351,14.251515758624627
37095,-76.25006533052874,35.53457742449547,49348.0,2.634703196347032,10.988541930664674,0.0,6.295935653403406,7.078036699613619,18.317348948676564,20.456455334871748,21.3385977315068
37097,-80.87322884515868,35.806271717584735,63652.0,126.69832041343668,0.4084193742785595,0.07381102456313,5.580450515920011,18.84104967646412,15.78610695124646,21.425990566583064,6.657028191968585
37099,-83.14086682068637,35.28640926294999,44774.0,34.121306376360806,0.1486204930810249,0.1204199310877143,4.421232652114033,2.0150033043592317,19.61760239730001,28.717807721606476,34.26232071959359
37101,-78.36509529635168,35.51797987477269,50324.0,114.07288629737609,0.656477398335181,0.0,8.05075037825494,30.209405331861745,0.0,4.007814092461582,9.99231061152182
37103,-77.35547583189364,35.022127108947586,50427.0,7.563829787234043,33.68119792895368,0.0,4.165373297408709,1.87083276425086,14.316356051105677,21.643241162666538,14.185984429903526
37105,-79.17526782169766,35.48570357142329,50884.0,87.00264900662252,0.7601394344178919,0.8966961857972151,4.207748690852993,31.703969914555667,14.794089425987918,20.806646997708164,8.440125263822877
37107,-77.64074841141492,35.239269855023295,51897.0,52.23084291187739,4.267944144914688,0.0212626473765371,5.096017797045781,28.576818136288473,13.383142109458548,20.52979079834193,14.222012028240636
37109,-81.22839368454628,35.486493416618266,58622.0,119.05754475703324,0.6360997138296787,0.3843739480890474,6.7688985121367145,26.952877421859128,20.505149751685835,23.859185197989227,9.844471332931017
37111,-82.04844708068285,35.681298391934085,45168.0,38.68539325842696,0.6945166781415054,1.0908113784170663,2.444966178119216,54.173415357792074,0.0,4.073526473856355,8.658261140912671
37113,-83.42280585755431,35.151580660018205,49611.0,28.525525525525527,0.5080885358874029,0.0776357996942789,7.070537133647699,2.753633050026066,22.36902240508099,27.25980989141168,8.413009595441938
37115,-82.70686468614755,35.859349687344114,44944.0,18.41344537815126,0.4609746154841876,0.0,9.062420908850289,8.289042289494377,0.0,11.900911709643951,14.90014470661651
37117,-77.10622996202896,35.84473461777255,42489.0,17.32634971796938,2.684136635037174,0.0,2.450193109250125,17.623609039807274,0.0,7.1327510010543165,14.223575170575288
37119,-80.8338203673429,35.25153380709448,78578.0,809.9711064129668,0.1012983924247338,0.0451066470754669,3.744850140037712,4.61038837768477,33.2811977877544,37.71460772004851,6.270420700554673
37121,-82.1563555010702,36.013119674290515,44394.0,27.667279411764707,0.1551403808248375,0.0,3.1262279982018177,0.0,17.05255282160585,27.204738147557833,10.841750524207873
37123,-79.90221952037733,35.3323822766317,46855.0,20.26938136256852,9.13894915466571,0.0,3.695668266794222,35.2372573472049,18.392284651872604,23.257227622415453,9.538838683225991
37125,-79.48238042045071,35.31006246990392,64977.0,58.153168044077134,2.491060594318823,0.1667055473621656,5.903942303305683,4.585657625294618,23.838753820252453,43.112429225347135,8.007484218455188
37127,-77.98591119351222,35.96775754147393,50608.0,68.27188612099644,0.8996691869790303,0.2692600801549666,3.727052189141632,34.29924307341217,0.0,5.313750219031086,9.69313864900024
37129,-77.892125881351,34.248569264109534,61827.0,431.7129798903108,0.265964088881943,0.0532116871690017,6.196325596475375,5.760681269430618,24.234293922312936,35.047460407296946,8.480154782297712
37131,-77.38923909739273,36.418015819823765,48352.0,11.843551797040169,9.993607881526778,0.0,3.938379381916414,14.614856236934523,0.0,4.501154008335084,10.614939677175666
37133,-77.44058729009552,34.74344183596946,52257.0,108.6845425867508,1.4996278484560814,0.1744508553589142,4.191020557007221,1.1914655060195116,13.01059940210827,16.445524134968775,56.59264305609668
37135,-79.1206301016857,36.06173262282103,77919.0,145.0856592877767,0.0762610611863471,0.0128738773943833,2.4124050156906955,2.161653805651457,15.859047178726602,22.55546290885084,44.046261418988934
37137,-76.74539723501992,35.14675732391737,53499.0,13.97380410022779,2.822071618435946,0.0,7.313613630367624,4.376650676440468,27.17846737795278,35.90595364063692,19.892938296260784
37139,-76.29150496732255,36.300760666305635,48221.0,72.11660777385158,0.7109542902318138,0.0,4.010043190371972,5.726226960119086,18.190334036228524,29.62007747864128,26.79679585000159
37141,-77.91317749774235,34.53078787991803,51231.0,29.93029612756264,5.91946668661089,0.0760221490325987,8.285912598698822,3.372337058585851,0.0,4.815252952641895,11.564897924189454
37143,-76.44264756598317,36.206728724758165,53446.0,20.789638932496075,10.855482581607928,0.0,4.574420683236528,1.5168093481648268,26.127456279348134,26.127456279348134,14.083415286211087
37145,-78.9717782302677,36.39047443276015,46798.0,37.591603053435115,0.3335847145538717,0.0,3.734992816368771,22.362891728089927,0.0,5.2061234263443845,8.14117349157506
37147,-77.37518970796124,35.59424193607844,52918.0,104.60129946839928,0.94629585629096,0.1052578045656921,4.33157939920466,19.48647318001949,15.367403767433466,23.09706698687908,25.131504265565503
37149,-82.17091551031248,35.282970818323875,62918.0,34.023809523809526,1.4515556886888386,0.0,4.557257384298856,5.013203843698022,0.0,14.307133228753637,13.189654492854158
37151,-79.80599708845585,35.710543049129384,47505.0,71.51369863013699,3.977380376433643,0.168681516588593,6.132251021427034,25.87710429419416,18.208565212479034,24.43201317932985,9.714637766389425
37153,-79.7461513648424,35.005369276185064,46436.0,34.32739059967585,7.32331830248272,1.9882165407373225,1.756802339766822,17.879752404204524,10.796152640047708,16.787771586432928,9.542474510627375
37155,-79.10271726399905,34.64153120023824,42610.0,47.47469387755102,6.4399509046362216,0.0,3.577575236428112,26.81220341237505,11.448458181331398,21.41636031801995,15.082606488040144
37157,-79.77461937351785,36.39549069156305,46323.0,62.44504748982361,0.2076845285506646,0.1978070948687306,4.713143820602834,23.16286911883529,16.255757768572877,23.46481996941441,9.066019733045126
37159,-80.52025441058609,35.63952679002378,46911.0,108.26502534395364,0.7121777510694949,0.867793573814851,5.932244424902337,12.077244746528253,15.385646509975444,21.803084570007453,14.668072827466656
37161,-81.92086101800324,35.40338758030266,42719.0,44.312371838687625,2.2618179486974013,0.4209327567155581,5.841104228381953,17.886681607442252,19.605716671964498,28.132687977305693,12.285849625278582
37163,-78.37143716722656,34.99218672047666,48193.0,24.120816326530612,24.822976730710486,0.0673924476370129,4.274342372529075,15.108504989875389,12.592664615500892,17.06414564326721,13.07307199339932
37165,-79.47881459902264,34.843072122349255,42879.0,41.06242350061199,7.546157398756915,0.0,2.2558866768435637,24.295802206247863,0.0,14.116742875878286,14.501584705040385
37167,-80.24694175803336,35.31214337510206,48517.0,59.68895078922934,3.119396699375634,0.3019322123955794,8.752147353512264,14.609393085927454,19.822240559973416,24.93834500656486,15.86299478826304
37169,-80.24015774997312,36.40239995232351,47150.0,38.09029535864979,1.402085732598254,0.0,3.999994892917242,6.902222347062023,16.044794222867985,20.210130920066497,9.46968052643809
37171,-80.68798613826834,36.414594069636195,49716.0,50.59377211606511,4.4465935027264845,0.4721059242039639,11.43476771065129,14.424160937886866,14.643360740557338,21.5326527245734,12.51747059084847
37173,-83.49171775923845,35.48847155949851,52414.0,9.85049365303244,0.4940712642278315,0.0,3.110571429594845,0.0,16.645234624151225,24.82021560992966,32.38769669421192
37175,-82.79989931847028,35.20213331288667,56344.0,34.21544715447155,0.1941928683100927,0.1293961119972206,4.579349130647632,41.07092801983481,0.0,6.898954566271338,6.6413960962051695
37177,-76.21448010015922,35.81910793117819,42915.0,3.427865612648221,26.10251112765279,0.0,3.452230847524572,8.48208182052957,0.0,2.8567305209108724,23.66278274872013
37179,-80.52937844370035,34.99075926010055,69694.0,153.0110294117647,3.682343466780128,0.0788433812526682,13.213435573386151,15.54213628908569,22.181942062692347,26.629361002065593,8.526476857994231
37181,-78.4085299857297,36.36448029339781,43878.0,60.62840746054519,0.4603423696589143,0.0,2.714290370928182,14.358357908209593,0.0,9.584035433057773,12.667131887423672
37183,-78.65024899924916,35.78995185090631,77490.0,528.1632928475034,0.1180979199294012,0.1141464702818806,5.0888996408251455,6.1666112332984095,20.01515321347196,27.57435248438091,8.531407157793414
37185,-78.10677195298034,36.39600307378786,37599.0,16.374781085814362,2.0249723805252624,0.0,4.8339549993983875,10.05294188424979,24.844401176972468,27.737609520788443,23.70489274893077
37187,-76.57742603223785,35.823781889356624,45783.0,10.940222897669706,4.493024311401854,0.0,0.0,12.43540319142737,20.434826612198332,20.434826612198332,16.276095577207947
37189,-81.69827888580076,36.23206135199863,49148.0,68.06388206388206,0.107144147853255,0.0,4.337282974639009,2.2922257425153223,0.0,11.839003162594787,20.314268241610055
37191,-78.00395151519821,35.36391610797769,48917.0,81.73236514522821,5.86493409923948,0.02149325744348,3.493976372664859,13.9845190149632,14.494436409480782,21.87247961141488,21.141449317114603
37193,-81.16285405158999,36.20633822659615,49209.0,33.48651399491094,9.229246146457278,0.1559929110607388,3.038042852094124,16.623504312783265,15.829849923168638,22.74661443601119,9.160376247134195
37195,-77.91849579004241,35.704843995608165,49268.0,81.36016511867905,0.8757485794457475,0.0,6.74583710833026,30.02112984127736,0.0,6.928732042188403,8.476906363487599
37197,-80.66129210619954,36.158319199139704,48648.0,42.852739726027394,6.50160261874723,0.0,8.329951921437582,18.903058614928224,18.499931803457564,23.09518532410407,10.373887543901525
37199,-82.30811065228944,35.90582663564765,43135.0,21.92532088681447,1.1441039899957788,0.0,8.11079159788104,16.031328591501566,0.0,5.902847279061886,13.099425867095269
38001,-102.52825314072584,46.095503792891584,61737.0,0.814385150812065,6.733586725382181,1.563886609848802,3.0842389029352173,2.609547410545351,16.229090969978067,34.64913015086315,6.4062421512650065
38003,-98.07172155978624,46.93695749074052,74640.0,2.741260525644297,28.261196230469658,0.1167103718575478,3.2782847529705785,14.6942086573562,9.483028413834868,15.028861243456932,9.252432219293478
38005,-99.36587673276044,48.06987836446955,66671.0,1.5529348700080408,46.75976615471156,0.0,3.74725020843169,0.0,7.291844545116671,8.28453185740259,27.49716231555051
38007,-103.37621524374806,47.02445014449156,82400.0,0.3421493136926682,6.355204207339642,0.0,0.3955429600534756,0.0,3.1306451880210147,3.1306451880210147,9.14775960268925
38009,-100.8331781287435,48.789194745098,89099.0,1.4732947976878612,34.53757404324063,11.851560710815107,2.9205687016049664,7.896553004747433,9.46407239370888,11.746337296748596,7.29569636236468
38011,-103.52063520033045,46.111276091852616,72555.0,0.9478859390363816,11.31114202390956,28.135040284711582,2.3108101428500816,1.0976789509734,0.0,5.444261635255654,6.081543882443492
38013,-102.51853187004964,48.78806977595904,102224.0,0.7416550764951322,31.7942131493022,21.22659286125608,0.5652987943307314,0.303000153761272,0.0,0.1739612823087104,6.234868835605081
38015,-100.4686034440092,46.97854809068303,71750.0,23.25445705024311,1.6118243216275858,0.4903047151717547,5.542229875598767,5.468327865426356,17.508056726904353,34.17232143310685,16.19517851791057
38017,-97.2509159943082,46.935214403637865,69537.0,42.63042042703059,1.8457655115595388,0.0188035352598001,6.236217170280802,8.960649988750204,17.86889648254348,30.723640910905942,7.921576266876753
38019,-98.46457142685723,48.76903788242677,134389.0,0.9401976079043162,57.89535475933777,0.0,1.649282014988061,0.0,0.0,2.013896697467375,3.1532142313823277
38021,-98.50573702393862,46.112574739247314,98298.0,1.6915439917836357,43.701291172159046,0.0,1.7961703784070298,4.463819848769701,0.0,4.743339158377712,4.04723255178354
38023,-103.4858668287587,48.81189312451993,75269.0,0.6617960426179604,16.705147454602113,45.311481911668885,0.0,0.0,0.0,2.655174367545823,5.363466387149778
38025,-102.61859646707838,47.35850261371578,102416.0,0.7416666666666667,0.7376450103393414,87.45026795288429,1.220899955638706,0.2441717836728278,2.1486296217717515,2.4389683393322987,1.290006726009301
38027,-98.90185463674368,47.71765384485378,90007.0,1.3846614739364889,57.70139013868665,0.0,1.4054089429165098,0.0,0.0,5.151530025141386,5.350043356620474
38029,-100.23857880595072,46.2856985968384,89013.0,0.8110724925521351,50.76524659771724,1.3494105777225656,0.0,0.0,0.0,4.070579497241037,5.8041744308714645
38031,-98.8828010575444,47.457188899439856,87293.0,2.0173237753882916,28.118574088566263,0.0,2.753056102760612,14.87249372588175,0.0,4.990420163531857,4.762662924683596
38033,-103.84708895036864,46.9416711006945,54613.0,0.6707645024971187,14.78745530362796,12.111308054055716,5.258035101380081,0.6977244551909265,16.730018544511953,24.043318340624776,9.67900576826532
38035,-97.45590696936388,47.92380969313046,61753.0,19.268572955638696,5.494255039675541,0.459290793164516,5.75526879746025,8.170974883566602,13.234166628412568,27.017702386330967,20.512411643098115
38037,-101.64470729727935,46.36721735842911,64346.0,0.5374133397083433,43.13052546382767,0.1206263229983812,1.2078196986676628,6.04921553978334,15.905553480263976,24.410876603162745,6.635225999252895
38039,-98.23709964250196,47.457657026602845,93672.0,1.2233009708737863,52.21269219513294,0.0,0.0,0.0,0.0,3.8099097273811937,4.413227977758267
38041,-102.4604780782847,46.43282407593946,68024.0,0.825672454885938,31.504177843554405,0.0,0.0,0.0,17.461381925816298,21.145129960225695,10.46233774242284
38043,-99.7800303032045,46.981191481283005,81378.0,0.6456480732956077,48.50332225913621,0.0813953488372093,1.3244739756367665,1.238095238095238,0.0,0.9324473975636766,5.030454042081949
38045,-98.53550866328122,46.45715984694364,93947.0,1.362751677852349,50.757375537003355,0.0,1.6365322927516857,2.0676896289041244,11.072762982655243,12.813457083780296,5.436883644523213
38047,-99.47743115342575,46.45764183803108,83023.0,0.7057251908396946,51.14604000049292,0.0,0.0,0.0,0.0,3.200285893849585,5.847268604665492
38049,-100.6364717852264,48.23600037356374,77379.0,1.052121212121212,31.66953107154123,6.304319450034264,2.2456571633689753,6.492771909977919,10.848389588069573,12.371781623573687,6.354355889615264
38051,-99.4415091606024,46.112767303982714,85453.0,0.975448168355417,41.706953327528055,0.0,2.326617221671721,1.3792551221611666,10.630173457846642,19.36962635998759,5.883854307419751
38053,-103.39542109931728,47.749594849252134,80015.0,1.8284023668639051,0.6312343905437126,73.33042683128413,0.0,0.0,4.833033291157121,5.435340410121089,4.662287253066291
38055,-101.32479198092229,47.60806748064729,77951.0,1.62880291005291,17.301582276123572,18.279796181380693,2.199468104918912,3.034278924588601,0.0,2.072453943398616,5.694499281122194
38057,-101.83171558714731,47.309655780804306,65236.0,2.8934027777777778,2.560433083238068,29.442220180088977,2.3510766779512458,0.1858303508184858,5.8648670225867106,8.952895233468487,3.1998831341121
38059,-101.28655968138932,46.721045683768665,61923.0,6.782110552763819,3.349252312335675,1.4862293021751172,6.663444856517476,16.489890535612766,17.50498656042221,23.19528290861708,8.490674158128023
38061,-102.35447168079097,48.20446524284021,83758.0,1.851370274054811,2.7829175401465003,74.16872536930751,0.0,0.0,0.0,0.6675735989191631,2.8379881355420085
38063,-98.19211506994364,47.92227032537996,91435.0,1.151874521805662,52.924256160883544,0.0,3.072611884941894,1.958295557570263,11.57998846122146,16.625731476139453,6.26926563916591
38065,-101.34040978723188,47.11514793466652,61703.0,0.982029598308668,8.281635422797251,28.08571401005335,0.0,0.0,3.3742735760160283,3.865685129976426,2.429078185250578
38067,-97.5481434347136,48.7642295229316,90253.0,2.3477959041999306,34.225516115094216,0.1119012222718584,2.9973123201195175,14.423686735164669,0.0,2.5705058257475337,7.916425605460312
38069,-99.97158069055726,48.25080940326735,73344.0,1.406562054208274,33.037939877219934,0.0,4.320913856692829,0.0,0.0,7.55390307906582,5.155985677651517
38071,-98.72027635860717,48.269957651224935,68947.0,3.4299287410926365,22.30032877201251,0.2894200388486345,2.433645022318518,9.62842127660548,13.492007202326342,20.860321084650213,12.726702830825406
38073,-97.65745111950224,46.456447412875725,76002.0,2.5236818588025023,36.48516516610477,0.0717036527144395,1.5383692764188848,10.346706716415964,13.266218714392618,18.54021792695614,9.116532776391509
38075,-101.65689712675147,48.71641838145192,113733.0,0.9921225382932166,61.16369640517597,0.0,1.5337676555573505,0.0,0.0,1.2850194727112834,5.19714998474488
38077,-96.94775770693175,46.2712909660593,66200.0,4.422892209178229,16.660209766475443,0.0692875058981299,3.3453365452272745,29.122275477852007,0.0,3.537470716302017,11.371180702146503
38079,-99.84077834464422,48.7696553924357,57834.0,4.955814922884535,19.81600079310003,0.0,3.382571626846436,0.7578070784177654,0.0,5.358778625954199,41.72677703975414
38081,-97.63097734396273,46.11141489818261,91511.0,1.7353608715388107,11.06218078638022,0.0,0.7009647344953385,0.0,2.1132063234698015,2.3552492906364004,1.1984110255370894
38083,-100.34564134689852,47.57601459671742,94149.0,0.4932821497120921,76.30369425949537,0.0,1.034927830507941,0.2140687223560151,0.0,0.0,4.29632777699076
38085,-101.05700342617004,46.116726016539296,40061.0,1.1747696218620909,21.809377262853005,0.0,1.033154029171408,0.0,7.351039619323471,8.596255301541326,60.81385124650874
38087,-103.46018931030449,46.44744074154099,63928.0,0.2163872192344194,31.84917256169777,0.0,0.0,0.3296949521462181,11.878621042860344,12.109087417176148,8.239172881789955
38089,-102.65484778237538,46.81095300618808,68320.0,9.438778450014404,1.1709567158171803,25.22231162845705,5.887814116381568,9.167730357383968,12.36869555802112,17.646073120264347,6.80010144403064
38091,-97.72471652077176,47.45664432696451,109551.0,0.9611650485436892,53.05399516222538,0.0,3.460808028306979,9.418467504947724,0.0,0.0,3.14015552845691
38093,-98.95882159026478,46.980390988733845,67646.0,3.615862880188203,19.577796157802553,0.0,5.867205093274765,17.305121539844496,11.395750507381356,19.644636121845664,9.374565598153966
38095,-99.24564846857174,48.68318812456073,126937.0,0.7724034495688039,62.87889370023746,0.0,0.0,0.0,6.1284974219134325,6.1284974219134325,2.7885240226652983
38097,-97.1631841519803,47.45556229775461,74279.0,3.576629213483146,26.98837938609623,0.0984931338466532,3.523375178469559,16.504139863401843,0.0,5.716856666488066,8.885971741137983
38099,-97.71887356249631,48.369494436890456,75681.0,3.110846953937593,32.45519220644897,0.1728483639972232,1.960151696569589,14.28561445030959,0.0,6.408667576721845,9.716780268264388
38101,-101.5425036316204,48.223305491228665,64119.0,12.928437265214123,4.916573162093489,7.936192029251381,5.100635453667931,1.176361201942224,0.0,0.0,23.229192501546557
38103,-99.66098189995826,47.58806353910715,105852.0,1.1717534410532615,56.568753516892855,0.4009525297023666,1.654945473451337,2.6089728640291665,0.0,4.634703147498754,3.640880041592941
38105,-103.48289643995408,48.3529006085229,72728.0,7.051010944166203,1.56284716866711,54.237145194561776,4.789007138577029,1.6295336187802032,0.0,2.2224056249930473,3.884545851143697
39001,-83.47223621397286,38.84592955819948,43159.0,18.13011889035667,3.1543180487002864,0.790206508671035,6.862043256413505,15.456466711651691,21.202789985008796,29.92611723280436,12.3728231072322
39003,-84.1057283854602,40.77154733025883,50807.0,95.90702087286527,0.7899207031649585,0.0720478541386819,1.849323399292338,55.52774615805394,8.067278792601345,16.344937319287638,5.377182255842713
39005,-82.27080723444881,40.846195243759134,48042.0,47.0253164556962,3.168390048705709,0.1517217927011607,4.739450544902994,17.649072396439642,17.978560131849072,28.099163888324124,9.998254727080695
39007,-80.757496956586,41.89482737149751,47541.0,52.88276990185387,0.9718455346193576,0.1460897706629758,6.665632012537973,28.69114556565898,20.053912264722197,28.987141454180936,9.653017712939452
39009,-82.04465646627692,39.33364663991359,40836.0,46.199091597274794,0.118423492868038,0.2170348456736413,2.880235817571448,3.648089006754102,19.44167346815393,29.69288323419093,34.734358009047405
39011,-84.22166104680788,40.56102811584788,56750.0,44.18173076923077,5.800260392911341,0.0,3.349349432360039,46.83695589076766,0.0,4.978413925215819,6.507069584615258
39013,-80.98954755148034,40.01524682832868,48382.0,46.84907010014306,0.0646913447750559,34.97378875823243,3.0113319614540406,3.1267844661636084,0.0,5.989274841733859,8.812251191044354
39015,-83.86863251290518,38.93515275629811,46834.0,34.25313479623824,3.563427617569342,0.9080811357358788,6.64207466425036,7.05134563469617,0.0,7.14767622555656,16.540713078709597
39017,-84.57689400773376,39.43917557468555,55505.0,318.92979591836735,0.0222027278440057,0.1022556011755064,4.815120703310713,16.78560786215076,24.18297873407079,30.253214401252897,7.620989485113196
39019,-81.0896972301002,40.57972751408723,48295.0,25.79980657640232,0.2912486380052314,22.865346003252625,5.827688666586914,9.238155899498528,0.0,2.965575885337015,5.690276731471213
39021,-83.7695598716992,40.13772124982033,49261.0,34.78167115902965,7.418223445777341,0.2290845780262073,3.0694677402433213,32.04906526852033,17.159762920702207,21.176843998050455,11.056352150141368
39023,-83.78440058059901,39.91678910110665,48030.0,129.50576923076923,1.4056300107438051,0.0,3.0765556758823687,12.280718650703626,0.0,10.55559241455964,11.363749859103486
39025,-84.15209036313063,39.05322701898948,60323.0,181.19072164948457,0.0851970181043663,0.1870693857738554,5.6964312241213015,8.576778791131307,29.081108732903584,34.24016269450216,8.082700946331318
39027,-83.80822280980846,39.41511854750105,51543.0,39.19738072965388,3.3649468208324507,0.061263108553398,2.951922576492995,20.38636237621943,0.0,4.5067673454365105,7.071960171155722
39029,-80.77949631845239,40.77033634826427,45377.0,73.54572055596196,1.3888581475631785,0.0,3.7570300881599095,16.162370427253688,0.0,7.483888374117301,10.720216062721937
39031,-81.9200576054769,40.301684794456264,42488.0,24.88639455782313,5.137268256658564,0.9060970565708836,4.989829323124819,37.448184348248155,17.410972327147423,23.506463174843,8.538932359453511
39033,-82.91967582734183,40.85078658566734,45973.0,39.85796545105566,5.605220613746927,0.2860559710031521,3.0390832429027363,16.083235520646475,0.0,13.045136556353643,10.1822391846236
39035,-81.69864612009556,41.64248242265267,64523.0,1039.161777032691,0.0063127200203499,0.0696388040517955,2.354394939740655,9.518939305893802,29.023579437474687,40.478165011047466,9.200754645451518
39037,-84.62216267579797,40.13323062615639,52633.0,32.63204559848005,16.939290528466124,0.0190856659754462,4.505922543400841,18.82227652807788,17.26664961293471,23.33197266323052,7.091413445960533
39039,-84.48991723074846,41.32406808737082,48038.0,35.68504672897196,3.316263201742066,0.0785562173932876,2.318368758057894,28.290225849125004,0.0,8.113330308246722,9.041887846114324
39041,-83.0047378462287,40.27855216798883,88010.0,191.72972972972977,0.3192118893657755,0.0729729813654952,4.277276140538473,8.621186933397679,30.00610634985494,36.18320681334449,6.215788016563923
39043,-82.57577749924037,41.46950120781297,58003.0,113.14567526555388,1.0930624025590403,0.0,1.938032142944408,28.001569851873644,0.0,8.280362513043427,9.232255682805064
39045,-82.63052781041345,39.75179036526147,55648.0,123.89217919514049,0.9181054753107154,0.0069197178367484,7.67169969768223,9.413654685925428,25.669297950957336,36.886311723211286,12.072724219012429
39047,-83.45609585887632,39.55999742320706,47620.0,27.403608736942072,6.848136801342039,0.0,2.028057870187967,12.347114797645167,0.0,3.643469287198704,5.570276164101609
39049,-83.00909415944498,39.969657220780846,60912.0,942.9595170454544,0.0323861495059238,0.0457076555125412,3.919381628635468,5.961915136551075,24.2238289048187,32.94458862597826,13.536167682334549
39051,-84.13103561429658,41.60163167310837,54023.0,40.002851711026615,3.611632694035724,0.1060060814015119,5.647986729201611,38.12686704094907,0.0,5.3129163577442,8.357349722234991
39053,-82.31688050994596,38.82594394667098,47299.0,23.82101806239737,0.3839417063553373,0.0698190330966567,2.9973483041909894,2.5199926780280384,9.057287713193656,18.671364372224872,6.419026715121551
39055,-81.17867981651808,41.4997147217104,81234.0,90.399243140965,1.235194363873266,0.2536595962167514,10.80770515095365,21.75853193256953,17.842137149499322,24.646422941365195,6.397644732519307
39057,-83.88992488250864,39.69152323882359,60576.0,156.97868396663577,0.514727777627386,0.328102796869678,2.3386829262182847,4.576986743929436,0.0,6.276134668973992,39.58943312308562
39059,-81.49429665315712,40.0523044856903,48967.0,27.828216374269005,0.4726361106948601,15.643161761430138,2.6438057129434256,32.48476183919033,11.8469663403709,18.53199305018367,8.025822860683721
39061,-84.54607705837365,39.196766586286785,71953.0,772.8691588785047,0.0189936835912179,0.0482193287787891,3.119476756139944,12.836144082080716,30.864870710650607,40.22507803337868,6.761228332060738
39063,-83.66645892685536,41.002168360161,59487.0,54.11939218523879,2.0772989099219563,0.0502753460858344,2.4251409895575016,25.574910265667896,12.148377847491584,20.541134579639316,4.7285658938685176
39065,-83.65942991592297,40.66176677915287,40502.0,24.918032786885245,9.862295675148877,0.4216640239770743,1.4904598621249956,22.202603547064054,21.25533160491762,30.62043752016153,9.535188165757228
39067,-81.09152214086518,40.29367898288173,47045.0,13.500470366886171,0.2473629144054895,56.41397444624921,2.0596575312869456,11.821000488067147,0.0,1.7618586503703713,4.612482476689304
39069,-84.06829820406936,41.33400691145508,53207.0,25.31462741490341,7.598376601596565,0.0,5.482189575367277,32.34809150063728,0.0,5.2046689474743415,11.002549137988863
39071,-83.60133750927406,39.18473906255262,44602.0,30.07345807345807,6.436753290256181,0.4527591547039377,5.95723273798832,14.169037366435749,31.819605120711504,37.54702966692073,12.37644851374116
39073,-82.47903512967997,39.49714834901578,46040.0,25.404197080291972,0.2662807907812665,0.8703351305634845,5.3893117665715184,12.579553864044826,27.55259541177714,32.97243366106354,20.107173062691615
39075,-81.92918551742925,40.56113632514469,57026.0,40.382165605095544,6.838833824127942,0.2400105341281811,15.166540975364503,32.186729392611745,11.226268285091814,13.25627259450789,4.278172807584572
39077,-82.59780184733893,41.14630759123445,48279.0,45.335408560311286,5.194380440922009,0.0,6.840333874250263,24.797963044316337,0.0,7.590959216058957,8.189063914863858
39079,-82.61817980213169,39.01998337235741,41294.0,29.857273559011897,0.8770858717989353,0.2347728868924677,6.170603940478015,31.31182706305267,17.03805122049859,24.836130949752015,12.182469886978202
39081,-80.76307790242413,40.38671962731293,46385.0,61.283126787416585,0.0712177181920712,0.0,2.194553610447232,14.674187671689037,0.0,7.0295574876407185,6.320659813723946
39083,-82.42165268419895,40.39881879752478,52476.0,46.05393586005831,3.882606221078419,0.7376104466005731,7.737429727729399,23.090697627333693,17.853524730365194,31.73434625885691,9.391907243977226
39085,-81.24822397982437,41.9132169817789,59810.0,387.25876460767944,0.3770953933547551,0.3664521482128712,3.7485881081285086,26.130274750119614,19.9205595044608,26.184491683901477,7.745158824522551
39087,-82.53584323053002,38.5983453509096,48425.0,47.41911148365465,0.0974653993284302,0.0082320285947017,4.233445777083033,5.3962994075213455,15.190639683198793,24.444440401704803,11.00999713925636
39089,-82.48301807696834,40.0917187088416,55825.0,102.19044943820224,0.5547996343593764,0.0594740820514518,7.988891140070376,14.118180981139892,21.257348962040687,28.416745935559796,9.625351251987963
39091,-83.765198301106,40.388678868816754,49408.0,38.11258278145695,3.4971401769520516,0.5090533049245305,3.5306768648079285,32.590777170720145,15.33198919782484,21.372755082929267,8.51827869547887
39093,-82.15167859718338,41.4606843558667,55845.0,247.7433489827856,0.0345672189521636,0.0135342550394714,4.058851452329969,18.40826339428295,21.408021286578784,30.591013330860186,12.62397731975874
39095,-83.4700830957576,41.68735183570108,54254.0,512.1750599520384,0.0595820118799665,0.190091400546349,3.318299363723541,25.110530929782808,18.72786797915242,29.327711744808443,9.756395038570158
39097,-83.40030805738421,39.89445768380506,53595.0,35.954657873042045,6.920983025195003,0.0,5.0153771389231006,12.85509756324161,13.56380381105296,16.93970716337247,12.700055664210613
39099,-80.77625166337708,41.014627200643375,51786.0,206.2992700729927,0.2754834638865835,0.4386365380461351,4.5130668123784945,10.72487430223172,20.668889411544015,33.98397975192988,11.371793250264329
39101,-83.16079917559642,40.58725230426305,43601.0,61.736137667304014,3.09925270972156,0.0563567794398623,2.032052108582579,26.437683961545368,17.930771541893105,28.215960906224417,11.450235452270094
39103,-81.89969424856595,41.117724836656656,66528.0,167.44525547445255,0.0743336095754613,0.0240750259632632,6.349879887125369,16.8803382042863,22.4296159535074,28.030652385997673,7.4508271528528125
39105,-82.02805160607781,39.083259665180805,42277.0,20.08318098720293,0.9812751430311452,0.0,4.635753068629217,0.0,34.4464887676591,40.800545534083014,19.21485122187626
39107,-84.63159931627173,40.53946655850421,61545.0,34.11343523732904,21.76204115451921,0.3010933093221509,4.388604622773524,20.72401432022664,0.0,3.2239802260328623,7.762166887253328
39109,-84.22878210886678,40.053469312510245,56651.0,104.00471698113208,1.5654854335593171,0.0,4.76804204168313,23.70444168741131,0.0,8.183019034529016,8.513868956887118
39111,-81.08385331760711,39.7256200487286,42763.0,11.17920540997464,0.6683792025610422,0.0,1.6805818718566536,0.0,9.31305433023529,10.954487985582563,4.842123753299514
39113,-84.29053263615909,39.75476999932488,55123.0,444.5549084858569,0.154435512394908,0.0182021071385532,3.55756409392511,10.154214626609354,21.17123149976695,35.61821038336546,11.219127366937984
39115,-81.85299684460472,39.62066563056949,43214.0,12.532598714416896,0.5738196665415011,1.7641879556136786,3.591390331170989,9.36584186833439,0.0,6.227637434018291,12.334856901157998
39117,-82.79399266440194,40.52425597523977,49235.0,33.507590132827325,4.3180374613584185,0.2884989478054316,12.005583529829996,11.79452311907014,0.0,4.779561198196665,15.626798457195632
39119,-81.94446499974751,39.965595682856595,49985.0,49.462377943710514,0.6313830169903286,4.402049135845696,3.2606277401827493,14.811198471673013,14.927303416903664,27.774323923648524,8.798317975349324
39121,-81.45547929409649,39.76632809871269,31369.0,13.706106870229007,1.7162670820122006,33.21484860284438,2.603326472715136,4.2977137453412695,17.158035267285975,19.69998702045206,18.254436224064083
39123,-83.02643997876949,41.591086895646946,62899.0,59.58867362146051,1.2097865824045697,1.4243821388051343,4.021393424497869,13.788467142122023,0.0,4.555733053378164,9.880984610043257
39125,-84.57957587247255,41.11652694423231,50980.0,17.325023084025855,14.226267199696409,0.8347455131937946,2.500703363714284,15.078678592225703,18.235113225200703,20.23750793328841,11.664714696048732
39127,-82.23602521466019,39.73722173679101,46802.0,33.254920337394566,2.0026120025544696,2.7086581556040112,12.879588983562796,11.86620103214374,23.54254284777318,29.034767249860483,15.091046124282997
39129,-83.02432853740022,39.642028466042206,50568.0,45.7217987804878,5.629991744422686,0.4053392466305725,7.063478349908485,20.400235507941993,0.0,6.0900081915805915,15.106706536625325
39131,-83.0668386858291,39.07739371947564,46185.0,23.450043440486535,2.7555670284204377,0.4222731330601357,3.1574758263151668,5.059461707520821,0.0,8.082489898500999,9.06076674590114
39133,-81.19649460374451,41.167817473701454,53891.0,123.5118230358505,0.1767513585517811,0.665862853177342,4.325593996013617,18.795209770301575,0.0,4.864225691823367,14.99591480453104
39135,-84.64874436021617,39.7408484843751,49579.0,36.60379061371841,7.332635256646093,0.0,4.806309446932879,30.757074458368816,0.0,4.199330052201386,9.659636159686327
39137,-84.13168151861473,41.02222246428662,59826.0,27.37719298245614,10.174371094104144,0.2450927485480382,6.732094630223871,27.864899252325262,0.0,5.3129743121336945,8.485796770375725
39139,-82.53674079731186,40.77505194186863,45499.0,96.80680061823804,1.747893112738235,0.0046968824306856,5.016905149814228,19.6288157182712,18.48877898466096,29.304139639946783,13.029895384651097
39141,-83.0573875848505,39.33773808972642,45196.0,42.559265442404005,1.7686724826897142,0.0992661126398474,3.6776080107161193,15.0267423978162,14.252421636687718,30.037114199139715,20.52081038115595
39143,-83.14329375455046,41.35791163426539,49414.0,54.70681605975724,1.8590587382437669,0.1979652961167297,2.734259387953659,38.51062728072973,0.0,5.710606568501606,7.15563876784045
39145,-82.99365795306356,38.803688212747915,46490.0,44.886405959031656,0.17933563459727,0.026816817397696,2.410582766077048,23.12635439581857,14.075194942143082,34.56508983780368,15.019674458490789
39147,-83.12758751868188,41.12389607803194,48160.0,38.10265363128491,3.664959059717842,0.0,3.9779050925833586,26.304221041621624,0.0,8.045405696934207,9.032671645613451
39149,-84.20419689683241,40.331614597146086,52876.0,44.72633552014995,3.594057271455763,0.0,4.00634655224995,51.25792661766098,0.0,3.7323721487837966,5.48245890778307
39151,-81.36585405273762,40.81379758442386,54014.0,247.5169210351692,0.0975565297470372,0.353770044693817,4.1248614924425535,25.342966466921663,19.601996522716224,29.81598721564531,8.186397884610997
39153,-81.531974263147,41.12590370103033,61027.0,494.5456221198157,0.0150209079219443,0.0,3.7784111265650706,11.115315194031789,21.808244656150528,32.73670690190242,8.285411872882936
39155,-80.76135903244051,41.317555381463166,46745.0,122.31322364411945,0.5886562621450119,0.2026590580634341,5.69306111431372,15.265181272141712,20.42875349358229,29.194833737821067,10.169395979402411
39157,-81.47358954292483,40.44063504419411,54140.0,62.35094850948509,2.422725863873801,3.174051372488118,5.364067329058177,24.349981491938216,15.811256323768273,22.71553228167689,10.078175713740825
39159,-83.3714873144799,40.29966205505902,69340.0,59.175066312997345,4.580057795613693,0.2453505331147125,3.5596843888430914,28.95583799110419,10.721176928860665,13.12156102510214,7.741803984092618
39161,-84.58767929251061,40.85493486770734,50030.0,26.871268656716417,13.598739253515385,0.251459714726979,2.064763657591527,18.55659745877071,22.656401403418663,29.983152793580704,7.67273142319065
39163,-82.48543351088973,39.251251818087376,40979.0,11.717877094972067,1.099826728650658,0.429401653059029,2.7496812676962237,23.06935202924326,0.0,4.975199536722311,12.810635244353804
39165,-84.16661217480163,39.42758364292686,73235.0,237.69990503323837,0.1228093124619792,0.0797682981914367,4.047935727676473,17.142370567469495,22.349752721299424,28.65798577124665,6.355235264772391
39167,-81.49720184599022,39.45762451435062,51478.0,36.12453987730061,0.3864599274719288,1.1447162889382874,3.6186243348361695,21.11839084337117,14.421419623517671,27.150410497500893,6.19382292879302
39169,-81.88812177797078,40.8288935019103,53835.0,80.75415512465374,3.3860786708398725,0.6176412539029481,5.249709966346079,36.91214761252571,15.91014622744181,21.583564885378,7.678745883681835
39171,-84.58848648052651,41.56076905026316,50010.0,33.26158038147139,3.872203698204277,0.0987703978257355,2.796019863093515,34.20218704538364,0.0,6.549576913100845,8.191552546603463
39173,-83.62755791947127,41.36840527270252,56958.0,78.46488095238095,1.453734199005886,0.2373180862582189,6.268408681456676,27.001119389957708,15.4795904695001,20.118318148772683,10.463994295220486
39175,-83.30426375460507,40.84243436838895,55585.0,20.42992424242424,9.602154319796972,3.1405565073998014,7.527486866440493,32.653149217659674,0.0,1.8984186778316103,10.370992325992155
40001,-94.66094387608904,35.884782462653114,42331.0,13.26512576478586,18.520008877997903,0.0156988987312763,3.507170065989509,19.33220132845164,0.0,4.960491104859621,16.01612475391525
40003,-98.32394415402068,36.732307899175005,44344.0,2.4866870362287212,7.862595760572161,68.70360754568759,1.041184671166862,0.6936271701886124,5.587700987473944,6.38666664682891,7.144716932567001
40005,-96.0378394807142,34.37398087750122,35397.0,5.579337231968811,0.6711831512363428,16.151973116733757,3.4742937751581366,2.8812805491661875,18.344998921794133,22.082330002875217,24.533900589419204
40007,-100.47734396522156,36.74986021525429,67952.0,1.074105621805792,30.25615593178311,24.12453139223408,2.9770663604062735,0.6607002443775225,0.0,0.0,5.530632020959696
40009,-99.68229520629696,35.269502905144876,39175.0,9.361430395913157,0.2149614560842156,32.32789643002697,4.3206472256184805,1.6717393754931802,14.514797568568284,20.61505510609332,9.351126835063257
40011,-98.43340589334947,35.875741292241585,52071.0,3.4870423693953105,0.5080418697078213,85.87894415075603,0.2377618451660742,2.5400999824649726,0.0,0.5769060410538369,2.2341301623976837
40013,-96.26134021750651,33.969228075613124,44056.0,20.549211759693225,0.3279143494550772,0.0,2.6453892381755493,9.126992090347237,0.0,6.2877576508011055,40.138509654900034
40015,-98.375008535018,35.175044156314456,44622.0,7.873576992210904,1.0933990754256424,30.48413687601135,3.1685108379983604,0.5054837559538139,9.463554887841267,13.027386782304488,20.01936608451597
40017,-97.98363767030052,35.54435233446615,52341.0,72.93760757314975,0.2929429340197017,42.43987275408709,2.9002841880035364,6.614082436607586,12.69528675072766,15.33837635544881,8.009486291645974
40019,-97.28576274902308,34.25101029054309,50824.0,22.44814814814815,0.0990301951782268,28.653181492269596,2.621041050018494,17.42923581830276,0.0,6.459449320911497,7.455772141023395
40021,-94.99966847816268,35.906741337481954,40924.0,23.88568588469185,0.2980548695753833,0.0,2.925348885699031,1.3494425180755272,0.0,5.195350681500711,53.34784437510321
40023,-95.55398582844388,34.029388170213295,39231.0,7.126050420168068,0.4497139843401355,5.229421071848757,3.493245162075541,2.1199642987545135,0.0,0.0,30.140167958132174
40025,-102.51574081899162,36.75064630711709,67240.0,0.4642782753593001,71.81621754431605,3.488195633793657,0.0,0.0,5.8169112811729935,5.8169112811729935,6.153662713811867
40027,-97.32011210238494,35.207625257917485,51736.0,221.5288035450517,0.0846587509167633,0.8708345633699179,6.490349036703397,4.827742498075144,22.897832780745834,29.643716041924485,24.20970765018735
40029,-96.29772765476022,34.58846321329834,43855.0,3.929681717246484,3.4458418531693793,74.88212281635434,1.5377720512030475,1.2341390997451052,0.0,2.5780790454048907,6.018505550731539
40031,-98.4716407842965,34.662304333414134,48269.0,43.632798573975045,0.2654842060650728,0.390400723663285,1.766939097910113,11.80179630538005,13.312036677754268,17.33394831697038,45.029411023012266
40033,-98.37338817005292,34.290702855060715,51715.0,3.27920910724985,7.147698030523071,2.656373410787536,7.605798873856659,1.3162118780096308,13.914749420367398,15.766006777242731,46.40882570256567
40035,-95.20861040859378,36.76193556190678,44925.0,7.179746835443038,7.425134350767654,0.4579369947541403,2.1164709005850093,4.25326607402796,15.396094443783245,22.895934229920627,23.19713629164416
40037,-96.37078650503446,35.90295743110084,48083.0,28.928770393951453,0.1656548903416959,7.870962287849023,7.463205693858491,17.764766030079546,0.0,5.813741908473157,13.98634504524814
40039,-99.00137064463463,35.63902874221041,47390.0,10.81471494607088,1.5725378799479277,35.468465611806096,2.1877763637794247,3.5059830034361577,9.747181177792047,13.477859565620337,11.493105305289363
40041,-94.8028894548028,36.4086369467962,44350.0,20.22964407606046,17.302560937188563,0.0,5.4700409569919435,5.9914871181580285,20.79507680239698,27.83017958065698,16.608799645082268
40043,-99.00805440722134,35.98786472034515,52032.0,1.6801991574109536,0.2495267330218366,70.4116264634218,0.3205553822731021,2.659250863924549,2.90692467566157,3.659931297796362,3.72313650162285
40045,-99.7555083072207,36.22355665480403,61165.0,1.1723809523809523,9.17022636719692,67.90533642120039,0.1766938548093666,0.2265621552956338,0.0,0.4248040411793135,3.387863533240916
40047,-97.7826342718276,36.37929531780161,49429.0,22.58287795992714,1.39507454848556,8.494158949750659,2.570128339462805,13.886419837577051,14.122915246061469,21.80606327866527,14.724584953317684
40049,-97.31009725785428,34.70547138912567,47869.0,12.323459149546109,0.1566696192818938,55.24030432623953,2.3212703956128276,11.666262327638735,7.359769583173478,9.882386709846314,4.153843007379657
40051,-97.88431805175148,35.0197440860376,48046.0,19.69433831191386,0.4720988672020422,72.43807504121683,1.7831596021911398,2.7403206935063555,6.65906038929958,7.860613997766314,4.210548183800458
40053,-97.78613843090336,36.796917593802824,56489.0,1.5818948983505945,14.95241795050815,24.896699547135164,2.743540495679175,0.3072526290338793,0.0,0.0,7.463440740448952
40055,-99.55711254072746,34.93688382902445,37630.0,3.269298762522098,31.23884560135812,0.0,0.984489037856034,0.0,0.0,3.636152584918527,30.68166978627084
40057,-99.84513185942902,34.748659283511714,58735.0,1.781364636830521,51.342689227398566,0.1221299462628236,0.0,0.0,12.461695607763025,15.527527349706146,16.349868987875826
40059,-99.66494469860272,36.78947530763877,60387.0,1.1710914454277286,50.05805085710383,19.858596567682095,0.5180673129770496,0.1378911115519579,0.0,0.7909226021093438,10.099548276523713
40061,-95.11557311740668,35.22719157512602,44586.0,7.095673369896405,18.183643110108104,19.944257085140013,2.500190176737582,1.966638774078488,0.0,11.692488441480505,12.489962894405425
40063,-96.2493072153952,35.049377941910556,45873.0,6.369719981015662,26.472764131954285,54.475819429965945,0.388717815686105,1.0462153856993477,0.0,1.4117942830057857,6.229413168206325
40065,-99.40693893910915,34.596818065377455,51785.0,12.298604187437688,9.485454265635273,0.4612053466628747,1.3165238889901498,6.715172542430821,0.0,7.524391826672463,39.412099707730704
40067,-97.83211478424153,34.11544171504515,42763.0,2.800825593395253,14.039157339465053,8.956818719778175,1.6061948398877357,0.7094308998072566,0.0,4.177459168836439,24.445947316809253
40069,-96.66088942852832,34.316878186727976,45772.0,6.064591896652965,0.4567531977686754,24.67228247563211,2.1974113458751594,6.915319512178983,0.0,8.430826953236148,13.066847096035628
40071,-97.14396501456352,36.81813924483806,47901.0,17.78925956061839,2.322614671653419,4.972964627791774,3.4690857948060314,12.775116927203948,12.123662175198492,18.081394363042342,15.719469305326134
40073,-97.9421233024895,35.94564421721425,70902.0,6.524499360886238,1.3172777884342486,75.18658407058479,0.9081153088406236,1.694217860275728,2.691433531451692,3.5587015910647564,2.027757729812926
40075,-98.97213124035876,34.91842507884715,47493.0,3.190998487140696,27.32107619740311,8.604239360934905,1.0814758892868213,0.6039570233020614,15.288275929796132,19.60374527007743,15.523966475474989
40077,-95.25019370527107,34.87619584853345,39856.0,5.071466384330334,1.734384953340382,0.0,2.979735956691819,0.0,9.308938551154837,11.666765173952925,14.406362257261629
40079,-94.70549916529588,34.902505391617076,41821.0,11.83671497584541,12.060362508737663,6.79020691361292,2.6025147209844866,6.512270123952558,11.85307493822508,15.211962040427691,28.137892547600487
40081,-96.88371165118528,35.70898816890071,43917.0,13.335806325654042,0.2646311483876299,13.641725370297683,8.236102216621562,5.567996364162208,22.282934286363545,22.282934286363545,14.720908133121243
40083,-97.4394285148798,35.920673918941034,48453.0,26.29055078322385,1.1494321895915438,18.257519477466875,6.917867798570137,3.6449156133707814,0.0,7.687101207337013,9.785143080673858
40085,-97.24786269437504,33.95035933478332,43626.0,7.300358422939068,0.2629308222155133,39.52237802514972,1.3416323550508198,0.8810751900788578,6.015077840798385,8.07580886556484,28.61792169029404
40087,-97.43949330619483,35.01680388246915,54884.0,28.15995040297582,0.1622952080609183,39.928376550220115,6.441540695964563,3.758624902156848,12.613102159562386,14.673034200989065,10.38476678264568
40089,-94.77087584832712,34.12044061750546,44544.0,6.308352052276904,8.923569771054298,0.2258022413553281,3.975896453280995,27.15172378717848,12.120341258573283,14.709989650475288,14.53627205095226
40091,-95.66506590825269,35.378178675794544,42045.0,10.800333704115683,0.6266657789237732,10.138427363464134,3.0247821499115286,1.5811911492033517,21.608469067204155,28.09443970309035,18.965012842007994
40093,-98.53934335333044,36.31447731199584,48237.0,2.9767625049231983,4.723570159024691,59.78358881875564,1.687324413495468,6.4024247225798385,0.0,1.9068889850253057,3.652459905033437
40095,-96.7677835605946,34.03104137919954,45498.0,15.016007532956683,0.2544302167704481,15.894207359895129,1.8664555924902853,32.37233133573669,14.371576384662204,18.03586895453907,11.069104358818295
40097,-95.23094043227972,36.30199050223453,44971.0,22.368926553672317,0.7753497573028799,1.2872678241347115,4.4696753828504985,27.800131880079455,9.036248956086231,11.560446815621631,12.270020767417243
40099,-97.06918652642064,34.48347815073452,47149.0,12.288409703504042,0.1327914239946367,8.941987552415547,3.935879791530357,7.236165679863083,0.0,3.559100241409652,25.5800761294523
40101,-95.38216063057014,35.619114671111305,45216.0,30.479540229885057,0.1003939769459187,0.0,2.8538778086932126,11.368865299632912,0.0,9.315830391171176,26.92519698847296
40103,-97.2306340159297,36.38894872198631,50271.0,5.647945917836713,2.058029850746269,0.0,1.7639402985074628,0.0,0.0,2.844417910447761,12.226388059701494
40105,-95.61734861285562,36.79896909814215,45230.0,6.268745852687458,1.0422242902909664,4.082422605272478,2.2433970499822933,10.734374871317623,24.166755886446555,41.24548067499568,17.32373603024139
40107,-96.31692360923986,35.466391863249555,37448.0,7.085173501577287,0.7595950768334425,15.424586701624063,3.6290146384094384,6.918651227150244,17.574830675114704,23.64649333624645,33.01689607457578
40109,-97.40727507257408,35.55150451082755,71119.0,432.6518001074691,0.0390081225286142,3.2048815852825117,3.9172085451576577,5.30627648325139,16.005921940584262,27.194560273790852,16.77874139777887
40111,-95.96436326135368,35.64687861996433,42789.0,20.317381738173815,0.2270883248537146,2.5621175819245714,2.5825450310707225,13.834060385066962,18.754975611153004,18.754975611153004,32.35727035824401
40113,-96.39588550489678,36.63335370664828,43155.0,7.774401629604482,2.3181763944192295,28.83641141904244,4.3434227370288045,7.476897784573774,0.0,2.984174264286693,19.87328215712011
40115,-94.81060625207222,36.8364149011414,45940.0,24.080888183980967,8.381453421856278,0.462433300002102,2.775350503421706,12.291567198464962,12.37256809630624,20.753345885094333,32.81692445821735
40117,-96.69521099615832,36.31941037720863,43550.0,9.754505904288376,0.2267743513294031,10.827363637001898,3.2462198424046975,1.695073918141246,0.0,7.659777625398727,22.943760428928822
40119,-96.96842685035902,36.08397606489636,44408.0,48.61182669789227,0.0998928759449697,4.202145656956284,3.4101849691636628,4.7783924551440915,15.645999582252829,19.28655623646444,38.97485821636616
40121,-95.74755304520166,34.928248524498116,42836.0,12.02791597567717,0.0954677725076308,31.600615806287983,1.5383766563142391,3.5535582390787823,9.682147846902726,13.07225045162094,23.25199113666094
40123,-96.6833687538994,34.73432985413736,53239.0,19.58539094650206,0.0854915030068297,7.7527821306207,2.1209283276345414,6.379644630952697,0.0,7.644233711674614,36.92982729638607
40125,-96.95379086095387,35.207206084199846,47105.0,37.03481331987891,0.0699697910585735,4.436722547455651,3.3790344243868544,11.16248898866827,14.921836427511296,24.950664731773713,19.129665840785524
40127,-95.37570532806112,34.41651144389385,39416.0,2.9120521172638436,1.427318784099766,3.818199532346064,5.823590542998181,7.649714211483502,21.768965965185764,30.70407898155365,24.42842296700442
40129,-99.69627663914969,35.693324090845856,48563.0,1.1164179104477612,1.3579944745989925,0.0,0.0,0.0841447866225786,0.0,0.0844647287770371,5.8360648394770225
40131,-95.60439321599854,36.37234361785536,52645.0,53.86032608695652,0.1384445691066771,0.5800505261083146,4.729360293225787,17.965670295348417,13.417823056279946,17.748693257626297,17.04123771908545
40133,-96.6161376444721,35.18735592037177,42311.0,13.822248381400824,0.1071636152281313,21.595338222472947,2.714028069815546,10.833141015778589,0.0,5.388203668564199,17.76266304254919
40135,-94.75749731483938,35.4971128863707,42788.0,22.086666666666662,1.4630134946323687,2.7699911962963126,4.628404865250775,3.0426432134832444,0.0,0.0,26.33829435905971
40137,-97.85147556520788,34.485788887944636,50475.0,18.906493506493508,0.0569309003257621,46.482613164586674,1.9005426731216923,7.168909069451742,11.48906445421826,18.189636927880713,6.0121931681601
40139,-101.49122296010896,36.750619147819386,57200.0,3.860617399438728,33.228301717909034,10.58242171166508,0.0,0.0,4.268503876743302,5.495414974334493,5.6061111190385695
40141,-98.92771767272446,34.37889464449171,40583.0,3.0927652019529517,17.91144020100025,4.2916783426028395,0.0,0.0,0.0,1.9577576503108567,20.58495252841408
40143,-95.94171073864295,36.12162440668984,75178.0,446.5562130177515,0.0189804186298166,1.1981534272593692,4.134315847733274,10.840404684626078,16.34196740838163,27.0757411904598,7.317457696701327
40145,-95.52078409571928,35.963036725545884,48796.0,57.07565789473684,0.1434872293266823,0.2758797657594224,10.916124121721795,13.6371750308668,25.399966777902844,29.67824150977077,10.43799864136498
40147,-95.90492242150316,36.71698518315377,109890.0,48.22533936651584,0.045987818337898,14.9708716196882,1.844705352042964,11.30993745656706,0.0,5.485642409772729,5.6833485981587195
40149,-98.9947538366679,35.291997969980024,41332.0,4.138663576670529,6.681446143772509,47.982788457041295,2.498667040830644,1.5278986015621343,11.276741031757169,13.18198400448997,10.700154342640662
40151,-98.86161291035624,36.77297662550336,49847.0,2.6681141439205955,5.6505681095469695,51.516539122430906,0.9824259538065536,2.9377958783438447,9.01933168208067,10.02615639721646,10.55321589550392
40153,-99.2633475201422,36.42741908787279,41264.0,6.132721712538227,0.2271904188389074,20.627093282126,3.0231696327053137,19.002650203959025,13.477859286522422,17.553600655813185,8.464860934477638
41001,-117.66707620223968,44.70955170859174,50065.0,2.0915266798418974,12.654243655881068,0.646025453673745,3.14290706036749,9.800896851269233,15.223718479172112,26.03618013410784,17.289781014977766
41003,-123.41899400069003,44.49140407279856,56103.0,52.93804347826087,1.9580195699781688,0.0,2.9598036943366375,13.306954177240469,18.64228010842055,30.063938442421613,23.259403220888505
41005,-122.22084135397216,45.18912528945644,75388.0,87.13547457278155,1.505838354429203,0.0190872846908552,6.769359148089962,11.69315125376387,21.704538604382265,30.774639228829617,7.556559029834021
41007,-123.6555938253588,45.98614178056339,56205.0,19.685281590156176,1.5358996548944264,0.0612345511829017,4.609391695883913,13.515485316614791,18.661345848259344,28.849937263149876,14.24606810280803
41009,-123.07708747371508,45.943903804929064,55509.0,29.187908496732025,2.746947668773307,1.3657879606942778,4.887942149714255,12.490556769066574,19.97380785534584,25.346589140544268,12.73519183776625
41011,-124.0574413211366,43.17313500127602,55016.0,15.619904076738608,4.609344096477449,0.1699177804148783,3.969061014735642,11.558924036003836,20.33797566364973,28.320270251146766,21.07964335797697
41013,-120.35699245053482,44.14326955710965,53812.0,3.4112705182887426,3.2825966037836314,0.0,11.15114306951817,5.75481588777044,0.0,4.624086958336301,11.578926160105288
41015,-124.15775778973898,42.46016076244958,52443.0,5.575914994096812,3.772852049707835,0.6195254746961603,5.823243310970123,14.695021243151505,0.0,6.299932796464411,15.66172701696035
41017,-121.22724475601704,43.915310154283155,75454.0,26.03593493884756,0.4197759833586418,0.1015043170281175,11.9429347681098,5.4555582470656905,23.120091032326933,35.43207808177614,8.41491988251736
41019,-123.16470463096717,43.280467906923384,50144.0,8.560988633763063,3.0499368739970176,0.6121585612492111,3.892680408398514,16.167383558732045,18.35220207613489,29.18294193277858,17.43354988570195
41021,-120.20276943711268,45.382898936993435,73465.0,0.6448717948717949,22.140963735311484,0.0,3.750699757417428,0.0,0.0,0.994614104553344,5.31457770438668
41023,-119.0072041933868,44.49357980355586,51993.0,0.6152862985685071,14.29743758078083,0.0,0.0,5.881870217261966,0.0,3.5501068285262942,35.88647161057558
41025,-118.96969899838162,43.073841980032824,52084.0,0.2849204249045476,32.77697220251134,0.0,2.213024688574622,0.2264048850295109,0.0,3.207165216235651,28.538644276157004
41027,-121.65259761892804,45.52637762600863,66315.0,16.814555633310007,3.801745625808473,0.0008101604927936,3.938527722341796,12.80863739106717,16.21684755750114,27.28046676046525,10.20694199520925
41029,-122.72823755137313,42.42989173582719,58066.0,30.436087135224003,1.9209470059835148,0.2732255694864608,5.2435499829678225,8.677145559373765,20.80075601545537,35.183021025981816,10.990898742224893
41031,-121.17403133204928,44.62998132222002,43870.0,5.45198105081826,9.869258382758645,0.0,2.5539752710009975,15.273103700655982,0.0,6.257461815218919,22.14065262640732
41033,-123.55490415546022,42.36643510161667,51241.0,20.670120084765717,0.8150573804512,0.2031211946933515,4.222954238561356,10.431842634527058,26.156298700778983,41.402308023887464,10.14522622315776
41035,-121.651759032054,42.69148949721179,48435.0,4.425975985415226,7.322477627427791,0.3501948033114951,3.539813027491597,9.22072230296507,16.437403524828156,28.241130729295904,17.40304144525044
41037,-120.38924674990862,42.799587265878515,47868.0,0.3886359412748559,26.887366893017543,0.0029227516732753,1.9699346277875744,6.729635727716454,11.763588359654335,13.423224184795846,30.983846925752367
41039,-122.84838932605273,43.9398880302374,56937.0,32.23328603622402,1.0322754925547375,0.2601407653612885,4.356689891455311,10.951386621636589,21.5236719302288,33.88128788820557,14.323882302565757
41041,-123.86664123114836,44.64294078046025,55198.0,19.935585231736056,3.8672231398580768,0.0,3.906307373850656,7.44260073629386,26.346466382787337,34.31861284991696,17.715904088451524
41043,-122.52609702872364,44.49631893878891,53933.0,21.68760385510136,5.037233583094277,0.0407211871622398,5.478688271194014,21.777765582348696,16.233319413225228,24.592966730075684,11.391882000780653
41045,-117.61839963469568,43.20603814524015,39817.0,1.2300922530590188,17.868697403839402,2.0564889574727983,1.559941162532269,7.298432116698248,10.967569160607775,18.312669549903873,24.00928377000878
41047,-122.56445704584404,44.909044279836806,54787.0,121.02112919986143,3.8461671772263255,0.3542285740354909,6.243850637482158,5.56582940877969,18.597840895177622,30.766086797921137,24.168639911598127
41049,-119.58568952742712,45.424560070662096,59976.0,2.2893163989540533,25.800147407697445,0.1388281088053066,1.4854204574245111,10.600052974641269,0.0,1.0046180067715411,6.589181656954649
41051,-122.4105935135618,45.55242682965406,71390.0,588.7278106508876,0.2132382008411752,0.020105807981471,4.436629089065529,5.518357446541775,18.794588733291057,28.118391358345985,13.888225990106168
41053,-123.405035757762,44.902669804040315,51314.0,45.37871911245587,4.1129731562737275,0.0049927325784587,6.121329792354249,8.905237536242245,23.57156922383778,33.693555660380746,22.297343986093843
41055,-120.68376272422844,45.402504703718954,68498.0,0.8691588785046729,10.078222152926132,0.0,0.955866912947206,0.0,0.0,0.1173143685582403,4.954111598279389
41057,-123.7087938472224,45.46305301167015,57893.0,9.610897659797416,6.7236550644832835,0.0008610687154361,5.328149699666407,19.77185984384519,22.68722324713318,30.19717756026225,15.242423133472109
41059,-118.73957859022916,45.59566299485243,50689.0,9.476111243166152,9.76277235340903,0.1390160284525838,3.5456135827345454,7.032405695791821,11.60138097440368,19.010089462294005,17.962421561899877
41061,-118.008754441402,45.31151811254603,50154.0,4.956810001894298,5.460037060520715,0.0009830376847496,4.306851936502319,15.353410239648206,15.258874782298111,15.258874782298111,18.878009938510992
41063,-117.17154658974049,45.58321139815655,56650.0,0.9161375344435126,12.339860281819426,0.0,3.5595920546869135,3.004205667280085,0.0,5.223544675837051,17.395928490416992
41065,-121.16740890796184,45.16359759070236,53537.0,4.240172579098753,1.161693272713139,0.13115329188783,2.7159494760844565,3.816401337046021,11.414671628433554,20.3307036234585,11.376252484039362
41067,-123.09880948144762,45.560326260409326,74762.0,319.1010101010101,0.3299063850581571,0.0,4.254904392950073,27.918438342611047,0.0,5.919325601489739,5.108317023143578
41069,-120.02410770667932,44.725634978004926,45328.0,0.3256130790190735,9.579768939059882,0.0264573595555163,0.0,0.0,0.0,0.0,21.48558073904224
41071,-123.30422401925678,45.23158748572393,58703.0,57.16702014846235,6.326913296785505,0.3427802498010001,5.463076270958078,18.812857125137032,20.046079007126355,31.500602453184236,11.080433595201931
42001,-77.21777515718549,39.87229720349845,56290.0,78.94043186895011,2.821565693602145,0.5038836250849289,5.631796399571453,19.508070444387187,17.607110622575867,28.66685179737496,10.382247405145192
42003,-79.98181395527065,40.469540793485855,70959.0,642.6151041666667,0.0139628568277621,0.4602525806475373,3.4807727465166782,4.924951504760133,21.476859417825704,35.016524887640635,6.6263223904337325
42005,-79.46363351032721,40.81317190648154,56596.0,37.70495626822157,1.0068583627513596,15.825625057239671,3.672737438166155,8.211158706969263,16.134049417485087,25.22045023077837,8.329697322603003
42007,-80.35011940921642,40.68376225009504,54998.0,143.57192374350086,0.1254557926278927,1.905239880018041,8.073841075261273,18.467222338326145,15.7315767234186,24.744257813751343,8.4136357187858
42009,-78.49052955806008,40.00654382161675,50183.0,17.97307546454304,3.81696394695135,0.4175727445976797,7.72346971296752,19.002649397164586,15.91611254084126,22.80893553639452,9.461025459796158
42011,-75.92663267136683,40.416820935657405,58472.0,192.98258928571428,1.5916984130072118,0.261195438237509,4.339330261541293,15.98394367616388,20.90972283536681,32.431000656958446,8.181809716832786
42013,-78.34914925680992,40.48101450623271,54872.0,88.8859455481972,1.282531657685238,0.6938666947720991,3.2867173200695614,12.075806105158302,12.657334058652664,25.828159347290057,11.299199894217349
42015,-76.5148264241691,41.78802097572897,48872.0,19.979953224189774,1.842244128457387,35.04834911762728,1.3955397503355695,21.758335025995414,7.772082375673824,16.113339245036336,4.458577537241793
42017,-75.10740578822669,40.33836552772084,87411.0,399.67264851485146,0.1732466177064408,0.0775517421194162,5.652461452094074,11.176317068271551,21.515821973434157,32.76268547378635,6.033354821179193
42019,-79.91300691012417,40.91220928523119,68432.0,95.9290573372206,0.1994734491055801,4.983419788651319,4.699195358736576,14.684320649260066,15.44465691071455,24.14619501484093,10.288349779992975
42021,-78.71179003298676,40.49627294576767,47912.0,73.50782997762863,0.204874682070234,1.204879502230931,2.77901901874739,9.05847444056233,17.909896200517256,34.07289475464757,12.269522677338625
42023,-78.20407406244168,41.4369178262028,51299.0,4.26937984496124,1.022797815140955,0.0,0.0,32.177074745696466,0.0,3.19846021960264,9.409148686686878
42025,-75.7088236164075,40.91890297174656,58328.0,65.4005994005994,0.0305862485096451,1.1365110657713062,2.7389188268506675,8.610572549929152,21.346809644090584,31.137706973592184,7.730348154134398
42027,-77.81946711843055,40.9199943868928,54553.0,54.80124869927159,0.8330181507160861,0.5571687640326956,4.048787636534038,5.3819540425229855,16.155690559995413,24.917484557026796,36.68251793908303
42029,-75.74634019599718,39.97742958481775,101233.0,274.9989949748744,0.7445621981446542,0.0660403280200518,3.784356972042507,7.009700078440191,26.75973971285565,32.72689999157055,5.129911237302936
42031,-79.41985648015063,41.1925625447948,47416.0,23.66984126984127,1.5434532811808417,3.371289505440401,5.5501169970891295,11.329542521918032,17.314055365646542,28.88710754072551,17.51957520613258
42033,-78.4733278145652,41.000736471281925,54734.0,26.00367278797997,0.766564910671354,3.651382020089765,2.5630871004529827,19.143337384173456,13.173193507755029,27.398958790900434,11.797589172755629
42035,-77.63770860772044,41.2347379597755,46157.0,16.345705653862755,2.271379032608119,5.641853275521966,4.621131372955663,30.511693297514725,14.074399178165436,20.61977611760337,14.017789535113652
42037,-76.40514001192284,41.04890320429121,49759.0,51.49487785657998,1.2825402747017938,0.2745417112693996,3.962532312330956,19.69440921853228,16.31464728228414,24.16182822716143,13.152145316051833
42039,-80.10679789402867,41.68448519296848,48616.0,30.533728687916977,3.00717018856217,1.6064841945603088,3.956875452445793,26.07320142024889,16.44868833810197,29.917381961919865,10.26336654141818
42041,-77.26025088380045,40.1653822830959,65404.0,186.23700623700623,1.0152324869713294,0.0860318564677635,3.5170240450210297,6.4850694390925865,20.25765853264518,32.1694270545654,10.624939151411189
42043,-76.77733558873484,40.42136229937011,57844.0,206.46357142857144,0.427081582207468,0.0365691396703271,3.032283433511574,7.626700633942721,17.48026257237897,32.96329192203435,16.17345226308873
42045,-75.40450036145269,39.92103655727725,78448.0,1238.283261802575,0.0108959465925665,0.0516949626236697,4.554598417819322,8.745768013842138,24.772790562962253,37.51070858243158,6.620998271236631
42047,-78.64936795998763,41.42554833587227,50604.0,14.131322505800464,0.399528441190806,7.143491696099076,2.851862345164722,43.957612529442414,0.0,7.136768861752114,6.183627017150431
42049,-80.09508867021053,42.125364990281774,51347.0,129.2564841498559,0.2089826135114466,0.061212867615289,3.456308289246884,16.46449092403404,20.222290479278296,36.42707309901274,11.913960248024743
42051,-79.65428882826266,39.92207821679458,49022.0,59.96276849642005,0.2563218738346486,8.366845059917958,3.359356574849575,11.067315735897358,14.478456747195596,24.985113738296093,11.823985325391304
42053,-79.23575790393565,41.51329997697782,28277.0,5.927484333034915,5.67465035954929,3.045505162033105,1.3158937772493062,4.8294736047411435,0.0,7.098880773078157,45.60519411886831
42055,-77.72138468696988,39.928420072117234,55714.0,78.35179640718563,5.2265122113301326,0.500721551788544,4.813635166114198,18.370197355227617,15.306308892322978,25.515657215059136,11.768935655406263
42057,-78.11311936174165,39.92515095696928,47779.0,12.791739894551846,7.527458417817344,7.959062481609681,5.764662768364906,42.84222042702989,10.13353377666262,15.692492470000374,7.533878310926124
42059,-80.22744420646593,39.85397031739216,50403.0,23.43457627118644,0.3361827335510084,68.11263287256114,1.7449146862571547,0.926585540594729,5.190569773273808,7.7716941558170385,4.919219240283381
42061,-77.98125567011381,40.4179256129935,45956.0,18.697322970639032,5.980871211381447,1.3247063694491423,4.220129495597332,9.685934767862282,19.45435039326508,31.38777460527018,19.416462580251206
42063,-79.08156758639086,40.659738359590115,45822.0,39.70354406130268,0.7579353728750602,7.774862150372069,3.2312389231643923,7.471908570012641,14.821354531714858,22.562310096724108,13.648655973460414
42065,-78.99941513638112,41.1284670940203,48251.0,25.720588235294116,2.1867675230528065,6.367360913112131,4.1476730778259085,25.509177037996334,15.06175850574989,23.518099301402348,8.491551216562982
42067,-77.39958420005597,40.53172645007152,59639.0,22.788649706457925,12.107704414043216,0.0150539841737659,4.60612814459645,30.14482128281451,14.348304227334712,17.933009770426743,6.396476976690763
42069,-75.60850016606751,41.43728024237969,54278.0,179.38237738985868,0.0317166518353561,0.1512513578434126,3.510390787045832,10.373981339404915,17.047189599838006,32.64079268892456,8.659642760109909
42071,-76.23945777538965,40.04435088299563,63990.0,225.22887181560856,3.9072854489869977,0.3056009047009465,7.633503980040188,16.312130202617855,16.980593768737343,27.31333581061501,5.444185451510692
42073,-80.3342350828715,40.99194849514912,50878.0,90.50160085378867,0.2285697485887501,1.263516446164642,5.382878183903356,12.82332252163779,16.550456198191092,26.976233439782582,7.981579284664113
42075,-76.45764024446787,40.367295864750474,56679.0,153.35782747603835,4.40565587278867,0.0,4.361976289612073,16.447545697843992,0.0,7.995061323871309,14.25960546638801
42077,-75.59295319066442,40.612902654174626,62106.0,417.5182724252492,0.1416895747207325,0.0,3.462872759523323,12.426863454009208,0.0,18.281536877555407,6.2854436178047575
42079,-75.9887177050354,41.17748597276622,50722.0,139.04381114419397,0.0274961686390467,0.2327847051099383,3.719472188359462,12.03364135812308,14.66711422908514,26.98522668720067,10.39741511730742
42081,-77.06489724235438,41.34366347700089,50705.0,35.21710730948678,0.911241657272711,12.926041051586235,2.764157474010056,15.829570159428846,14.560225879900512,27.265299286954033,10.32682298656217
42083,-78.56898122737257,41.80789965949515,48895.0,15.622693364742837,1.003912319038387,6.104901117798796,2.435282579368272,39.37398245060075,9.466528582994597,17.59664655710809,10.222811056800474
42085,-80.25791108192482,41.30197819969802,48510.0,61.716628959276015,0.4439686394354003,1.5547627087758067,4.049612652729475,22.83339239034976,17.0478603745398,30.77033813595434,9.291139325845815
42087,-77.61498203492188,40.61202709321947,47196.0,43.06460674157304,6.476377593793645,0.0,5.104149181446208,30.75735805351915,14.277805650225767,26.583675868315076,6.677526790669708
42089,-75.34141326165933,41.05886220277946,51772.0,105.6384858044164,0.059647796145225,0.1552504936421255,2.930462979881998,21.80569007694108,17.2991497177751,25.93072303560065,15.079678349981998
42091,-75.36292874527443,40.21125002426435,94507.0,702.2287104622872,0.019770463962282,0.0560109216345501,4.598274771835873,14.952115677422942,20.719346218221464,30.003596492821867,4.126924280299662
42093,-76.65823348015431,41.02703813255746,66679.0,52.68023255813954,1.32886830921705,0.1473657438229815,0.7642987576560785,4.543943334422161,16.24081873182344,65.7078334908393,5.3382471871262345
42095,-75.308560127564,40.754475536650574,63815.0,325.19836400817996,0.0211060257305834,0.0983569428168257,3.500265508608035,19.34203701088203,16.96360368980621,25.590374931237086,7.505888056311577
42097,-76.7016529530923,40.85126251730048,48351.0,76.5446049277825,2.5945942882812707,1.0916825852131642,3.477120566762075,31.320100848370952,12.955481646791666,20.430707442873537,9.095028055794248
42099,-77.26159496710247,40.39862019794298,54580.0,32.11535788742182,12.194552906373508,0.198312128832234,10.992357507313478,8.189206529677403,23.79638749894231,28.563765071598564,12.433447550385164
42101,-75.13226490601086,40.012883453914746,58506.0,4424.095774647887,0.0214370073865603,0.0,2.010276870213632,4.554180406072294,20.70500525943911,40.18941418622183,12.2294473756569
42103,-75.03104980340615,41.3334740699698,55818.0,40.89480782198247,0.1131796185596356,1.1958440079703956,0.0,0.0,0.0,4.7600341588386,14.590549387987476
42105,-77.89592166790948,41.74532676193723,45992.0,5.786785714285714,4.462157730387933,4.268309718404601,2.490581608508682,6.956822611876307,0.0,9.368747488249843,8.460004341163904
42107,-76.21592280952916,40.706115094813086,49662.0,70.71851851851852,1.4048726028738738,1.9143977128591945,3.721375080515211,23.5751205872201,15.769670360175963,24.638263363856684,11.374378170664386
42109,-77.06389075057443,40.76950414647944,53040.0,44.71153846153846,8.833977470126115,0.1638630973771014,4.0660868725347745,15.923980022053575,0.0,8.24367261658734,8.425763767269896
42111,-79.02967563282854,39.97164385632764,47009.0,25.804193319118692,2.490036893088958,6.688457733597514,3.4306133722650776,12.155906417255482,17.51407095084961,27.277774802781213,13.946905236338424
42113,-76.5120382499367,41.44593383786519,56097.0,5.023017902813299,2.142008481778552,0.0,2.1984550140164987,0.0,12.737255134097513,18.212780171411417,6.682466058087076
42115,-75.80100880235578,41.82106123138793,59182.0,17.727906976744187,1.3675960301861154,69.52556100887729,1.5550779109818662,1.5060618715749117,7.098820064648044,8.958849770564578,4.064653152134905
42117,-77.254232401732,41.7715930039618,46754.0,13.9346716570262,2.5401790276773752,30.344319335720492,1.9281995313814124,8.081701653666673,13.688810254477332,20.70997872557872,9.592194940831982
42119,-77.05476578533693,40.96525221143332,50828.0,49.9357476635514,5.939609793916602,1.6870458105379849,4.173193196388761,10.164152819899352,12.255507280186771,35.91265003709817,17.116419842521342
42121,-79.75738858963035,41.4010251585309,49083.0,28.108031674208146,0.5826030931558221,0.2735571677178465,2.479782964818458,28.448597158780657,15.86328208891547,26.424823061817857,12.327215013718789
42123,-79.27367931987061,41.815576134525465,48778.0,16.213796058269065,1.560135641319501,2.179054975912999,2.45130506397567,23.905604258760373,19.657696677432636,29.72679486607032,11.61317169492114
42125,-80.25205461792747,40.19197426872985,70915.0,94.57747747747749,0.0425387239814813,19.14035284448196,4.947980574117447,7.087238971776621,19.19760429667096,25.6993829315492,4.833385282121182
42127,-75.30152075917734,41.65444484626818,54149.0,25.75919395465995,0.8588048327753937,0.7579165224696506,6.378964213347528,2.7916258876088067,26.161788626873104,35.73261579197536,14.740917288591584
42129,-79.46114546594447,40.316667213823834,59961.0,126.5470884255931,0.3306569436587401,2.8891569375322517,4.49419066203396,13.575040002613967,17.352476251184246,26.40463460194916,7.993512300282764
42131,-76.01652948670385,41.51815090274999,54600.0,24.817921830314585,0.4707783092953298,30.099866510802816,2.737211416234896,22.938694618296264,9.737326240212774,12.21641133085037,4.731354887530673
42133,-76.72041675677212,39.925069146244205,58073.0,187.7074857607811,0.3819720636999983,0.2407891755822747,5.650213489254516,17.895971363886538,17.06143188154435,27.353132545193876,9.006029056846293
44001,-71.28702408018678,41.713524838221886,88464.0,812.7096774193549,0.2951045341133959,0.0,0.0,0.0,30.853208475029092,44.88197177103474,9.93153321227874
44003,-71.60001412507287,41.67123733195401,68318.0,383.7203579418344,0.0671245698880397,0.0123425159415335,3.320013186539206,9.866817366608569,24.17037192291278,35.81565048678777,8.529870389456702
44005,-71.2428402795353,41.56403778988986,85433.0,298.7711267605634,0.2269753100013121,0.0111930530622381,0.0,0.0,23.851444861574247,29.640155722862097,28.563772322094632
44007,-71.5845816780054,41.87173375713082,56008.0,588.107460035524,0.1090391727441352,0.138072320926837,3.888671456092155,5.533054320753154,23.27288223594431,38.81616091440968,10.786212830869278
44009,-71.62525579251918,41.46957144915802,79420.0,143.43626373626373,0.9834260385433709,0.2385620899584823,4.6598371911526755,15.002136623860132,25.4765923874739,33.52245842210328,13.129423626805552
45001,-82.45660916151346,34.22444736809657,41016.0,18.56045627376426,0.5661993866173312,0.0,4.19282786517722,30.85828045908506,22.60865606284482,26.43381303003589,16.015965056778597
45003,-81.6259325155043,33.549098348224106,52141.0,61.38046544428773,0.3686055033495421,0.411773474709951,8.785600398124778,19.013620923316203,13.382422541661684,18.865979206142367,8.406078204538872
45005,-81.35599232686462,32.9888247562051,43114.0,7.1233396584440225,5.089146199767619,0.0,0.0,38.39309801407642,0.0,2.896750671100605,19.65196255191848
45007,-82.63685238730406,34.51901300004035,48090.0,108.00462724935733,0.1110990936330562,0.2708197612687278,4.75950091911835,23.00432552657788,16.207902175930265,22.400995878320956,13.633627144267734
45009,-81.05349480101943,33.22165403861511,41997.0,12.016682113067656,3.736488192229133,0.0,0.9287861749248388,18.786633924678124,25.30420214352925,34.473182934385974,14.749271337755031
45011,-81.4317732806002,33.270184605730485,40449.0,14.01986301369863,0.9522577529407706,0.0,3.56117837800545,30.953292628238295,0.0,5.051571285660078,16.726689433923212
45013,-80.73833661519429,32.38764618732229,76326.0,127.8929503916449,0.0793838281833343,0.0055989928877777,6.102169256495251,1.5256725746050348,29.575240440978096,35.626223951767415,19.29860691934845
45015,-79.95111165741862,33.20079981915229,51606.0,76.73623279098874,0.0900894433836302,0.3203200149311587,6.2420588488650885,13.246898913183928,22.10949277130921,25.436799204628656,8.373589436205188
45017,-80.77947407166327,33.67457472302496,50072.0,13.894324853228962,4.136357134326948,0.0,5.467986178459552,30.718019314985977,9.608017858291152,11.73925425098983,7.651716078367557
45019,-79.95562786553077,32.839554835004925,78790.0,163.72397660818714,0.0964798166331433,0.0363971070155005,6.168497097014063,8.051479800501793,20.157611661508817,28.80034490022879,15.77369363840466
45021,-81.61792945370449,35.04836106329037,40403.0,53.20643939393939,1.2517366472870486,0.1632876140019466,4.398095833217032,30.05198911956147,17.2170064027473,20.92638596383812,9.347866996453323
45023,-81.16428040209583,34.69306712529335,43363.0,21.749659863945578,0.9600746387000602,0.0,5.442427237839495,35.27861326369874,12.31895357811162,14.564061360200444,11.01456036114136
45025,-80.15625728386193,34.64217772449861,39232.0,20.67234042553191,5.360152857941214,1.1592179718945923,2.1522515775636397,39.53824729229217,11.178924790544349,16.47549996719301,9.169722995888945
45027,-80.21212086951488,33.67287455922564,46230.0,17.751289398280804,7.878581173260573,0.0,2.768652636659591,5.430922818544038,22.13456888017691,28.86449042311651,22.061800326042523
45029,-80.66772560956177,32.86973319297805,43763.0,13.767557932263816,3.193846289410702,0.295978562403327,4.883252900385354,7.4813656240018,25.578778919277,34.03446631808018,13.233986710074758
45031,-79.95539141464688,34.33440620419168,48119.0,42.32813559322034,1.2050273728733347,0.0,4.060023186008335,27.950051815845462,9.546052199264633,16.052181178821034,8.762846200080904
45033,-79.37936549161294,34.39133151769667,39087.0,25.80483271375465,3.806125483199524,0.0,1.6304516667332385,21.34399368012746,15.051082677602176,22.674428925843575,12.059239928812673
45035,-80.39728730414068,33.07686020083616,49764.0,115.29791666666668,0.4315102241037628,0.1509541988887333,9.008197714624906,16.63810612981807,26.45903646194271,31.386010259297983,10.677383610521114
45037,-81.96593704853042,33.772634337395964,48155.0,20.90749235474006,10.262253408843062,0.3828132638403164,7.404816878881092,20.622403726349937,0.0,4.473424937764641,18.80297526379519
45039,-81.11497214932025,34.39435780960037,49932.0,11.079175704989154,0.9039565554693562,0.2908456167571761,1.204422032583398,8.688906128782001,11.24010861132661,13.97975174553918,8.86710628394104
45041,-79.69947943228182,34.024123360168424,52295.0,66.66341938626401,0.6356684120200886,0.1108701092657453,2.128745454591757,12.867160292156282,22.058556271615792,30.84357128156262,15.079052540948895
45043,-79.3363150137053,33.44372757448006,59421.0,30.216052263182455,1.4151287239533423,0.0706609087627756,5.094228261776916,13.859384791562077,21.95840647305656,30.01195709554272,14.722805837696242
45045,-82.3670336370973,34.897110527132845,57900.0,265.5917675544794,0.0213610129397558,0.0517373750455514,5.171214251220894,14.567031091228497,16.65736963729147,25.14948673751462,7.635454790421379
45047,-82.12492056776634,34.156921134350625,44329.0,56.563265306122446,0.4799816133593172,0.0764969983763483,2.457024305524679,25.11657526928425,9.664820022285593,16.54786261002286,14.886042273312944
45049,-81.13775592902343,32.778959009955344,41733.0,12.602083333333333,3.624710861506449,0.0,3.22521994727326,9.952929768386175,20.54019656367107,26.288791695706777,20.630768039380072
45051,-79.00353895608144,33.92682727298033,48453.0,126.86035737921908,0.0971654756085819,0.0881298073079652,6.528996618406478,2.4054743333350954,31.351622230884075,38.65042361103435,9.54848519851262
45053,-81.0313587828331,32.430591060920435,45332.0,18.021408450704225,0.9400033228327476,0.0,13.880808034739893,2.755345037088677,23.075933243638566,29.69352840316169,6.784876984605294
45055,-80.58765974779993,34.33909438502096,53637.0,35.89693446088795,4.728309390836044,0.5527761860023963,4.874389461828228,23.681533948527072,20.799991377467524,26.4443011347612,9.444439454552969
45057,-80.71234989512493,34.69197841921863,55549.0,69.03491436100131,1.0462823175836378,4.927346370704562,6.137582446836459,10.460487984858622,17.685522166216558,23.59171053906716,10.364791858590175
45059,-82.00443288974925,34.48589206354686,42396.0,36.81567567567568,2.48281589534055,0.0,3.601517729983565,40.75783077676158,0.0,5.836705224224426,11.902765125491884
45061,-80.24910806980394,34.16212989676291,43051.0,14.653636363636364,11.577532024890298,0.0,0.0,12.725112308606333,0.0,10.79059005013498,15.459501151749514
45063,-81.27046110496796,33.90503180579793,57381.0,156.72675911658962,0.8161602401406731,0.2365661459912874,5.280742281988441,13.472918148723316,18.176705013086664,23.97157875651958,13.205274257001465
45065,-82.30688579122516,33.900347125952415,47292.0,9.741,2.282931174438067,0.1874905715948192,10.272831107631085,5.972759990517718,0.0,2.221871026600674,21.969800369234303
45067,-79.36691434113145,34.08160107449518,41686.0,23.587748344370866,2.1492635540482063,0.6073795299410595,2.943018591924742,10.314667669518064,21.47880946422572,32.76144073245021,20.27455822229842
45069,-79.6761774258896,34.607114492404015,38071.0,20.953263497179694,5.979601854376875,0.155440414507772,0.7620398145623125,39.03823288791928,16.781019907281156,21.237414780474506,17.81259885464958
45071,-81.59182892820412,34.29524327699478,48062.0,23.62476894639556,4.757517810212901,0.0,4.541259628219747,43.98707641104409,0.0,4.020780248707722,10.900385534273948
45073,-83.06849190655801,34.75731077294829,55147.0,45.763262977752426,1.476763969632017,0.0,5.214635366603786,18.00860888799793,0.0,3.620954490859963,8.489336766950917
45075,-80.77925095862052,33.43842157510932,42603.0,28.967258794845,2.7375752227677914,0.0,2.4536779056920044,20.649246092706857,0.0,6.306348268076753,16.837648674176663
45077,-82.72497098286179,34.8921380887655,46934.0,99.04568901989684,0.0424462958650874,0.0,5.573982058497349,18.351816843542675,0.0,6.145379056670048,24.58258182406593
45079,-80.9057995785401,34.02342878502062,53941.0,213.62360688956431,0.1955823211974431,0.1044968668852971,3.0377270045131817,5.810316145779967,23.644921621430743,32.968557449460235,21.17960180534747
45081,-81.72940710783195,34.01397153800331,44540.0,15.281024819855883,13.3557102095517,0.0,3.8580017717453794,32.541930433658266,15.66876398918781,19.582154645065582,14.02544394103268
45083,-81.99116503826309,34.934447854477924,51411.0,161.66822211852542,0.1046736297852158,0.1361008685597486,5.662757861927686,22.499770256221023,14.582012442832529,19.824647274765965,12.954817861596716
45085,-80.38356246880707,33.9172421083639,47575.0,58.17104527669089,1.6322392958350085,0.0,4.864087093902239,25.247785043615657,13.028458752003996,20.875994194266056,24.859552149084877
45087,-81.61751447389562,34.68886235346017,39062.0,19.79822616407982,1.4733222717549928,0.0,2.0465585830517963,27.54308018311577,0.0,2.2043609939427866,20.63088479299522
45089,-79.72545371235321,33.622543298183516,39211.0,12.500621632822211,2.590193957651805,0.0,4.281379047972945,24.29071308025277,17.465810236027153,22.00442813569294,21.348723427315093
45091,-81.18282501628403,34.97726334282591,59612.0,164.1859296482412,0.5074359664493044,0.0862995274994868,4.7309889474377895,11.59734626713487,21.27794843730134,26.74227136701593,7.489665525581202
46003,-98.56156794447055,43.71840404884564,60456.0,1.5016251354279524,44.43886025288216,0.0,2.262210481799962,1.1816694144975148,11.225859437726388,15.885118197586404,6.806244215764989
46005,-98.27813917911824,44.41487717472839,59380.0,5.908424908424909,18.322829039318584,0.0383252902964935,3.4566598982094354,15.3499819800814,0.0,6.9474257887010715,9.767938609213893
46007,-101.66451690694876,43.19644066545563,50179.0,1.0897519582245432,47.8323601175413,0.0,3.817070683416554,0.0,0.0,1.6135489768014564,22.068454966422166
46009,-97.88279818517069,42.99668730501425,58587.0,4.939372822299651,44.25737613759615,0.1676457471935166,2.4888098528351126,1.979265882301124,11.921291835734696,16.660243457961936,12.794205898707832
46011,-96.79115795563403,44.36984727966256,59570.0,17.039423076923075,8.831049904274145,0.474288397543137,2.793790804278372,27.520277574783936,11.774733205698858,14.295652475887351,15.864295765716252
46013,-98.35138284472336,45.593337136287104,73637.0,8.397563676633444,13.716987356272018,0.2207598280640931,3.4072519206469005,12.475974336008235,13.709443405312992,23.67136299672202,8.340036310227115
46015,-99.0834020259176,43.718573723481306,72026.0,2.406871609403255,28.329328221584387,0.0,2.2150263227818345,0.8321678117490415,0.0,7.327164585273842,9.108587679828544
46017,-99.20998751316364,44.07640075808135,37591.0,1.4336695112490303,15.196703516740612,0.0,0.0,0.2276343938707331,3.606318962155782,3.606318962155782,35.12314388390646
46019,-103.50765884992582,44.90647656440549,48025.0,1.837506387327542,5.80870124209537,3.010151530278053,4.881451846585029,5.685977057395472,21.440450767878406,25.326716616708502,10.585691431465603
46021,-100.05143595525074,45.77142533559947,83191.0,0.684526790185278,50.36542697939613,0.0,0.3518206556952183,3.5156148762472466,0.0,0.9725281845276662,3.2532072048723597
46023,-98.58871731513668,43.21444346481258,54833.0,3.205065926439972,32.4676136983021,0.0,4.109562112539383,1.8724992092184576,0.0,5.5045543655608835,16.873580390762243
46025,-97.72947173181127,44.85892589982376,88785.0,1.574221867517957,53.06702427154288,0.0,1.9594260560148964,4.351944772544945,0.0,1.8173314032142995,4.814936516253556
46027,-96.97343988559936,42.92222702636764,48740.0,14.933528836754643,17.132136792937004,0.0,1.9832824022488,2.522603631668705,11.486639401738048,15.992154428159964,31.137298743892288
46029,-97.18857814683048,44.97796035965277,64416.0,15.485191168551427,7.338885102404808,0.1011121817721267,4.309593383837196,17.81266565867849,13.714070835977344,22.979571265547435,9.981537625900597
46031,-101.19664624659974,45.70791386199879,42573.0,0.5817373984985446,36.80162700453504,0.0,0.0,0.1550641295369894,0.0,1.6667445883398009,29.761403836863188
46033,-103.45052191125582,43.6782251279834,64150.0,2.233110616184113,1.488788062235148,0.8384769489050184,6.709999937590104,0.6131772253808564,0.0,6.772409833303168,14.91128433324388
46035,-98.14581747855792,43.674960949785365,65503.0,17.70557029177719,8.133403518348832,0.0321031459783336,5.077236010111841,12.719539378342724,12.41761383944528,23.478187406988607,7.287284164830808
46037,-97.607469357828,45.36749625488502,73056.0,1.9377431906614784,43.901419502453024,0.0,1.7421722029788285,5.748899378371838,12.330628937120954,16.052820060280578,6.713241926533965
46039,-96.66889827891556,44.76042132308881,71089.0,2.65347137637028,28.438575111033348,0.0,2.563685228851784,3.1392479232745836,0.0,1.613365912609685,3.0997784419320515
46041,-100.8716101481293,45.16064030167789,56096.0,0.808212637275187,20.17450547308929,0.0,1.9504985870659692,0.0,0.0,4.803975704030923,49.11651021535064
46043,-98.36591634787074,43.3871389745576,76832.0,2.4906500445235977,37.41115682277996,0.0680660955632939,2.6865424679788505,4.61382832301687,0.0,5.464090433893156,4.695808482314097
46045,-99.21537503395336,45.418940347968665,100520.0,1.3759221998658615,54.826433024635314,0.0,1.808052377781813,2.4514254585073543,11.96003066803866,12.511096987672254,6.099560155761354
46047,-103.528345432311,43.239761327154795,55084.0,1.6275938189845474,8.712971759219275,0.6966635000143938,4.624751705674065,1.414198117281285,11.13438120735815,21.927267754843538,28.623657771252553
46049,-99.14531434287908,45.07118745954512,100274.0,0.8129800307219662,66.7586578578132,0.0,0.0,0.0,10.477239149220862,15.123723506072348,4.6139622185673534
46051,-96.76939651468402,45.17160450485318,71389.0,4.254658385093168,27.068462567566417,0.3779174631668944,4.583864727987479,9.367836823732253,8.627624190126143,12.818233203905006,4.0137930642701125
46053,-99.18448343298826,43.19500234616152,60998.0,1.4557054320087497,30.649814410133164,1.7209655216279207,3.1048253365378065,0.912275281792203,0.0,13.810430286812442,7.978774152806109
46055,-101.53924665816152,44.2963186309788,84629.0,0.3856691253951528,41.531296746447275,0.1636125654450261,1.6273606955871354,5.12808526551982,0.0,0.0,5.2169035153328345
46057,-97.1883849384808,44.673854307187725,66274.0,4.5908111988514,32.43452585318959,0.0,10.244043122982902,0.0,0.0,1.6787749776831695,9.275561354116595
46059,-99.00490528993552,44.548769190787155,88086.0,0.8374899436846339,45.50311029217463,0.0,1.4755140373806412,2.0607917496911132,0.0,5.54389047200737,5.617094822845472
46061,-97.78725452801818,43.674879233078755,83127.0,3.0709849157054125,44.90176114107358,3.043426066310674,9.01423229633055,4.904162090782576,0.0,0.3948228410348983,5.426590962647447
46063,-103.49604468528985,45.57991268245579,52474.0,0.1923299565846599,20.99136821279998,13.73362060788379,7.803840264509397,1.336097673347155,0.0,3.847039852568532,10.181985717576596
46065,-99.99211516615765,44.389839782069494,64346.0,8.625671059053197,2.964752684659445,0.0,2.4996608705522134,1.428565496277881,0.0,9.248406091595404,27.663619577043292
46067,-97.75447023976908,43.334916366547525,75303.0,3.496917970602181,48.634529780372056,0.0129636020594608,1.5857638627329729,4.415332787927733,8.730460435612066,15.259210726855152,5.123250570661266
46069,-99.48656389406923,44.54934676891304,82309.0,0.5346446133214126,26.303150247687547,0.0,0.0,0.0,0.0,1.6924812801312954,8.084087055685952
46071,-101.63272704269002,43.69420653863794,45025.0,0.5843646864686468,35.0820529847968,0.0,0.9729642709811144,0.0,9.266805517824263,9.266805517824263,24.614889271232656
46073,-98.62962510379792,44.06647245507752,83247.0,1.1928934010152283,15.630538727002424,0.0,0.7107428423463443,0.0,0.0,3.5693398395471245,3.596573076596828
46075,-100.68988465162568,43.96645723578932,77205.0,0.3556827473426001,43.04059546794025,0.0,0.0,0.0,7.040697083629713,7.040697083629713,10.936388578396503
46077,-97.49148536351184,44.36979713743238,75600.0,2.3611980330800177,43.09905281389614,0.0,3.8348943694276016,7.724557057745825,0.0,3.1751724368009744,6.723992693850657
46079,-97.12930493875494,44.02227170684377,83974.0,7.345637583892618,16.486811744112032,0.1056751273074474,3.472360359643539,18.38598026734564,0.0,5.867083068109484,11.953100135264163
46081,-103.79226931373918,44.35904388457646,71453.0,13.137481910274964,0.2816697516505488,4.999467964009622,4.983568748948301,4.269279499539727,19.60645421520979,27.886109653854913,9.073193304760114
46083,-96.72202846536037,43.27559973859762,84295.0,47.46897931954637,2.065256659869603,0.0,3.270131148574435,2.5700295563158138,64.52328014489626,71.08897687624413,2.1152041664949217
46085,-99.84813623811073,43.90070955506661,59069.0,0.8692703461178671,36.71319152025555,0.0,1.2750471903586469,0.554032960650501,0.0,0.3398613329461303,19.74825758675766
46087,-97.36849240009904,43.67460246309643,73734.0,3.862876254180602,52.07359260905778,0.0,4.720770162341147,0.0,10.409608633667007,14.63574162361586,4.9295090930459535
46089,-99.22087098740222,45.7675092280337,81818.0,0.8006002000666889,67.00493989320694,0.0,0.9776990948288168,1.3574712315467865,0.0,4.0952571314354245,6.261957111447418
46091,-97.59861410810582,45.76210577344928,78276.0,1.8638698630136987,57.57216972530917,0.1421288351680192,2.3372574879914874,10.38314836601797,0.0,0.8557704556865272,6.6123629605761085
46093,-102.71622649027827,44.56833065928536,54716.0,3.403861089537335,3.968833280635982,0.0098468765526898,7.732598581688423,4.243281087673337,22.313564298297123,26.41871809928181,24.721712814490264
46095,-100.75863212386986,43.58761100114491,46862.0,0.5325156873930404,36.52752993984437,0.0,0.0,2.0861310914475983,0.0,1.158961717470888,24.954469361099356
46097,-97.61021836031333,44.02216807906041,77792.0,1.5466216216216215,56.76450859297296,0.0,2.5032960932620916,2.4824786621330928,0.0,3.143432100478801,6.008720190595147
46099,-96.79119019499193,43.67378057005921,72108.0,96.3457899716178,0.7933282716822252,0.0524417006627726,5.420693458681738,6.051033860698722,32.48446937864879,46.538673557251336,6.334515442585855
46101,-96.67102269378876,44.02216356899831,66130.0,4.722551928783383,34.56707077425401,0.0,5.2093095907528895,13.61091795910552,0.0,2.9370861928228074,14.926031179772451
46102,-102.55194326318612,43.33751645226923,36599.0,2.4760330578512395,6.774579305230538,0.0,0.9380148952836512,0.0,4.451396340759694,9.235272306706316,73.54945327482608
46103,-102.82679878971778,44.006116821524145,70240.0,15.93265476854434,0.5911783091429534,0.1335175693483591,5.419090251266048,3.829928511417159,19.889126521901833,34.8025797113031,14.249197308249697
46105,-102.47571185289476,45.49074289472254,54961.0,0.3762230264039673,17.522748137732275,0.0,3.106297428269282,0.0,16.45187156453731,20.12062614031214,9.313081777085682
46107,-99.957106694674,45.06472626709909,82149.0,1.0528577567683712,24.920179110289105,0.0,0.0,0.0,0.0,3.8932152243745746,5.812323566630974
46109,-96.94798763319652,45.63405185231577,55625.0,3.448896434634974,32.939398771717606,0.2537853889625719,1.559078515948613,5.802253536465363,0.0,4.258732745510624,24.412015231012766
46111,-98.09133911945172,44.02358515361145,65808.0,1.6326116373477673,52.80585961647736,0.0,5.489956102830525,5.511186597313718,9.784760251518918,9.784760251518918,6.314198829825098
46115,-98.34623113640625,44.9387888307604,92010.0,1.5934543594988495,48.06120955490842,0.0,1.4587402446430704,5.322189641278766,10.69417597410572,12.039191342104951,10.404985052580932
46117,-100.73506157091283,44.41709823717988,77991.0,0.7518084310301821,24.148587139853515,0.0,12.910399482451885,0.0,0.0,0.0,9.222869157366974
46119,-100.13209691885712,44.71571868516053,108677.0,0.5333814507398051,55.41863385090874,0.0,0.0,0.0,12.70076642066211,12.70076642066211,4.61386374870038
46121,-100.7180991598414,43.194599313682055,36342.0,2.583310075355847,3.1440996053135732,0.0,1.0508851615015196,0.0,0.0,2.076474680177516,68.47270116545955
46123,-99.88508323514009,43.35533557922687,67065.0,1.301736274049742,33.68999649084595,0.3194540240316549,2.573177962512554,1.9624036495202144,0.0,7.800607446666909,9.75968345010346
46125,-97.14881063047162,43.311196621162345,77722.0,5.559724828017511,46.10224026979593,0.2551705151588148,3.2263670463539693,10.098764582401325,0.0,3.3259919474173234,4.756357754912419
46127,-96.6614559087782,42.84181264239403,131212.0,15.431797651309846,6.920243879793259,0.0,2.217897929497694,11.54023591037108,13.439453669029122,13.439453669029122,3.1271277583485504
46129,-100.03138066935604,45.43014742990267,64234.0,2.7327451997924235,19.80775791021256,3.161066146614782,0.0,0.0,16.314615289404646,23.957808174515243,8.713686682827722
46135,-97.39287390310696,43.01593637897961,67210.0,17.70574886535552,10.77732827695146,0.0486546125416759,2.506888214972598,24.35913977198049,12.953280719630056,24.708042179389015,9.617395079071285
46137,-101.66703570180384,44.982668744188686,37106.0,0.4652395915161036,50.83362995657435,0.0,0.0,0.0,0.0,0.0,13.618566241902188
47001,-84.19766936375905,36.11938169742013,53486.0,87.60088691796008,0.0680645385911978,0.051260611075975,2.6508483393748823,32.89291121713955,10.290923749876992,15.761983300809293,9.193143882478395
47003,-86.45936087138824,35.514249705227705,47362.0,42.24493106244931,7.6282916920838435,0.1016821208468064,7.509387589550282,28.423552910917287,0.0,3.5986296453076534,8.898935939056718
47005,-88.07037162259174,36.06654901824732,41806.0,14.415315315315317,0.3525769195744529,2.0338996472251147,4.478776096828986,16.633276451187594,21.158574488555605,26.13008722368937,16.63961135372908
47007,-85.20493260723744,35.59674028208315,35348.0,13.999052132701422,14.49067382238421,0.0,4.757145919926967,0.0,22.50281825537889,25.150595118712527,27.97853284737159
47009,-83.92524192756036,35.6875048025466,55330.0,95.35402455661664,0.1444395904735495,0.1030829006043301,3.7618117163991367,18.495331931186275,16.57079180561069,22.52193455117247,10.154984645653334
47011,-84.85986460999116,35.15593573038066,47982.0,128.4055619930475,2.837082806658957,0.0,4.024302100422236,27.82967014495872,0.0,7.79425409461313,7.3939703628002045
47013,-84.15177731418983,36.40627877378335,43139.0,30.84801247077163,0.3122226087861279,2.1929553605394845,3.3810432673392876,21.158792143142808,21.282429369897223,28.39957665833206,13.389074403436156
47015,-86.06214418806861,35.808574967304125,46643.0,21.56997084548105,1.0117483382284742,5.35373834183542,9.020456536301332,7.607306641933323,0.0,0.0,13.27871386613078
47017,-88.45098985005262,35.97333880527849,42328.0,18.248395378690628,1.3859739100808357,0.0503174851442171,3.684209888173936,17.42633944539219,19.609390818938287,33.31817746431399,17.897141360609048
47019,-82.12890467185738,36.293235323873304,40838.0,63.58942632170979,0.1424474961713055,0.0,0.0,10.769758924146153,22.626339485747447,33.85256944222554,15.692111291843489
47021,-87.08262921761369,36.25998822437871,57784.0,53.79123711340206,0.3633395283700646,0.3181561174219494,9.838126061716546,30.075051892273763,0.0,4.705253133194954,9.18540051598956
47023,-88.6144400317822,35.421707084072715,40903.0,23.782432432432433,1.269896419187423,0.0,0.0,13.509152895702591,0.0,10.753295259603483,19.409784803804477
47025,-83.66552084208813,36.49134593438442,42834.0,28.125,0.725525104212952,0.3517279497610319,2.471356832438578,22.83098634566483,0.0,14.34074654996261,13.656305634839391
47027,-85.54618902222063,36.55218555187202,41175.0,11.081277213352683,33.33500419385992,0.0,0.8036839132890222,9.945296026359497,0.0,2.5701176619982826,16.532162394276302
47029,-83.12532933834193,35.93621556138127,40715.0,31.06925675675676,4.409392294670877,1.3886665793596515,3.4655064534435343,18.33301805800096,0.0,6.7102231664314225,15.40483777871552
47031,-86.0742654843475,35.49129097517703,47715.0,52.8927304964539,0.5038217085020849,0.0,3.4930640295255992,25.138571071689302,0.0,7.054058452856168,10.74301155676222
47033,-89.13901847644433,35.813865752458646,47806.0,20.236496350364963,3.393157171223461,0.0,2.8529097296471666,33.43836871849702,10.046280739269896,13.352833358790289,10.836108141133344
47035,-84.99956773646436,35.955635435330564,45442.0,34.87211855104281,1.1443348130134017,1.1676840028414168,5.249436700795399,13.592236933209644,0.0,8.174865674805057,9.45363793848207
47037,-86.78530797855713,36.16939422937935,87363.0,524.929889298893,0.0036860856549164,0.2428631501294116,3.4864617150772075,3.696722354019018,18.067890549608503,33.81588199695299,5.891372949705224
47039,-88.10842991179,35.6001946011835,49075.0,12.800443458980045,1.0273135996257698,2.3657059694898517,4.755321084227761,14.808077132981628,0.0,12.612853764390966,13.635489487772553
47041,-85.83269965556427,35.97993935347051,48548.0,24.634232121922626,2.245786991970949,0.0814641454204033,3.0767673001999785,33.85157416804166,0.0,4.73665679431684,12.212603009570886
47043,-87.35482226026659,36.152351156955746,52943.0,43.452492211838006,0.6221495287823208,0.3102302530666563,6.834256993044761,21.280506989607797,0.0,9.398232653835594,10.10106247380542
47045,-89.41634273995996,36.062838766015595,50839.0,26.544128373450036,4.025172008258811,0.0,4.187627476935177,31.252736415886,10.512619200945668,15.608910861208985,12.722041432412444
47047,-89.41423711497535,35.199713526315875,76378.0,23.946902654867255,0.4623481271497061,0.0,5.187602716451254,40.328556492417206,0.0,3.4083850094823913,7.0632611370587055
47049,-84.92985958130149,36.38765271943335,41578.0,15.493589743589745,4.33399932586575,0.2151041895652485,5.620065101177129,4.076558202699468,0.0,18.640300527094823,12.497374295944937
47051,-86.09174082779847,35.155188553663066,47700.0,29.65480188045668,4.504682788443173,1.8157508274335312,4.4630371272635045,14.462692689464271,0.0,14.003525790563032,11.178947961711042
47053,-88.93107473043153,35.999403952651576,46660.0,31.96417347580138,5.070287904504809,0.0,5.384944866124709,19.25206679679985,0.0,5.935649674565982,14.231998319771517
47055,-87.0351796177174,35.2021325135997,44988.0,19.292929292929298,0.5404034812669412,0.8454607464653426,3.371200622828226,36.030184312871185,0.0,5.42874795098799,9.735405141904126
47057,-83.50937344664267,36.28034514399353,43619.0,29.645833333333332,0.5657201880918501,0.0,6.319423878419276,34.364323223276,17.61158021712907,19.703849237592365,11.092651849497628
47059,-82.8413622300314,36.177193421769275,43709.0,44.71706398996236,0.3219503060944045,1.5237437511808034,2.3911370711649775,28.617502968996593,14.160142256799832,22.315209953949093,12.065619606686392
47061,-85.72297214794453,35.38859604101798,38852.0,14.852688172043012,17.343446430179746,0.4902149998070019,3.862855598872891,7.260585942023392,22.441489430141143,26.597702036772557,15.929092523256264
47063,-83.26909819602723,36.22030817524962,47779.0,152.12820512820514,0.0247140810889039,0.1093455839969521,2.8563441466715154,32.41569628645574,0.0,6.766957842576993,8.862979098171058
47065,-85.16449540331719,35.18176504006643,62149.0,251.58032128514057,0.0894998337543324,0.0487285195429337,3.764734766496501,15.66160085776484,20.81772010279603,28.26797194027809,13.07342907351366
47067,-83.21556426895843,36.52872953347214,32288.0,11.11869918699187,2.032726270787226,0.1155463118506075,1.3581135731363714,4.877831995662569,0.0,8.937062812752758,29.309655227581793
47069,-88.99301455653278,35.20894723914466,35007.0,14.830133798720189,1.9201763306804132,0.0,2.798947615459677,31.520344316945064,13.16194342541012,18.861536223410752,18.22252964806603
47071,-88.18442626875029,35.199164673027276,44927.0,17.734375,0.8059248524965633,0.4118659769996723,1.8170151460143944,30.166534776424932,13.018065765003058,17.50791149563534,15.596257745513492
47073,-82.94278302970793,36.44334148645546,41852.0,44.41334355828221,0.381591598787182,0.7596479214103744,2.7983238426444212,29.853399517194756,0.0,3.7951844301200297,16.408089584770902
47075,-89.28418109417653,35.583776868732414,38397.0,12.595529920692142,2.141722824546801,0.0,0.6424366430390667,20.612155054565676,8.258550226621777,10.614418598848266,22.592488954082132
47077,-88.388400573084,35.65473490173816,45961.0,20.474688187820984,0.23469884745532,0.1716374897113214,5.058839543405994,17.442048420063085,17.389515012431488,24.453556851994033,13.228954202353584
47079,-88.30085944187277,36.33146111345933,53630.0,21.0880626223092,8.379116880848771,0.753700280886612,2.7266982967307514,22.3956135116648,0.0,4.980097800934348,14.432672109754382
47081,-87.47305509992341,35.80444261691748,43455.0,15.974294670846396,0.5334602322067522,0.41312857755557,10.815300003182577,16.756258685778285,0.0,8.867563950818603,14.397515772691383
47083,-87.72415570617919,36.28649531570229,39626.0,14.855595667870036,1.9820370936796152,0.0,0.0,10.392903817812751,22.69554820231905,32.24369490865612,20.616188860773573
47085,-87.77492787193532,36.04109131516014,44653.0,13.254001391788448,0.5377609232687539,0.8148915524846598,4.771315667349493,39.930998598409026,0.0,3.398506532163935,12.01486905202762
47087,-85.6732758379552,36.35930445330274,37998.0,14.536880290205564,1.4656020999671882,0.0,0.0,6.06045218043468,27.3136357244418,30.94287589256418,15.788815799753127
47089,-83.44971997033485,36.05139039878298,45646.0,69.96177558569667,0.0794022140912025,0.0,0.0,25.817042700330333,0.0,6.489177529688099,10.327107176612609
47091,-81.85482951303875,36.45694492008059,39315.0,23.867724867724867,0.6397934780179254,0.1834633408581241,4.568516573165553,17.116850316264724,17.68065085715563,23.15530870268136,15.076216445765628
47093,-83.93756687791965,35.993322288094646,63551.0,366.23485967503694,0.0078626490675265,0.1694009350599088,4.467931560949569,5.827217857674307,20.08649933007924,32.0209735359376,10.196268293430522
47095,-89.49912771478945,36.33698767936028,30050.0,11.615384615384617,15.728507599505118,0.0,0.0,0.0,14.023346602819284,20.955531196112744,33.6621858112656
47097,-89.62731196111606,35.77405381464419,39427.0,18.859649122807017,1.424844166785297,0.0,1.611890698548201,24.35828920684336,18.777231431285195,23.810568420757846,18.693218017143405
47099,-87.39586786141341,35.21817601139238,41749.0,28.5473948524796,2.846113210614003,0.5696363858012036,5.211323277884293,18.667154293144783,16.10238678384479,23.72125497323595,13.768724672052723
47101,-87.49331938200763,35.526974604079804,42211.0,17.645293315143245,1.5787521293263762,0.0,3.6375483826881494,13.296758542930636,18.282188825490415,24.431000063452707,14.140923578537368
47103,-86.58893099885246,35.140127103332674,49332.0,24.21385339609953,4.650489814034929,0.0,4.632945279926187,27.64200762593096,0.0,3.94738037738223,11.890021633598831
47105,-84.30980422897885,35.73459742454343,66975.0,91.59591194968552,2.357643602270775,0.2062193708614938,4.103851048347404,27.265110146814504,13.703679364303548,18.05571243059563,9.367527756613908
47107,-84.61599348964124,35.4255774450858,43999.0,49.12848158131177,1.279128580503931,0.1858887985206586,2.8018062855824906,40.33119282017667,13.779320781590778,19.7477917106706,8.277514091374421
47109,-88.56283496591294,35.177489368330455,38320.0,17.886363636363637,1.2750224070237717,0.0,3.8467728717757144,21.85256990474615,0.0,6.651083879789087,16.289278737469417
47111,-86.00652364951752,36.53363022931491,40946.0,32.41656365883807,10.75388287456897,0.0,0.0,11.487714143048732,23.163265039358137,28.35171615082363,12.361540653520272
47113,-88.83864369062341,35.60828578306294,52009.0,68.69480968858132,0.1664582547833013,0.100091954397129,4.19354159538231,24.971166567918058,0.0,9.701298689556197,16.305688501282827
47115,-85.62237924060156,35.12968382901729,49518.0,21.946455505279033,1.6830346477720348,0.5118736538778503,4.09860049594705,25.27950264548305,14.83878017026651,18.460878889286025,13.17482040901742
47117,-86.7652505937126,35.46852008638564,49192.0,36.89506172839506,0.9663285264611652,1.7794073315900536,6.0919217907643555,35.48432099717477,0.0,2.6180744936660054,11.691285236569618
47119,-87.07661811083598,35.61760025245107,54367.0,67.42009987515605,0.2079512906760664,0.2746160219902675,3.019394680042517,15.386664185684712,30.167557220269575,36.203635921027825,11.74037269991812
47121,-84.81307223656493,35.51217644409078,40507.0,23.60320284697509,1.3529895053403402,0.0,1.5529616022570494,40.02263250089135,19.972716985226867,22.169929777240384,14.325752995706026
47123,-84.25589761155241,35.44628686375539,42458.0,28.88794669897032,0.5267319192410232,0.0,2.0589182572416034,39.27587529402341,0.0,5.3985083610462,8.890356910256402
47125,-87.38246405043179,36.50095077432495,49976.0,162.13094417643003,0.2604250112520958,1.5074480739813587,6.078682836819717,8.588011107654827,0.0,7.640739931900788,16.26414646013751
47127,-86.35699747078107,35.28350888086527,48807.0,19.63450292397661,0.1963066495561546,0.0,2.015459148652547,0.0,6.5804177485086335,6.5804177485086335,11.496208164632304
47129,-84.64915974906512,36.13539123044284,38518.0,15.616519174041295,0.8918560928669309,0.2338961246971426,6.20384047267356,12.144547805062835,0.0,6.216043748744715,27.52220106422737
47131,-89.14908323806812,36.35578379330181,49177.0,21.520198440822114,9.406900537612064,0.0,2.588964280028821,26.70568280696281,12.14316630427347,17.707313736183295,9.78340160305446
47133,-85.28784863204041,36.34451963645166,40372.0,20.473731077471054,0.5603980559387028,2.29936521921241,6.341308413914626,18.751814433138588,0.0,7.726560412499188,13.458363724336152
47135,-87.85809262093122,35.64594217623148,35813.0,7.98348623853211,1.6782668817699928,4.623185065683337,7.705001152339248,15.94560958746255,0.0,6.411615579626642,18.06176538372897
47137,-85.06592317785696,36.560367062250066,41542.0,10.78646934460888,12.220896826330204,0.0,0.0,6.792560608860739,22.8468383707711,27.479377026595653,11.796956816361732
47139,-84.52505039355266,35.12013856836356,41729.0,15.68193832599119,11.922822317638271,0.412569816003579,2.0454393625614147,5.91059907647522,0.0,3.868601169690087,17.996789324199305
47141,-85.49650833531446,36.14110162005526,48634.0,79.88684719535783,0.1891562168322091,0.0,4.543247268630725,14.936562271525863,15.40554193386485,22.67767072348016,17.50640134968805
47143,-84.92334511068248,35.61033604483501,43329.0,39.144827586206894,0.2211403014031376,0.5131504022335894,2.3444308425608265,9.571311567573042,0.0,2.268315894218007,32.01747418346747
47145,-84.52178066365218,35.84791739166608,50756.0,53.750972762645915,0.2815305828295754,0.0,0.0,4.41518990754217,10.147446664659087,14.348808120824716,12.97246361316779
47147,-86.86990410864482,36.529130538406235,54089.0,59.04620203602192,2.1876114904348896,0.4053638432675155,7.380328473888172,26.157685919911422,0.0,4.507565971581473,8.647813249677062
47149,-86.41677565624836,35.84346090947581,52042.0,224.31474597273856,0.0480254524701605,0.0374211062771739,4.452295928045772,22.839059630711297,15.64994169521435,19.985921200955804,9.441662054526647
47151,-84.50503173208128,36.43604855625683,37283.0,15.332637439109256,0.4855140779809809,0.0,5.248787820872127,20.957729920547862,0.0,5.799508222260411,18.22452496550971
47153,-85.41100776829497,35.37167590879176,45485.0,24.413544668587896,0.2990866335284293,6.684474752330496,3.9099320550497816,14.406460469518931,23.36295290438644,23.36295290438644,15.282905724523122
47155,-83.52598891988625,35.78610309862216,54323.0,64.4922077922078,0.0343508877965209,0.2069749695081518,4.5130264716140855,4.99353513806976,0.0,2.910756331387301,8.435161767523999
47157,-89.89595271406121,35.1886866355592,58667.0,454.1948565776459,0.0307129626961371,0.0063799693324658,2.7881701540317043,9.918880412229887,15.747024830723328,25.438017281255192,10.29902898788738
47159,-85.95643594531693,36.25081438365847,47843.0,24.213947990543737,0.8180404922624578,14.350692486628514,5.566259339495365,19.90770649615691,16.58041496693368,20.10961993704044,12.19550334543977
47161,-87.83984386955184,36.50581426102016,48563.0,10.590771558245084,0.5533775417224751,0.0,4.124664622864565,5.1796643657737045,0.0,0.0,32.83817352537318
47163,-82.3042874246593,36.51483203111868,51657.0,140.88528896672506,0.0401007056286019,0.1173417247842065,3.4904236918779072,32.73896691280879,11.314637289864692,21.324694218111414,7.014943256194107
47165,-86.45977637639001,36.472975442605005,64969.0,142.5702306079665,0.2151084515247367,0.0130312725237127,7.052935384157827,12.281881898715772,24.32582385573457,31.54966452502228,9.467311943360777
47167,-89.73051682279618,35.50861001463318,49909.0,51.44277360066834,0.4851466122543925,0.0,10.372339753071437,17.296440698965103,20.46174579455321,26.947097211370952,15.70920533300969
47169,-86.1569987506404,36.39204310366498,38270.0,40.4180602006689,0.3907703059656348,0.0,5.962628832085248,13.050600997215762,20.06643095201416,20.06643095201416,17.795830029946533
47171,-82.42989539352988,36.11526833144926,43486.0,38.52516411378556,0.0905860708116231,0.0,0.0,45.00217687456989,0.0,5.3924694184233815,11.368060334536466
47173,-83.83872250672367,36.289119075710175,41274.0,31.75658914728682,1.1187078548870732,1.0640394550991774,7.070524582009638,18.161640145844967,0.0,3.3594083612149994,16.43829509673726
47175,-85.45250064927,35.696043920070316,34753.0,9.091549295774648,1.283737657969663,0.0,0.0,18.257879751577615,0.0,0.0,32.53217669291863
47177,-85.77830298190273,35.67951494918027,42472.0,37.345777777777776,8.320286096091822,0.0,3.008134906800372,25.865453931487455,0.0,7.744209994346997,11.183091011034591
47179,-82.49717155554966,36.293506746536195,52922.0,159.4608187134503,0.1073800356087206,0.0263409072375088,2.499629580991973,10.21232124012583,17.066534145358162,31.60610236122496,18.088967179918733
47181,-87.78832568549548,35.24140753926993,36548.0,8.570901423299947,8.284082017642582,1.4935099735254085,1.6129135985079903,6.608786992079059,0.0,17.498740581154806,20.61566824228003
47183,-88.71573754331344,36.300596391585586,45569.0,22.54744027303754,15.9619112555442,2.919801219706605,1.922656219268383,14.781472108717722,11.442841004059938,16.994873146786453,21.167989499232934
47185,-85.45556712439944,35.92685642756946,41258.0,28.6046986721144,0.9104373084120734,1.0989332133750682,3.966033163172117,21.090458203694563,15.165779330369864,22.81061380153239,10.787476607616444
47187,-86.89807244992623,35.894140877300245,121528.0,173.43236074270558,0.0181944517967906,0.0523116540778289,5.497171806299085,2.753447879877436,24.21905131490419,35.42630068000386,4.057478866478805
47189,-86.29831472424489,36.155074467701446,64718.0,105.03896961690884,0.1542078004058299,0.0,5.186627482756258,10.412939227234668,0.0,5.050429958285877,6.64257866364464
48001,-95.65149071045072,31.811558125593496,45353.0,20.66955266955267,1.0003107784703762,4.360518861481879,2.72154842898514,9.555784735432509,15.048210252522354,21.455472571325636,15.775035977061776
48003,-102.63744488281256,32.305140739669056,55070.0,4.728957528957529,0.5824288473844758,79.82153859093528,2.7964772172628933,0.5285030071378237,3.1670173334918728,3.3817716890083025,2.6524330732500108
48005,-94.60900688565246,31.2700977759631,49084.0,37.51784946236559,2.0766312687869175,8.80795830822,4.360596296120883,10.934740112759368,15.620184941520291,27.909037602563973,13.332397318220536
48007,-96.9949735109172,28.12908706650675,63888.0,35.2725988700565,1.6146094134427589,3.7999735540916375,7.548681064512842,1.1032495951825092,32.251002018126286,36.585312982990075,10.47008685963509
48009,-98.68770880036996,33.61548050866877,65481.0,3.6939115929941617,14.473541681209936,21.98942293110462,3.823535783663555,2.358055687280798,0.0,1.4664429610978584,9.443295693346846
48011,-101.35740273763524,34.96516565230071,67808.0,0.7848689771766695,32.573570379374964,0.0,8.565061034290634,0.0,0.0,5.704553512637391,10.526515727093146
48013,-98.52707516894972,28.89384590909703,47125.0,16.09829329962073,0.329370001959956,48.63218199104751,2.502413424116224,8.745080327763082,13.425138809929308,15.611646277848724,5.3413062559118245
48015,-96.27663014316138,29.888561534264394,62237.0,18.06220930232558,0.5613638297201162,0.0,5.5741110185993294,16.962316690453136,0.0,3.428071346020937,6.031327399621265
48017,-102.83490167757532,34.069008428228436,51051.0,3.134949679780421,53.38986784140969,0.0565345080763583,0.8291116005873715,4.594162995594714,0.0,2.1328928046989724,6.4930249632892805
48019,-99.24552199714078,29.74676500916874,59469.0,10.679054054054054,0.5345207918308776,0.0452286823856896,10.55287952518107,2.152679696638892,0.0,7.464788442838141,12.47222033769379
48021,-97.3116072833432,30.103614985323947,45679.0,45.79956989247312,0.1801882792713001,1.5070166325934904,11.846005891218889,7.06222072758995,18.102817751791893,21.888325442118887,11.812681880839332
48023,-99.2134269604704,33.61667040123007,65779.0,1.4899271324474923,24.43414442468005,1.6968273216239855,1.576832560831851,1.7226008441884932,0.0,12.626068439265328,7.666144154269321
48025,-97.74134151092863,28.417706376090575,35359.0,13.594298245614034,2.652579387222848,9.53914399298742,4.713337010097376,2.468163304666854,20.351322389000913,27.61192008347482,24.228394225674577
48027,-97.4782059206812,31.03787116796449,49901.0,137.625266146203,0.0815861244119831,0.2848386260673981,4.966751629018338,6.038491072616991,14.216939980409734,25.618893910838363,33.906567843680136
48029,-98.51996577710028,29.449416752391095,55474.0,634.0522273425499,0.00543483644235,0.4328444956529405,4.4467414548593975,5.624235131199986,25.31948647002902,33.77919926237358,16.011964722039735
48031,-98.39977558671453,30.26667282508289,74760.0,6.731060606060606,0.8025208095701994,1.5753428010554502,12.56749545950762,12.29465796589205,0.0,3.1200077021110637,8.023249931872217
48033,-101.43180443195646,32.74393239490503,154014.0,0.2476555839727195,1.9706578839924875,63.796213585266095,0.0,0.0,0.590652984566809,0.7300886598091204,0.9831019303242282
48035,-97.62400104610748,31.904910975589623,54489.0,6.85018315018315,0.4204920210181219,0.6893736677400336,5.480520658533266,8.433424256364072,16.770051119908256,18.96956778085174,13.542564288629867
48037,-94.42323966552172,33.45028176523029,49155.0,37.4546568627451,0.5393460197983648,0.1293460242083895,4.057288866760365,7.514174921865388,15.626040490200705,29.49973561901973,19.97216392414581
48039,-95.454077254331,29.19217000253993,57099.0,102.59720390398311,0.0666051296296856,2.402858783796026,10.853518461946992,29.82270546774301,16.15505815150591,21.336992360674937,8.489336830964893
48041,-96.30348179040514,30.67130485408257,48173.0,168.17961165048544,0.2454361287553716,4.942097962102046,4.948146529208769,5.311132734217228,0.0,8.552262470856986,24.36461715276912
48043,-103.25431498258692,29.8174799166714,55018.0,0.5901484650226472,2.6001807474203766,1.564756239261915,4.533383651296515,0.9655090224742532,20.47451163437379,25.5848966661039,26.150179257743833
48045,-101.20864277336932,34.530543841605414,74430.0,0.6168664383561644,35.2998816964019,0.0,0.0,0.0,7.349760405339197,7.550518026361387,5.064947480372357
48047,-98.21846481999118,27.03163468683942,42584.0,2.85012285012285,1.6828111606189422,0.0,0.0,0.1211202747733383,0.0,4.65347606411768,38.14645021049768
48049,-98.99857167547458,31.77902696377346,47576.0,15.71644844517185,0.3145797733769596,1.3466412186283752,3.985057746227184,26.788437394914084,16.88939409423577,26.030305850327395,13.0922849167848
48051,-96.61422163846908,30.493942282551128,58471.0,10.324517906336087,0.718016712361808,56.16061824724452,4.176277982610054,5.3855436048761005,11.131908035304114,12.78020950751722,5.035946147352366
48053,-98.18125365953526,30.78794074003524,64314.0,19.97644376899696,0.1607503650065627,3.4388042532481897,11.469808918449914,8.329810262132883,0.0,9.321145145617544,9.700694618549708
48055,-97.61973065843422,29.83751578763689,43372.0,33.84180790960452,0.6794620996430195,8.048958651324192,12.050659448144389,4.303000380031524,22.320388379757404,30.727495592257327,12.690560889149166
48057,-96.64799750438462,28.487713106587854,57667.0,13.535665294924554,0.6121823719953421,0.4347971638707096,4.346234229836311,69.6078244420375,5.254496498909246,5.939967862173473,2.656455787605579
48059,-99.3736251443544,32.2978571505344,52090.0,6.116109682947729,0.8245255068572894,3.41648095293949,10.070028193733084,4.773168601999192,18.971037346921932,21.240220163080544,11.753832653469043
48061,-97.52343565118822,26.133111291859915,37642.0,172.32658842573858,0.5546585058223861,0.1121147288516233,3.0755990851525454,7.6420723124650385,17.782987011188347,32.81353798484265,19.078347748327847
48063,-94.96738998056992,32.97699674662331,49530.0,21.90721649484536,16.82300680743048,1.1095727087419716,7.343179108495828,2.559901542248375,18.195069420406902,24.239260028460443,11.661666858966962
48065,-101.35437485250112,35.403776842257,55413.0,2.4254697286012528,2.756132833793227,0.0,3.523280050251295,0.0,2.2620002260385665,2.2620002260385665,2.4433692662895767
48067,-94.34317202991942,33.07767615537129,47381.0,11.444043321299638,5.925517333600776,6.553131064213202,2.834489861869262,32.57335160855369,15.025239862267242,20.08053513920528,10.576863379992457
48069,-102.2616240964195,34.53025684627023,95420.0,3.137398024903392,70.15850347147,0.2379865684292886,0.285625947792288,1.8517311077785747,4.916531180131539,5.339186071212985,4.784444953906535
48071,-94.60364128340196,29.737957435239025,61625.0,31.34329268292683,0.6995902156228534,6.72670686322177,9.441097727238004,18.33254096570591,0.0,1.626615403926249,8.151560604739766
48073,-95.16724272917608,31.844920146394056,44945.0,19.10724852071006,5.737352262363962,6.87680148661622,3.592560511070096,15.287362503447069,18.09673761429678,24.050468515248916,17.76387380697103
48075,-100.2076000184128,34.529456605261615,47930.0,3.7020585048754064,11.226465036442097,0.0844879123464646,1.3341603880027164,0.9753541273414648,10.369554406472416,12.59431364265891,23.713564587800587
48077,-98.20541263900978,33.788641270755534,54104.0,3.5830485304169515,1.510225959597366,12.111044593258802,3.289849221045011,4.4189510908154315,27.894802790037172,31.590140197975693,14.376905620449136
48079,-102.8306928101502,33.60539873575053,64552.0,1.2578895463510849,26.165669067667647,0.0,0.0,0.2226843867302425,2.9725068479253323,3.4371512630617835,5.63990057826925
48081,-100.52979473252724,31.888735520347364,52621.0,1.3916839916839916,0.8520504274742791,8.83474444697456,3.1693129360134145,1.047881259444801,0.0,0.0,8.838056596352494
48083,-99.4544507969258,31.78359430794299,59124.0,2.448769853628153,4.2140745427568165,6.658008369687081,6.369028457676099,3.968756128335202,25.781004288447097,25.781004288447097,15.412878661738096
48085,-96.57248605973982,33.18813263089919,82805.0,506.84843205574913,0.0057536584415906,0.3042503342328827,4.272592820309029,7.591928882490613,25.787691982138977,31.976366574587303,5.835973767899605
48087,-100.2696599353824,34.96486807933589,55010.0,1.0838926174496644,19.056958811640666,3.838074093248773,0.0,0.0,0.0,12.688045718381936,14.773847333260322
48089,-96.52630145536972,29.6209461945759,59721.0,8.30067433558112,1.150513349030232,14.52389777283583,6.635539520897941,14.66193448722427,21.66918652555457,27.399532292858265,8.013862334820361
48091,-98.27822906375116,29.808428573284292,72778.0,124.19287634408602,0.0231528656733778,2.4696755815673663,9.302175022696492,7.452339860925195,24.48110796986277,31.070158170682205,7.067549408325076
48093,-98.55822616314222,31.948176592721243,54503.0,5.665444172779136,21.988188943750796,3.138399523977638,2.841217039346431,4.2890078944795,14.575201422763218,14.575201422763218,9.796082760266716
48095,-99.86224532129948,31.328420694858913,43796.0,1.300038565368299,17.134825363058155,4.889617296546335,0.0,0.0,8.101243840493193,10.70397464562485,6.854509012235802
48097,-97.21181906704874,33.63841117421531,60392.0,18.554741379310343,0.2022839865067017,10.713797211476448,3.4997475510284364,33.254657313603694,16.62020089813368,18.73604448010128,9.0601211105445
48099,-97.79928420116174,31.391079749729553,38145.0,30.761139517896275,0.1810367998618803,0.0024524085594944,6.570002530885634,4.175519861566442,26.800656460723204,31.074076471984664,23.82421724023598
48101,-100.27889201887022,34.077921919502174,99246.0,0.5640256959314776,33.40531156290802,13.638320157252108,3.995867827883553,2.397520696730132,12.337690287960744,17.891731351421154,5.910584386702441
48103,-102.5157875105356,31.436066029101955,54874.0,2.3226299694189603,0.3249562421392767,82.61666842783946,0.4670948037987305,0.4682071234539749,0.0,0.4184705445837581,2.502401418684269
48105,-101.40521311399166,30.72044866236339,61379.0,0.4098861427381283,1.119379976413822,71.3605216707647,0.4169974641004493,0.2887572550621642,2.4536177035078657,2.4536177035078657,2.649398398298095
48107,-101.29992911714643,33.614904533801244,55203.0,2.145610278372591,24.968893568147013,13.375765696784072,0.0,0.0,0.0,1.6600066998468606,8.299435298621747
48109,-104.517393008677,31.449092095140728,84634.0,0.2182792437569507,0.0351292587424088,94.27399128842754,0.0,0.0,0.0,0.0,0.7155848144860729
48111,-102.60282685947504,36.277916812718495,69397.0,1.863403382880574,41.907541342241366,0.0,4.239295950763757,12.879013096532177,8.115265822612452,8.115265822612452,2.709286941366297
48113,-96.7778563854686,32.76679635719284,77402.0,1110.79983000425,0.012506587819326,0.6533675004834298,4.026678569308697,7.172450184961796,23.44326705281317,30.066765330808614,6.460103558340963
48115,-101.94768266859968,32.74273586510268,57093.0,5.210188356164384,19.88574596960507,41.93828602152344,0.9850209605739586,0.8660623524568817,7.403241118009292,8.589718817470786,8.686834743306477
48117,-102.60837587518154,34.966209988156464,66897.0,4.710707896754409,49.32528122607438,0.4566133994406967,1.3648436308598415,12.774141097860376,5.109875038970624,5.9933826709671845,5.3599636499717125
48119,-95.67218928063916,33.38746562899317,48347.0,7.482044198895028,21.56660514602106,0.0,0.0,0.0,0.0,8.803914574189246,18.066132109124183
48121,-97.11721467181914,33.20456898220421,74224.0,394.98589846897664,0.0326853236487929,1.4190652911982853,5.611254217418401,6.471506935898772,32.07117219072707,36.96385599601696,7.423673333910075
48123,-97.35657717116128,29.0823999027199,75852.0,8.393296563428086,0.0965408696029768,79.15065746446234,0.9045588087972748,1.8201829648502863,6.718208457429648,7.186647839705208,2.8375283251939862
48125,-100.77887653103669,33.61676656513678,55138.0,0.7394456289978678,8.284980944232714,20.15711285680952,0.0,0.0,8.521428015866842,8.79598662207358,7.720308003422261
48127,-99.75670818725082,28.42278691674745,52835.0,2.423199305756436,0.1716412296292117,88.33643655786574,0.5519978183391167,0.3529212627302733,1.8147280917049868,3.586410697661297,3.295130758597342
48129,-100.81401826817604,34.96563440907983,48742.0,1.3544251447477254,18.50340476667334,0.0331714400160224,1.6091277788904468,4.389269977969157,0.0,1.351266773482876,16.53377228119367
48131,-98.5088999405381,27.681991059571946,49926.0,2.083440860215054,0.6102179095525407,36.311142512949026,0.0,0.0,9.362435381964389,17.39413316525443,23.81806814311783
48133,-98.83219606585472,32.32718435659952,53846.0,7.415734989648033,0.3753875916433886,11.153373290302753,5.479732234064672,20.635921496307144,17.30704038185122,20.848588398014808,13.264335240781422
48135,-102.54275504555255,31.86936425047513,56020.0,69.12671232876713,0.0637329743786121,28.96248906586123,5.4336245972396515,6.193115540208621,15.668738281891075,18.528267684294462,6.954982568924445
48137,-100.30509291587528,29.98331451231375,69498.0,0.2597189268114619,10.621366960435028,18.5331895743484,0.0,0.0,0.0,0.0,14.957575473467092
48139,-96.79349165388132,32.34939018285132,55184.0,85.8779797979798,0.0442121445174152,0.4460890642552693,7.926402167306561,23.806004015659443,20.994302498999517,25.45942884300367,8.435522758477514
48141,-106.23655896338134,31.773442259996635,44748.0,336.38792102206736,0.0508046590773843,0.0285000176918845,4.195153281415694,18.843699169339217,14.02834347131931,20.688958441227022,22.272763826207793
48143,-98.21785726050976,32.23657562864081,50935.0,15.561105207226356,14.18133145064786,2.583105644498295,4.530945394006244,11.454402618780536,19.820492556962783,25.1809026028626,13.556552663069835
48145,-96.93572572410706,31.253439630588204,44405.0,8.462075848303392,3.901431211449691,6.2672501380011045,5.695245561964496,4.671637373098985,0.0,0.0,23.8843910751286
48147,-96.10707770455672,33.59784256682016,46972.0,15.672138047138048,0.4350938562921057,2.1892449318376177,6.5498574065403385,10.53233601752139,21.522054584079836,25.41506885890406,20.401428643291915
48149,-96.91936643039573,29.876634294566337,69211.0,10.075403225806452,0.2574106264363729,20.478165331528142,2.949487384223731,3.845090924148709,15.483120902427014,18.640238155465397,6.754519651696731
48151,-100.40209686731912,32.74312119406096,65008.0,1.5577910958904109,9.641109378927188,56.55118713007423,0.0,0.0,0.0,0.6628478308366339,4.152039386467391
48153,-101.3031907063403,34.07274601945323,51378.0,2.0428015564202333,36.23094591772812,0.0,0.7162246815619128,1.0121110879097932,0.0,0.6813531008561287,8.216537899352684
48155,-99.78013203878386,33.97954711425367,75997.0,0.5973003374578177,25.663379246251377,4.791727352170113,0.0,0.0,0.0,1.365597214708779,5.209937164495859
48157,-95.77397119352086,29.529969476013942,69262.0,393.5325991189427,0.0116032965358953,2.5113794963943765,6.338010410383597,13.73226151440631,22.756962931666443,29.176460347209694,9.442650430945138
48159,-95.21817829700444,33.17536639023131,57330.0,13.946264744429882,29.499350153417392,4.931297147374486,2.9176101724438253,1.9011362266021732,0.0,12.546393686438975,5.961504964291935
48161,-96.14950314317989,31.7037499296623,45792.0,8.736244541484716,2.882586695090336,29.373108314301422,0.9754876114208078,2.936599735381491,9.682707430121576,12.117076669014292,7.683922345285548
48163,-99.108220627529,28.868078687512178,39097.0,6.199387546784621,4.904639254185207,50.27427901985404,1.8170374217055405,1.37142767784481,7.5853346894708,9.629575090682463,8.359597094251772
48165,-102.63354660280284,32.74086629219814,54087.0,5.7135121196493035,12.967368230924263,59.52337265884449,5.827793962219611,1.775674694507483,5.109562412036217,5.542625885449919,4.4834659384562014
48167,-94.96433522852654,29.393401712803552,61684.0,340.37583254043767,0.0084159063218993,0.6639159981352484,4.10733167102047,40.188176618875744,16.04243871182863,19.017389242674295,13.84860614693228
48169,-101.29843005398855,33.18009495400434,47701.0,1.949612403100775,4.260412465116889,54.223192882697646,3.1195584806540153,0.0869003466176089,6.658862031762896,8.334563055219432,8.654290745604975
48171,-98.94635441867072,30.31812134116816,88235.0,10.033478893740902,0.3703398796088208,0.2851273027977003,9.379711419959772,7.373068893784704,0.0,9.60757980308338,6.4517040672263954
48173,-101.52075651390626,31.869684983388986,130570.0,0.4905741216795201,0.1428484615903295,96.35707287186176,0.0,0.0,0.2885064427486508,0.3010140076402283,0.2356458523582899
48175,-97.42772130634948,28.658377450106915,59531.0,3.2267389340560073,0.8064538205270693,9.566031486190916,5.942737946307586,0.4976690582885987,16.27772013917214,17.841627361395883,9.676898355611645
48177,-97.4923876623003,29.457120541434847,65517.0,7.168892096715987,14.943152984119152,64.40187255280813,0.46108470251924,2.8347386014982283,3.791290906805347,4.834114727613869,2.963331114080461
48179,-100.81253019560596,35.401395765053465,50111.0,8.718737017033652,5.416102497355215,14.83176702454792,1.9028569842361585,32.776900466654126,10.87399721796418,15.501753422798506,8.59130906814137
48181,-96.67741826435112,33.63406961441821,53822.0,54.71248568155784,0.1752116592258087,1.6491417171287444,7.50784305624102,17.16685304755838,19.47970143339997,31.240767032663346,9.66663775984546
48183,-94.81523756897204,32.47994110299915,58096.0,175.025069637883,0.0102251545506966,10.510840759142294,5.782282992047847,12.128604786042832,15.9197275080125,26.916818367730084,6.849041098416274
48185,-95.98762191987342,30.54901674575268,43169.0,14.892874222859875,3.3129719520462277,4.207084310619216,5.649177629790211,13.640578722416974,17.1775862881504,18.77737457812064,11.524565976313127
48187,-97.94836295312966,29.583344219484538,56029.0,98.68015102481122,0.142087450972812,1.5172606796699897,3.528680117085371,49.485284910257235,14.731486064807072,17.003179256089375,5.3098619128818285
48189,-101.82684660009264,34.07076399396485,45110.0,12.296196696119862,21.635349718604093,4.626650989166543,2.6685236132832566,8.444445712850603,9.72459731275471,14.557985821755956,10.592244203700956
48191,-100.68107111644846,34.53095295355889,47251.0,1.2040990606319386,32.160455458566425,0.0,0.0,0.0,18.195821960381593,20.71273500346819,16.497761442765903
48193,-98.11066989260398,31.704934123661555,70950.0,3.8384118190212377,4.476243057252588,0.0618473968279827,7.989476891700682,5.593719924817702,23.523431112559244,28.48329064354479,22.881123269404245
48195,-101.3545038808464,36.27809884422718,83650.0,2.142797319932998,49.14078376148367,8.675547469729175,5.141740065950021,1.411569534705397,5.764504194036508,6.166706026759031,6.915422450413572
48197,-99.74847849402728,34.29892388440842,60929.0,1.8566137566137568,18.362496647894876,16.003285063019575,0.0,0.0,0.0,1.0022794314829713,11.19401984446232
48199,-94.39779703338006,30.33206734409307,53708.0,25.549712770658417,0.3772642840183796,7.009736828629023,10.884624516417368,14.665996284968086,20.647174387694772,27.711030572198712,11.048728369715509
48201,-95.3959929505058,29.85901593539061,71328.0,1053.8800701600526,0.0091020725897792,3.628198276721694,4.752316844011572,15.309251214467777,16.254012846152545,22.046027920453533,6.383702141284001
48203,-94.36905788388216,32.548697847733,48614.0,29.46865797223391,0.1229058517150284,34.72428921451223,2.1528570392468342,29.136555233529375,7.864067479441989,10.18457801097939,3.928587570757206
48205,-102.60533571280028,35.83990021033462,85752.0,1.3697192337969035,73.83698962014626,2.301773486010333,5.125267477737972,0.1513433999931299,0.0,0.7873291830083189,5.5115063416723755
48207,-99.73027284657675,33.17852123004963,53668.0,2.295165394402036,20.42889131571944,11.492699624657003,1.423366707351767,1.0711958666385235,8.606045867097379,9.700872741288649,8.609487275964282
48209,-98.03117554790558,30.05847305831881,61230.0,153.0244179443498,0.0446069555149412,0.1159748659437883,9.480080347232644,10.293658434146206,23.908330453540255,29.37672158991934,11.106439968282716
48211,-100.27092868307687,35.8376561762847,79701.0,1.3587786259541983,9.308104675727492,69.61326641511278,0.833272276562748,1.4584936073561197,4.192463152238952,4.192463152238952,6.241986298860681
48213,-95.8490203350832,32.20878963744076,50784.0,34.79127212844792,0.2200366026142393,2.2780209505083007,7.429145250357672,11.952716397601804,26.417792942249736,32.84829071117393,12.363540153995556
48215,-98.17820324802716,26.40006231417198,33794.0,219.866320731406,1.2297000534741929,1.263311793258551,3.881828581123425,3.4110400509890733,17.292688581929024,30.87852818297767,19.965576255238
48217,-97.12033720138987,31.992878037197936,50805.0,15.307629204265792,3.3623218066239744,5.178030894918282,10.04306095046608,14.474785006381705,17.37925579504426,20.69324811487345,11.823784745029116
48219,-102.343075677764,33.607889662248084,53147.0,9.021249468763282,5.57726256325762,60.167871013298814,1.5915734965281865,1.2420383664822878,5.686524655760857,7.464893491820643,6.44792279628104
48221,-97.83228230651518,32.429976854358856,63410.0,58.6858407079646,0.1070844192014641,8.16552111723397,5.78806050689319,8.519847762945869,22.99222153699246,28.72501467165337,6.156219537668848
48223,-95.56393187817244,33.14995988576146,54532.0,18.39280505590666,13.638787290842266,0.4194746068289342,4.037236897715783,13.17009385460116,12.991541851162976,17.60883870311951,7.380149475444976
48225,-95.41962129269092,31.32040059318176,51118.0,6.700061087354918,1.9224752362909965,5.7108671509958775,3.363858909606016,18.8726796378877,0.0,3.30824585953536,11.24947997070645
48227,-101.43549993735064,32.306461605343614,64213.0,13.127668659265584,0.4645620125255201,81.3019180679048,0.4787264641711377,7.486015556514753,1.7940318056323314,2.7227062864945117,2.937375065764886
48229,-105.3855004097609,31.460427743029314,37083.0,0.2937074829931972,13.379018558963484,0.1941358317770814,0.0,0.0,0.0,0.1429641587271441,48.69011067852583
48231,-96.08554419750944,33.12441911570917,48064.0,47.56003505696757,0.1436453962888811,0.0,5.2565261018354414,36.29583864621263,0.0,4.676743562676354,13.383083411300015
48233,-101.35469996623875,35.840292221241086,50432.0,8.704055220017256,0.023487415072453,3.3058795639925616,1.0344589493841028,88.82442092762055,1.42768039623649,1.879453517703596,1.3668847010734473
48235,-100.98246143085063,31.30426853585132,79291.0,0.566813509544787,1.2337121015583112,90.9622096542659,0.0,0.0,0.0,0.0233833169027482,0.6878707691243363
48237,-98.17244184576896,33.233768335109566,51165.0,3.672399328859061,0.4714008065606351,36.38722635490424,4.645009735260604,1.7772776032824245,0.0,1.455987668084673,10.65980311774135
48239,-96.5795895673341,28.957518275418103,51945.0,6.9075170842824605,2.865825714428626,0.0,10.537408225037414,0.0,16.761274920003192,18.593597281122378,12.495319155839328
48241,-94.0247292226733,30.738182016102172,51162.0,12.6775828460039,0.3326106946891889,7.567417988027881,3.390001780038539,24.295815976662062,0.0,7.14393982381505,12.16504766072621
48243,-104.14183052896186,30.71545657517599,61280.0,0.3245449906446674,7.814746354487574,0.2133680198991351,0.0,0.0,0.0,1.608817690148559,24.338787339403485
48245,-94.17198269855528,29.887109443686494,48392.0,105.65590947191951,0.0219805561872192,0.6039972390717946,6.607854985379777,45.63508580492387,9.641412798139667,15.142747059282014,6.860400366730976
48247,-98.69717810579246,27.04390230362855,42576.0,1.6176570458404074,0.9335819090042268,17.40029696253813,0.0,0.0,0.0,6.1996859597440235,38.31101370486857
48249,-98.09103085436848,27.730859909602163,49612.0,17.301339285714285,5.128513409344547,30.23516688334848,1.9882761715199555,2.5743525432308982,15.440650275550238,25.5246384481747,10.182875616967912
48251,-97.36474633121432,32.38117640853381,53116.0,103.9691980881572,0.0848605152269061,13.848134214000035,7.22505527856721,15.28093071216462,18.206609746061016,23.01242377208045,9.203136972789071
48253,-99.87859154768988,32.740162217230534,42156.0,8.370828182941903,14.271159128254045,10.169714431697765,4.002884253457552,2.1580504381555894,14.136772266421575,15.65705198458708,24.04058513460605
48255,-97.85911707767455,28.906180640986076,80495.0,7.708354689902614,0.0394883370382414,93.37846195450604,0.1299296741950335,0.6601703416593386,1.3538395908905445,1.471180988846235,1.3351380972944251
48257,-96.28724270817888,32.59970913088269,50243.0,82.98992322456814,0.101166900102102,0.0,8.054509598560319,12.95525105045946,0.0,3.735746238364594,12.342638887157172
48259,-98.71155185777296,29.94486149657675,104398.0,28.58158508158508,0.2584175137800879,0.7512784239985274,10.891860636276428,7.140799823496848,0.0,6.612732167531803,7.568679140137266
48261,-97.71897237759164,26.92893244317968,36422.0,0.0975476839237057,2.18792746995283,0.0,0.009103388137327,0.0,0.0,0.0,1.600519372249519
48263,-100.77760752240438,33.181588976707744,68631.0,0.316082121471343,6.045091170394324,0.0,0.0,0.2098593044429746,2.305594342781085,2.305594342781085,4.922303062965957
48265,-99.35019726066724,30.061642081915902,65058.0,18.74695015684908,0.2916677981314395,0.3010291803573904,7.477743492410134,8.163303953361737,29.46602247017578,40.29088887396149,11.3416004104716
48267,-99.74875341429868,30.4869560258548,55112.0,1.369330453563715,3.0947121546810656,0.0234530529875371,5.1051296735662275,20.610324797512884,20.99757288172571,20.99757288172571,16.162971447271538
48269,-100.25578334103656,33.616671314551944,132961.0,0.0985200845665962,22.228665874097487,0.0,0.0,0.1138110012468466,0.9909531127671296,0.9909531127671296,2.966335140777685
48271,-100.41582649444804,29.351936889031975,41942.0,0.8954415954415954,4.389870091957379,0.5210918114143921,0.0,0.0,0.0,0.6896803386366954,36.3085680922493
48273,-97.72964187986192,27.436774665043203,46410.0,13.316134674245736,3.2172649609834147,4.039002333569115,1.842101907435842,5.162956034237682,14.839729332986284,26.47254512054523,33.617497192741105
48275,-99.74062334769854,33.61209813066974,55027.0,1.4465464144302684,17.840266638045815,4.969295433910488,0.0,0.0,0.0,0.6938622776203308,9.705659676797094
48277,-95.57272356930186,33.67223398012267,50924.0,20.642827952595013,0.3638646748665535,0.0,4.5272971440471474,34.09794365559854,11.40112418170019,19.003518537887206,7.384398324434829
48279,-102.35165255804144,34.06891942833371,62644.0,4.847817836812144,46.53128115641013,1.8336014855665896,2.0087771196493014,2.1682207270898743,0.0,1.8783846779712057,7.187026772434788
48281,-98.23912165112704,31.197128533337125,59726.0,12.432624113475176,0.6602659963011905,0.0457476439963341,10.62110301319482,9.495410986334203,0.0,3.78730495379488,13.040328423086212
48283,-99.09965860797504,28.3455407288402,48793.0,1.6953488372093024,0.099268723872951,94.93025356544508,0.0,0.0,0.0,0.1417053220952388,1.9269590521201423
48285,-96.93022552874712,29.38462420480734,67772.0,8.224920382165605,0.3167537334262525,46.714903032060136,4.131244211306013,13.031501900102224,11.952486339732635,15.814997091772144,6.482676986223583
48287,-96.96579699400851,30.31083197241856,55811.0,10.934875228241022,0.4597949333875705,23.861718360662373,20.123306012324814,6.001143221784062,19.359198163904846,21.75639736692696,9.25951809249686
48289,-95.99911656021156,31.301862344541423,59322.0,5.845821325648415,11.98481817111922,16.41000745361108,9.278372759012983,22.184986858106782,16.591051743752697,17.31287513239967,6.91028206033502
48291,-94.8121510513824,30.15196637965725,42271.0,33.67038373237127,0.2341349067641353,5.739898785718876,10.26689859014574,7.545944137954389,24.2070131282787,28.304546764439415,16.986805378468574
48293,-96.5811558662032,31.5463135198511,48241.0,9.217751970136872,0.6309209053476951,31.38378093464936,1.1423114307656124,4.228961037856955,8.3108469994134,11.03352121536722,13.068371490672492
48295,-100.27404402732444,36.278113437969985,131393.0,1.1841559518871838,8.955570598924004,37.59646560017102,0.0,0.0,0.0,2.6736024512773007,3.4387715110271846
48297,-98.1246346366396,28.351792348517808,48311.0,4.138412017167382,0.1532731808811215,66.63188523378358,0.0,0.0,4.415716378432966,4.415716378432966,3.066945313248565
48299,-98.68298944617209,30.706144148129315,68221.0,9.02588610115492,0.4228494344713084,0.4294346309496252,7.066913578276035,1.9130993526552311,30.725129907966892,33.56225205737502,7.691709038082391
48301,-103.56554649836522,31.853345975864688,164064.0,0.0287637698898408,0.0121029974392074,0.0,0.0,0.0312040100644182,0.0034524576028508,0.0034524576028508,0.026836069321935
48303,-101.82042749225477,33.610480263895084,52416.0,136.50257289879931,0.8377926104696607,1.1324015009583603,5.555117939389397,2.9937893829667037,18.874300566928746,29.36873561542233,17.930835501144795
48305,-101.81615904967931,33.17706178528509,68503.0,2.485306828003458,28.40040786011909,2.5325511818292443,0.0,0.0,0.0,1.7852272393492703,11.228951354708224
48307,-99.34729463547934,31.20867604848888,50278.0,2.599375650364204,2.350789512657826,14.86098606216898,3.27135868581463,5.644950856745238,14.642832795394334,18.17583435396778,11.948357855985932
48309,-97.20185628544787,31.55270771626001,51582.0,96.8901018922853,0.2552377861837244,0.2872710224889394,5.719026209555313,19.909195339559783,19.301766420195808,30.46855508856775,10.770582211079647
48311,-98.5677685955506,28.35306221605661,113557.0,0.1905874499332443,0.2032113665595596,0.0,0.0403380094690595,0.0,0.0,0.0439799554668375,0.6514473277797498
48313,-95.92341460542016,30.967560864226517,43341.0,11.118174409127954,9.003702233587479,21.84627688693653,3.262657905648378,10.427343112502747,12.888760349358638,16.286286389680374,14.049895307503771
48315,-94.35518267650998,32.79808507184369,49626.0,9.01024208566108,2.082897528613693,10.45849825995061,1.704460557522148,21.66870872306727,0.0,4.817532525747569,8.442703338558461
48317,-101.9512229397218,32.30621128782711,106446.0,2.203204047217538,0.2932862349672441,97.73030849636636,0.2140600729587343,0.2334930246214674,0.2158710290276628,0.2289149783353299,0.3824663233406339
48319,-99.22601902375264,30.717869693104664,57729.0,1.6459627329192548,4.825636464863379,0.5046889799932034,8.451732789599648,4.239965872034591,29.72748241180596,34.07662885114567,16.704626797683346
48321,-95.9835369526956,28.86199742795346,50846.0,11.917654808959156,2.774460091210554,2.717517351018277,3.791323928926469,4.995635638662894,0.0,2.512938977612172,6.585673111208967
48323,-100.3080814058368,28.74952135429752,39166.0,18.15164835164835,0.9464330307912282,5.4070395735681185,2.1031648688726383,3.8268813853732273,0.0,7.390380973217621,26.82366148875467
48325,-99.11040240020006,29.35558339109191,50668.0,15.58596694694114,2.342164480108691,3.1303160248517528,8.647306075659152,1.0386504196209967,23.94316364511244,26.743868438557012,19.82090038070168
48327,-99.82065607300198,30.88996511474054,48087.0,0.8464499572284003,1.9218449711723256,8.518447980331388,0.0,0.0,0.0,0.0,22.61024637706252
48329,-102.03158441382024,31.86935723907684,146427.0,73.93193493150685,0.0353003673885178,65.70156524649461,2.0689366135470033,2.941472570823918,8.796069358740807,10.405920270391446,2.488077358538171
48331,-96.9712995302018,30.789824490526232,48048.0,9.482070240295748,5.57792073523619,17.749609844734955,9.950201055585142,4.021342734794919,22.496393013130703,28.106773742290752,11.488758561179004
48333,-98.58534426045296,31.496808892540383,55131.0,2.404698344901228,0.8617177646180773,0.0,3.0769581754006303,2.9485478882374223,0.0,2.3641833073144976,9.536582265691964
48335,-100.92125400095055,32.3064574658968,40454.0,3.7753898019384744,7.0341665757013425,43.09379131341799,0.0,0.0,12.017368312532597,13.220051183155649,17.709614428313262
48337,-97.72568601271549,33.67710564748006,47688.0,8.647299509001636,0.5619504197360883,36.00275823337191,4.838684109813015,5.400068389694443,21.44424541483332,23.83528047700679,10.421275988650027
48339,-95.50342099714852,30.300352249593175,74822.0,244.28561176892717,0.0125454045983454,3.495298651382924,6.068649251968652,21.86572389930661,19.69885322289542,25.59835525291726,6.64243912729823
48341,-101.892940989568,35.837938869042645,59543.0,8.98343949044586,6.371344117298648,2.4279985705734854,0.0,0.0,1.903430673061192,2.1714893335883763,2.5433445252354905
48343,-94.73199096169144,33.12007281708605,49292.0,18.70278637770898,6.551669692902819,1.1721120120899071,1.908446018337863,60.34386313142135,0.0,1.144932276218295,5.4396688808941125
48345,-100.77981670875164,34.07434419947766,49181.0,0.4030433086227077,39.79915540199228,3.348083489927461,0.0,0.0,0.0,4.071447333858681,15.303792608757147
48347,-94.61573433003124,31.626810891269052,48753.0,27.013715710723194,12.98004587654643,15.246369012675842,2.6066466636227252,12.04229447959472,16.47185441262801,23.6473485095558,10.689887591590026
48349,-96.47010212659688,32.04981330161884,45504.0,19.199088678583948,0.2622183097898117,1.0260780687813496,6.693016505081895,24.13220804950146,19.054694623490743,25.25350395739913,12.86395960479181
48351,-93.7469775384314,30.790085473662767,43420.0,5.059069962295768,1.066145115663463,12.431161947489674,1.0489016204225123,0.8806610317202639,0.0,0.8627961492634232,6.506700884389355
48353,-100.40616881406004,32.30383517547873,53809.0,6.111580726965342,2.4148630568074863,10.573250383470327,3.4085797761137377,9.856269035760905,9.211042965819509,11.122884382573998,10.687209846228194
48355,-97.62431572236076,27.725869310987147,54410.0,155.68672566371683,0.1241438744028788,2.086335246982886,4.66783492815682,29.616914105301873,14.3889998842928,22.815354479183178,11.526000477385034
48357,-100.8156700597255,36.27890279132843,65600.0,4.081478370432591,22.695258245823545,44.32283215860365,1.5811039430245286,0.6827710640065422,5.482071851053795,6.066191582618328,5.429803952110836
48359,-102.60490181575354,35.40499248779124,76613.0,0.4514973125159969,26.95726438635247,4.034762943065304,0.0,0.0,1.9688345396510345,1.9688345396510345,5.846625093634746
48361,-93.91265933758046,30.13139953982103,49866.0,86.50914634146342,0.0215430625907433,0.0,6.955552900388177,43.81406345608655,0.0,2.0466110610249992,7.076966463224524
48363,-98.3130264988535,32.75345100371573,52731.0,11.478056426332287,0.3184362092430501,3.8130042118767458,4.165719192378573,18.48143346354741,28.04690761362055,31.27589998744243,14.080938627423697
48365,-94.30700487830748,32.163428784853245,58253.0,10.777619724988146,2.5389655650877963,78.81211020975918,2.543374020464578,1.8934620575216068,3.2474673220705763,3.928055633487927,2.2119678796284465
48367,-97.80514376817568,32.777804243704544,70032.0,70.38565973695376,0.30949174438321,5.3752941865338055,10.02985627357286,9.904532886812564,27.973019910415857,33.598516352586685,8.840724950420928
48369,-102.7887618828529,34.53023238480715,72387.0,4.144635193133047,46.63718722872706,0.4403624416108211,0.0,0.0,3.472446099804817,4.318341347198119,4.537379363326451
48371,-102.71713296572229,30.78722345373979,45712.0,1.174661354581673,0.1299751549820169,79.12939541157967,0.9035365400187424,0.3269510681305078,2.279183685499599,2.5880819177690695,3.782727015068855
48373,-94.82728499440532,30.80034703756509,48000.0,18.35908934115212,1.294915078319384,6.016969920628285,7.479393050001586,9.242119769698052,26.32794097719757,32.04968156171706,13.222699214932144
48375,-101.89405110895753,35.40147688209086,56720.0,48.2195224130708,0.315953864084988,1.139656596067261,3.868724342007253,16.80773456282426,13.61176910943228,24.70879811681406,13.674311997178355
48377,-104.23752071546608,30.00218061322905,61699.0,0.6046794287450623,14.002995293110828,0.0050144415917843,2.474125481386393,2.143506632434746,0.0,1.5424422336328627,36.27814773213522
48379,-95.79710928618026,32.87461709680686,42208.0,19.96583850931677,2.701384380537961,0.0119312898075202,10.977488463495517,5.262049725404874,0.0,2.773323039671539,13.418139069710316
48381,-101.89688492467496,34.96610114671794,57502.0,61.231574539363486,4.786961310700291,0.3022685492568016,6.783445846110153,5.972874122573043,25.134247763496735,30.54756431266143,8.128725106787995
48383,-101.52308866331248,31.36658088860771,69198.0,1.0380952380952382,0.5582954278938426,95.65209850281624,0.0,0.0,0.0,0.0038928435082691,0.7145680417975764
48385,-99.82294839945072,29.8328642181666,58224.0,1.5480505216913785,1.6981172351961746,0.0939247747940058,7.093455150920036,8.207744524612561,0.0,7.135080903385561,15.54561755539427
48387,-95.05114893716456,33.624274591292576,53726.0,4.163016157989228,11.452618485389372,2.89734890047379,6.16407186234306,14.66523737529517,20.456901303048536,24.927060631955783,13.080291454084858
48389,-103.6891964146349,31.3349888546741,68688.0,1.6584333098094566,0.0972319012733541,94.88347791646792,0.5618695938063009,0.4537038328177719,0.9638713494933944,1.0009102721963568,0.8121809358670486
48391,-97.16155011313528,28.328831669654367,57370.0,3.1966346153846152,7.356046919925702,44.74313630696419,3.643309694046316,0.7698822639918286,15.040148015135928,15.040148015135928,9.765836565409096
48393,-100.81337379770996,35.83871312771972,60659.0,0.3359799414960301,2.7368367392454105,0.0,0.0,0.3186073037538312,0.0,0.0,2.153785373375899
48395,-96.5058293190244,31.03004894730618,56495.0,7.860091743119266,3.0236135842326606,14.266539176580514,1.224782852230542,0.5134267797056623,4.686630634423008,5.18265258878874,2.6414235465803255
48397,-96.40771888705342,32.897874434465365,73363.0,320.87792207792205,0.0188460984818484,0.0,7.079672748483786,29.960411631164508,0.0,8.542124209663424,5.803803443286251
48399,-99.97621880936153,31.831431270855205,55948.0,3.6169590643274856,21.628278539340293,4.6375270010179195,4.760026069196716,16.046506051933502,0.0,3.274561390124657,15.610566307524971
48401,-94.76178388681188,32.10824067756141,45979.0,21.64485596707819,3.606539673016349,20.01625918704065,2.8276586170691465,10.265636718164092,10.101694915254235,13.272716364181791,6.119274036298185
48403,-93.85070931074894,31.34557943943997,45737.0,6.619393139841689,3.234386636876264,5.145458257491453,5.7478800217389425,26.800435929066634,23.54477043273724,31.206885148793862,11.874178679157932
48405,-94.16612461225957,31.400071265475628,57021.0,5.285522788203753,5.712667409432359,81.19292860260504,0.0,0.0,0.0,1.486943212882773,2.2570840320691
48407,-95.16430453255666,30.58106709531276,45099.0,17.056456456456456,0.4193895965099777,3.521120591481683,10.003591639364368,4.24952257476742,0.0,2.334784589239098,16.295530599015365
48409,-97.5168311265798,28.012092139461163,50983.0,39.021727019498606,2.6012141539493543,5.314023142713399,16.124769411370117,16.811054838168708,13.725950025155123,15.796156297165856,9.490444407177597
48411,-98.81862049412612,31.163831778177947,44722.0,1.9217931937172776,6.7343377220111345,7.88802244411063,3.188234514447292,2.754153044092958,25.971436776530883,28.24014756560926,21.70959618273394
48413,-100.53853910091284,30.897671742525215,63105.0,0.6924889543446244,7.533724291913302,27.20599933072572,0.0,0.0,0.0,0.0,9.582691031176113
48415,-100.91645833653423,32.74650629807857,52226.0,6.918297872340426,1.6170595473154814,61.92657145148821,1.432622092219581,1.6220512619225185,4.287029562896457,4.646049036556417,5.631763346650261
48417,-99.35395375928124,32.736208392735314,120544.0,1.3500632644453816,2.1836788552326776,45.24323373310266,1.5901826818754947,3.8251766706741344,9.909392135589243,11.39870392634079,5.3810515203941
48419,-94.14724204290536,31.794555046926263,65241.0,11.191755442334411,32.00472328777192,24.35249420831498,2.046371196841857,12.506171269470627,8.28968918077939,9.808317106299604,5.338939900418317
48421,-101.89338605697914,36.27799435353827,120771.0,1.1626254180602007,73.12307564283931,11.655340120015165,0.509833291725611,0.6940168095198469,0.0,0.1274120921287435,3.6779377363549783
48423,-95.26924889692316,32.37802918814032,66367.0,97.1327185244587,0.0923022500116082,3.52181798125129,4.528607658536965,13.52193070862845,16.94559535219656,31.648070228082375,9.564891112063629
48425,-97.77484066943832,32.222253577873204,58958.0,19.77979797979798,1.687938605491033,0.0,2.2342277905129304,0.9557422509365712,0.0,1.2250760689222544,4.088492047206702
48427,-98.7356929145657,26.56511236801735,32680.0,21.0,0.4119171079482028,9.682130573688411,1.6311624034244507,0.3479103979420039,0.0,8.283458636504243,36.232444004827094
48429,-98.8362214416879,32.73605896084546,48278.0,3.927105152911604,0.3243728692720222,34.08436057973526,4.349983948762085,19.39107708730101,13.039316670244547,15.46000090595944,10.183181059933156
48431,-101.05000063259162,31.82814491866812,66900.0,0.592391304347826,2.5913559389674483,21.7288787197531,0.0,0.0,0.0,0.0,4.142444760751865
48433,-100.25336148365663,33.179344388778716,95125.0,0.5109060402684564,7.607255448439713,45.51960067620048,4.44670352263901,1.4449216429844198,0.0,15.928404989263036,11.175012564536026
48435,-100.53824308961548,30.498487384231044,69650.0,0.8598354127953278,3.783966472894417,41.23935379207787,2.6602000811139654,4.790793564958768,8.875895633364877,9.537312423955658,10.899351088279031
48437,-101.73509844894384,34.53057486515713,80178.0,2.979854264894985,72.29242228938291,0.0126251015073747,0.8083182273734021,1.57782595752043,0.0,0.7405167563152784,8.713969752750636
48439,-97.2919167018136,32.77064843757459,64177.0,929.7505376344086,0.0203063722683363,1.8220106007822563,6.2955861260900745,11.298661697718169,20.316506061224334,28.922291933017014,8.45602267844896
48441,-99.8902553931564,32.3016230424574,56245.0,61.07514693534845,0.047002458391622,2.655820715474307,4.267874834341847,3.85058872133372,18.40972630657333,32.239240753700315,16.960626555556154
48443,-102.0787380120846,30.227873182096943,64130.0,0.1150589407272123,4.188531704636848,0.0,0.6402242377429707,0.0,0.0,0.0,14.914676583241096
48445,-102.33516801843692,33.1741025064464,53626.0,4.966204506065858,30.868065897553,26.315866113328433,1.4299424819470092,4.239788725402594,7.752559851207614,9.98603416665012,9.64198486924406
48447,-99.21237334740894,33.177801275231744,57197.0,0.6507802614930409,11.86574903365702,0.0,8.033374186857735,0.0,0.0,0.0,12.071273687187706
48449,-94.96730532640385,33.22255040506696,52083.0,29.336772983114447,8.48656013250762,1.1210125190676308,2.54066173546553,32.444017273662205,8.868297851899385,12.70014678478092,10.235937989611967
48451,-100.4620853869548,31.404871509805364,61530.0,29.833542241163197,2.1913083019358193,3.074665454073015,3.761673379238664,12.173665064310772,15.992048850201376,24.69156814343251,15.056528517604262
48453,-97.78138283440322,30.335102354919897,88096.0,502.6571105243305,0.0039105499464996,0.3218781270805498,3.898077756850398,7.292005211151382,18.16468906854488,23.641359182450863,8.74061125144044
48455,-95.1352248699839,31.09224670226297,47262.0,7.652268999453253,1.580306620293951,0.3968278138837962,3.5163268910992405,8.603214823026367,32.83986185641107,36.7192115826212,16.007723371726858
48457,-94.379180640707,30.77825685381148,42729.0,8.305036555645817,1.8353290531901731,31.560938576432328,2.697467811093239,3.686849939891637,17.604189102285034,20.49993049731842,19.139358222931
48459,-94.93815222391972,32.738719573951634,44901.0,27.53856124432923,1.090768094325685,10.211257307872645,8.377555573794773,7.873775810458053,20.25741825135591,28.77988126269473,13.676394144456488
48461,-102.04306188285298,31.36916201410126,79723.0,0.9822650902302428,0.0829126745487595,94.36866475208556,0.0,0.0,0.0,0.0237975429404334,0.622534679124897
48463,-99.76240258161933,29.35790191448722,52727.0,6.162128712871287,3.140912722477307,2.748965878135072,3.430738118427627,10.276900513407488,15.526398000624804,20.494470828006303,22.966824968037823
48465,-101.15030955353848,29.89960759177931,48184.0,5.7910846592979475,0.2934893807094896,0.0,2.147092302815481,5.984247572116078,0.0,7.311523803348606,37.44038356243336
48467,-95.83393340689796,32.565116785960235,46541.0,27.794871794871796,2.735378980622948,3.4557404951644424,8.487530002767897,17.037263924618763,23.70270303766406,26.725671864293947,11.142881929997571
48469,-96.97147441320072,28.79963852688017,56753.0,40.03866432337434,0.3346319022855268,10.110554032197308,3.859226665394142,16.075685821476394,0.0,8.182749851291218,9.68778934411343
48471,-95.57180233122,30.739058448821236,34220.0,38.41241578440808,0.2240726253200265,1.1566700236138907,3.995271458888922,8.764513754118743,16.667567135342605,21.96815798686901,41.708304338241966
48473,-95.98318880951965,30.011240451740576,52125.0,47.63028439661799,0.3774714135138015,1.8146250538961632,5.014852999121993,51.324757532550954,7.968004877687385,9.080011598434949,8.214403917624805
48475,-103.0925202965882,31.51623067544929,63477.0,5.421495789995047,0.1090886509802685,88.79410235425729,1.4795646463794525,0.4487000655273375,3.314552537261143,3.3906643471039604,1.4982125958928167
48477,-96.39566992464025,30.215781545983926,70576.0,21.916867469879517,0.2802739870568373,30.029575578824662,3.4929204518048076,15.617683043251066,16.605126768630917,19.753899027252995,7.728245086019776
48479,-99.32416383880128,27.761698387038244,41588.0,31.194883720930232,0.0891774946148097,32.29344777029472,1.9566388116151063,0.758619430057978,11.123743021088996,16.217438446470197,13.816260367863215
48481,-96.22207488613682,29.27822860883,53293.0,14.742947813822283,2.8937160359355016,8.678137795153736,2.8826075582590893,7.882821672046364,16.632528590550415,23.011677893154253,9.158431058964393
48483,-100.26988233165751,35.40137747807255,49799.0,2.0257383966244724,3.5116239946684265,72.79813783152487,0.6515648556140045,0.4189555551241984,5.518243168921585,5.518243168921585,6.092001992869667
48485,-98.70344846188289,33.99096654281341,53496.0,77.80394500896593,0.1593558199874742,2.76934418895947,2.9115934508365395,13.808413706719156,17.208725060391878,29.490374876979512,22.148054039545496
48487,-99.24085744153868,34.08463269825169,64798.0,4.880933852140078,4.365752422091315,5.4477990060852965,1.660687142060198,16.13263796836055,11.602393174641357,13.348550839607142,17.18438601968381
48489,-97.6731315657943,26.47039637314652,34955.0,13.171223958333334,5.824712427048855,4.291653805834385,2.945640284536135,1.5360456532283415,11.96363217403302,17.093077339948422,13.67463255950239
48491,-97.60100079962918,30.64858813446989,69000.0,229.70381731424675,0.0342652222597456,0.9091416903310106,9.009610142727894,10.46912759555866,23.140116385150648,28.754818147785667,6.742910996931956
48493,-98.08644688548328,29.1741370652312,57205.0,25.213569039655997,0.3375403485490769,20.238643755860977,7.44850300140566,9.439367186581048,21.09750652952763,24.327145093609932,13.113708986150709
48495,-103.04838084492982,31.850543435669117,68046.0,3.347846012832264,0.0263306219309538,86.12842105701016,0.0,0.0,3.3990212329636096,3.4254350480128286,2.4007454103396566
48497,-97.65443777771424,33.21603635582488,56323.0,31.35203013813311,0.1425580316838312,26.43136587699487,6.195374478956568,8.397934943777162,11.647521722148587,15.715433679186344,9.50979154603888
48499,-95.38292564395778,32.7891957064229,49503.0,26.371139809096015,6.294401832100236,24.226092336946476,5.301904161840552,7.917249887757451,16.228056109956196,21.461011277074977,7.526900483303213
48501,-102.82724534605867,33.17401622678648,59605.0,3.637814313346228,4.062510388362934,81.61598311967569,1.0578546521494945,0.322069869285963,2.6140357937059204,2.923718360327039,2.2048348972011347
48503,-98.6877053683839,33.17680702503859,66796.0,7.464952301949398,0.2110330411963715,14.068811253234417,4.229384802480402,25.87828654082037,17.811572532030088,21.95572406404796,8.969296829880673
48505,-99.16797011967894,27.002805151619647,33747.0,5.090474439132034,0.5351373543009121,49.468135111174576,1.5617395236480254,0.469926042280254,0.0,2.339158321879704,12.44131874408725
48507,-99.76074062404987,28.866497197373914,44256.0,2.7839762611275964,1.2452353773097284,67.19773101684142,0.0,0.0,0.0,1.7172437001405467,6.642978271341001
49001,-113.23148610656764,38.35787044848167,43766.0,1.1013189448441247,25.994678617348487,2.120608278462993,4.145717032802223,2.5368175796950823,7.1958648219639185,7.984668191848653,10.110464899466075
49003,-113.08504129610182,41.5245958378331,47677.0,3.5184233076263927,2.7402551331264227,0.2043546665436444,9.056001069020208,40.91970735571807,12.192557264962703,16.0354940161912,7.977881462839617
49005,-111.74364661764334,41.72377246704694,48905.0,46.00393056010481,2.0601063381403004,0.0,6.935485801287755,20.96910490926707,0.0,7.103818099130292,12.799368714857057
49007,-110.58527775105703,39.64806582040674,46746.0,5.309025084044479,0.3661065452258779,19.198203926418355,3.771614585838691,4.195881869854634,16.293228078430413,24.127785702603592,13.769226934456782
49009,-109.50608032229154,40.88654139939805,49186.0,0.5346377578001058,3.820673180358031,0.0,0.0,0.2062421639105888,0.0,0.0,11.294355048110807
49011,-112.1113299631482,40.9905949739137,59140.0,225.73065204143813,0.0901076739308618,0.1255149822080191,7.123623927469977,18.156734595941863,15.81023923247526,22.336089559617054,20.78262502679126
49013,-110.42484800965924,40.29896646869516,48080.0,2.391505516668644,2.914543831731974,36.736288656993906,4.251574920281813,1.2274687330641287,14.386740918052295,16.188131218049456,11.260479407832442
49015,-110.68882131581162,38.998144519503256,40693.0,0.8555461473327688,1.2791891104348938,13.790228992661122,3.75815344971309,0.2729041977760731,3.9519255752715656,4.532960142572998,3.4009318872379244
49017,-111.43803068411324,37.85550531812521,48273.0,0.3887740029542098,12.182958029156833,0.6522793939260272,4.401093932643744,1.1617520566374804,13.920072340707089,19.14271851084008,13.249046117200766
49019,-109.55318386388186,38.98260710102156,71523.0,1.0489787188535986,0.9758455794556372,5.492669800276084,5.826882641085231,2.1518227938050054,17.617990878750284,23.406547962280197,12.935399884673854
49021,-113.2846634615332,37.85966827648216,40473.0,7.366396046593717,2.64134371962096,0.9593028206242136,12.74427782534355,10.30239633670674,17.195057394758763,23.802891459574383,16.011400326313687
49023,-112.78213366048796,39.70290635255703,51184.0,1.4286525789593274,6.423329722960093,7.130173685136362,5.325613993939441,18.99926649311798,7.057265535023018,10.795716673839472,6.8559107046644625
49025,-111.88887729581948,37.28650925443379,51114.0,0.7746319365798414,2.748005099390906,0.0,9.061051041125644,0.0,0.0,1.4380282355163132,12.420416450257331
49027,-113.09663982310158,39.075530829320215,49363.0,0.7566278739710474,11.854173162403203,5.425540407623472,4.380724720852783,2.1999647535687012,5.737712325857776,9.388052664795897,6.068260588615402
49029,-111.57225183570004,41.08998183727194,67437.0,8.113564668769715,0.3006234624893253,0.0,14.277270624298122,0.0,0.0,2.367690009314232,9.593047547422078
49031,-112.12751800805005,38.336686153156705,63504.0,0.7517623363544814,63.67469100816355,0.3788443755033857,0.0,0.0,0.0,0.0,7.749903051636189
49033,-111.24574113338456,41.63310683436234,47047.0,0.9509025270758122,18.30891475937805,0.4313508091127478,8.03991446899501,0.5823499907605395,0.0,0.0,8.49607982893799
49035,-111.92397695311917,40.66770895133031,67745.0,569.6392737697086,0.0120869450306995,1.3334412881814912,6.431865511990946,8.462648788199568,26.536699487210285,32.26951033700044,9.016320381649091
49037,-109.80437831732264,37.626713827382446,36393.0,0.7065947536160824,1.7834262561900474,23.210670964939062,4.898519425651745,2.3020837596451407,15.40153062991308,26.7569031031302,20.202614852336083
49039,-111.57621619341724,39.37487130393048,42656.0,7.166385745244401,19.960655974490756,1.4180177110914511,7.200537565615897,13.014378781230103,13.66686788744092,18.4572306421821,19.157840034979444
49041,-111.80468973384144,38.74805432554883,44102.0,4.441425120772947,6.048711882295609,20.785684887752087,3.63723131074151,15.498127728554728,0.0,4.990051585307656,9.883901495544675
49043,-110.95176486435996,40.86901737009868,244112.0,8.795676998368679,0.518075196859969,0.497140409004765,10.813014366240925,3.2367352207694053,27.873837501894233,31.716746146521064,4.804805085712896
49045,-113.12938046571789,40.451118443476695,46829.0,4.245050687330821,1.8359515137539384,1.7310798658553557,11.733433602770727,15.03299821652103,15.408310931216905,20.640657078156917,18.224863760493133
49047,-109.51576463361384,40.1284219086154,38767.0,3.18385880740233,1.130733081167821,26.04366229470616,4.764495423359696,1.3651323868939431,14.616634736618034,17.890774672102964,10.798578703476284
49049,-111.669936065566,40.120676872828966,54261.0,126.96162853539904,0.1873462128960695,0.184058435231885,10.555142003562272,8.897439042205804,16.21213844037115,25.728124179064388,7.010552648854941
49051,-111.16862105048877,40.331546876970826,86659.0,11.77275641025641,0.0784468851490278,0.0,22.756877146596175,0.0,0.0,5.868834138531254,10.918738612915888
49053,-113.49896601521644,37.28187653429141,51717.0,31.960271317829456,0.0678693498816842,2.415770229044883,13.218497394460831,4.2600671687891705,22.85626903637064,33.987216994226046,8.740841332920017
49055,-110.8920072746489,38.324454475233495,52725.0,0.4066749072929542,14.57595898084444,0.0,15.619308145409056,0.0,15.935474558913487,22.50417545861313,16.6963359061948
49057,-111.91267816472582,41.27007943916461,52944.0,157.51488616462348,0.5126574595783173,0.1993816812902875,7.043698291818298,21.029179889746224,16.650045676344963,25.016411446286547,14.577257354070236
50001,-73.1401793613962,44.03174883932495,61845.0,18.008137865007182,8.053079874200247,0.3734802961519497,4.421407566450518,11.49788925928618,15.606860054649424,34.87829600658465,8.150759336270756
50003,-73.08990457686062,43.038563891751856,61831.0,21.56203115983843,0.5804792942166515,0.0,0.0,9.466340176913889,0.0,16.4317096247135,9.953543507529655
50005,-72.10182090871997,44.463740245714035,51588.0,17.85055458260362,3.268637050003366,0.0,4.739692035432276,8.178565589143336,21.241984526202547,35.78834340233934,12.340154243340647
50007,-73.08077870627423,44.46158080532403,72056.0,106.08234560199624,0.3921628321456231,0.0706462562682752,2.6853664054218487,7.119152902731399,17.899332618489623,31.03793254097989,13.37996330553534
50009,-71.74211267071402,44.73569630753865,46338.0,3.5963963963963965,7.029103012716566,0.0,0.0,0.0,0.0,0.0,20.6617165941225
50011,-72.9128594123923,44.85361026100004,55889.0,29.1061388410786,7.477115687973517,0.3116836950070303,2.2078917549823367,14.990771686932456,13.7101944690427,22.131049980480093,15.998585997086298
50013,-73.29325474374963,44.79607081656054,71124.0,15.512396694214877,6.038465856586436,0.0,6.057897418624936,0.0,33.471081517561814,33.471081517561814,10.949469302450105
50015,-72.6411502949405,44.60608696355416,64487.0,21.777870216306155,2.4709028511520095,0.0,4.397676050377724,6.40164576695525,0.0,10.972553259454012,9.814468988978168
50017,-72.38341856929212,44.00678247845708,56388.0,17.110475100171723,6.336956307716542,0.3227203811999133,7.534900663555634,5.899738121960344,0.0,13.715714651387165,15.642979502628624
50019,-72.24386906640838,44.83107487838436,53594.0,14.612698412698412,5.5291087213557795,0.0,4.347235516018242,9.183745284612352,19.403609031023027,30.568872811215584,13.104414165869038
50021,-73.03682061091794,43.581925130372895,59243.0,24.675521046178996,0.6628348090812086,0.0,4.15782831954826,10.714580177137716,0.0,13.095454748512234,10.16933348643974
50023,-72.61437102917286,44.273811007309675,70251.0,33.44357976653696,0.6251607795827401,0.4559703557607284,2.826821485279892,5.265392055535999,25.354461510368537,37.13883415682048,17.930528508045523
50025,-72.71629122968274,42.991505836627894,56438.0,22.591445427728612,1.1787932135256984,0.0,4.003207590870143,8.933112023362453,0.0,13.294800369579562,8.25433611826546
50027,-72.589975403063,43.58100419775458,68330.0,23.33038940184665,0.3525229010403445,0.6599980306656079,4.4333511296120145,5.735340127235864,17.364109151713727,26.405702758784543,17.111588689757262
51001,-75.6466424548347,37.77721066369255,54927.0,30.197632058287795,9.675814940409673,0.0,3.375413049350219,18.758591402410577,0.0,5.176339512482601,24.33012940728411
51007,-77.97588136597938,37.335962146196266,54041.0,14.444564047362755,26.22730974826576,0.0596803939374081,10.91893764217976,9.084292120315675,15.130969209597543,20.704883962590927,10.39819694998081
51009,-79.13751694994514,37.60985334104357,44920.0,26.614864864864863,0.3822975240983975,0.0,5.837074037586988,21.12855489435355,20.703616492567253,30.86401340982085,12.970283719376813
51011,-78.81080545285603,37.371261772275545,45929.0,19.413953488372098,1.0612120118675328,2.3233902654157648,10.726886376393232,2.735095421377596,25.481366770908508,30.91797971293401,16.94280731296608
51013,-77.10009450215054,38.8793061180465,116839.0,3440.823529411765,0.0008433383897414,0.0,2.0322187392058004,0.5305637880133598,16.495176836721328,20.05201200932765,22.97649457634199
51017,-79.74061075126721,38.05838903152784,73729.0,2.947939262472885,1.6805021259364246,0.0,6.747678824516242,4.175223440256848,17.131504353107914,25.645735111213952,10.448905215052209
51019,-79.51601424273306,37.32496355503014,54784.0,41.05589430894309,0.3337325035827165,0.0,5.849006717671909,12.062821906719469,27.523951259182343,34.52590144323644,10.59786569919048
51021,-81.13033012977209,37.135335298302536,43948.0,6.564567769477055,1.3160388284095934,0.0,0.0,32.01659261754859,0.0,7.464572234739214,20.204249226169168
51023,-79.81249713997141,37.55717580390835,59862.0,24.11032531824611,0.2201331367200224,0.7735432420805534,5.530681871871448,21.32761231701161,0.0,4.476206225148766,8.477705691756416
51025,-77.86148129619507,36.76383555978948,42244.0,10.648757555406313,2.5156977501306965,0.143152912222824,1.4270939298258196,3.2842127910948884,9.226993147155907,11.081658497734278,6.708653154742919
51027,-82.03463968312509,37.26888118161891,45961.0,14.42462686567164,0.160435981789785,57.48260392782375,1.0651646562323465,2.592828897085701,7.763931811384707,12.533612468015818,8.358887448908384
51029,-78.52728844380317,37.57309499594609,39790.0,11.136393442622952,6.479492478432529,0.0,4.144466779351674,2.5600298542098514,0.0,4.609684429712465,15.786197445458052
51033,-77.34160090656296,38.037220336332446,51532.0,22.178348369188065,1.468280369442705,0.5138541014402004,10.285496242955542,4.3775438321853475,25.44869286161553,28.353651377582967,16.29422354414527
51036,-77.05796605186117,37.3661515446079,58960.0,14.98861047835991,4.762348458966156,1.6757945012130189,16.377992428556144,11.654294913604788,0.0,1.842476697276834,10.707001687527825
51037,-78.65844893085782,37.014524798765635,46695.0,9.554347826086955,3.7298360307209864,0.0,2.2248797470036408,16.313215870737995,18.00818517632677,22.66762337558798,22.52518004730394
51041,-77.5820310769652,37.378225670979155,62929.0,329.69337979094075,0.041660115575713,0.0755553797880436,7.765661608742161,9.373796086321995,22.163051268275133,29.683333928156312,11.527654928076256
51043,-77.99553367604719,39.11385657115621,77039.0,32.50955414012739,0.7555924758974512,0.7563325272940206,9.90817812297064,11.944799566329882,25.87719217099628,32.303983511654884,11.15645981613423
51045,-80.20481462400775,37.48409530413177,47694.0,5.90400972053463,0.2041298204723929,0.0,0.0,0.0,0.0,5.165703143446899,14.66916497193215
51047,-77.95860501369502,38.502893776792014,56882.0,58.83947939262473,0.4757633428454604,0.0,8.286340000385337,11.95839211513884,0.0,7.871588425318385,13.803302342209651
51049,-78.24498849672908,37.50964696760976,47153.0,12.768324607329845,21.542755645775184,0.0,9.00830351127405,6.404378374121745,0.0,2.066690582645749,16.77239279370718
51051,-82.34882383298176,37.1262882804671,42298.0,15.946511627906975,0.0802437389220017,65.44628835398166,3.6766326558726017,0.521641701947891,0.0,1.795898500280107,7.545437012682873
51057,-76.94556397329231,37.9363173751041,53040.0,15.699115044247788,0.4240907628309447,0.0,3.713109080681415,12.656516575883773,23.28864793290477,33.798783748434545,10.36128736547503
51061,-77.80668743553936,38.744449391303434,81846.0,46.10246913580247,0.6219197273071724,0.6252193328924538,9.074055173320172,3.181071449044163,23.80511634605033,30.42974566472372,14.959628766408898
51063,-80.36177471082068,36.93229376607869,49173.0,15.879065040650406,0.5065253796218263,0.234970285731707,6.385791157364762,19.769080175171545,27.662905835494666,36.14491939365036,10.496573440735878
51065,-78.27123230577189,37.843021545800234,53579.0,38.1219512195122,0.7266419339114395,0.0,12.85089634300767,3.4480317126328583,0.0,2.964844327971947,11.1363663183082
51067,-79.87656774089946,36.996492810463984,52622.0,29.1099947117927,0.4927818779190017,0.0942361781118641,8.249132717863167,16.32845074525901,0.0,6.76340383669454,9.426611019596535
51071,-80.70415336589865,37.31599225368891,49698.0,17.150313152400834,0.0671547036677545,0.0,0.0,27.291256180655843,17.26803588415052,24.74976218927103,9.265410619858685
51073,-76.53555486672619,37.42337176085819,57358.0,68.30051813471502,0.7441473907699184,0.0,8.183526092300816,2.747339088166276,23.25783607106939,35.85011244273103,16.98627290758744
51075,-77.91615785934124,37.7224729117392,118638.0,35.05220883534137,0.0709572357388482,0.9142276800566796,4.929022560036852,2.421543629675426,0.0,2.2459554510323687,3.8679775167392
51077,-81.22007915752353,36.658049832879854,39385.0,13.453427065026364,1.0023712674207668,0.4030535485428779,3.5810471962703616,9.98315966740343,29.25605354235158,34.41278627017589,23.88510187782091
51079,-78.45900583008988,38.2961474957542,52456.0,48.89767441860465,0.573939083632883,1.8861517402037111,8.202472759007167,1.380304141968108,0.0,5.061643028188467,13.208692485128084
51083,-78.93255398856806,36.770273060673645,45294.0,15.162003610108304,0.915111916846607,0.2866009849464648,6.829469620574933,20.12834193229401,0.0,10.378740687563026,11.414806041526417
51085,-77.48327283489579,37.75939441320216,72798.0,88.54039215686275,0.4280870405645435,0.2080703280187206,10.10753357101351,7.0910714779201935,15.40316507313381,23.05945916337883,6.530619983897166
51087,-77.40615497056463,37.54155633763312,73857.0,548.0441898527005,0.011554608078309,0.0082509158669047,4.227537033987814,6.689500020828228,30.421284779848406,39.940757481747305,5.700426677946521
51091,-79.56569649063856,38.36545547712082,52434.0,2.0747747747747747,26.64285714285714,0.0,5.550724637681159,5.109730848861284,28.784679089026916,33.07556935817805,12.425465838509316
51093,-76.72559965617897,36.89150746777844,64169.0,47.91050119331742,3.138410137361475,0.0,5.02795906114123,22.346225163723236,0.0,3.5809821563295694,8.979981981447331
51097,-76.90088915634375,37.727236277519715,56061.0,8.266912669126691,6.106333697185911,0.1608050903863049,8.658448923085114,7.598306754346264,0.0,1.449375682223583,14.193445328931606
51099,-77.15407900652336,38.2793705233794,62783.0,62.76351351351352,0.1817044412446348,0.3881314036505705,3.018136750048004,0.711391561298253,0.0,1.0527166153610077,59.4496661241785
51101,-77.10408091183737,37.72479015415646,54865.0,29.883870967741935,1.279833067912538,1.6315347441175256,6.755915365186889,20.391660126759465,0.0,2.840078999019396,11.030643480974607
51103,-76.46067906685725,37.74189322199266,76974.0,33.86875,0.7562122368889242,0.0,7.39854699466955,9.416206916802835,28.5721441674238,41.28904995008101,7.298190825269718
51105,-83.12523361383711,36.71087354535669,39652.0,19.501785714285713,0.5680543670607392,2.1349290087814765,4.506633878056278,2.7389151511626944,22.212068091752723,29.87425955619065,30.90735002118521
51107,-77.63412006383716,39.09582622614278,96039.0,306.36730360934183,0.0283416210658108,0.239722543743565,8.936718053658103,3.741776234380203,16.85621725483267,21.768342176500585,10.482290219162897
51109,-77.96301108702137,37.97843764887618,51411.0,30.223733938019652,0.1979050811126678,0.2813795722508995,5.162280495016771,5.862570298926934,13.198162825736889,14.52894077657018,5.080176630284893
51111,-78.24439798866004,36.949759788864085,39328.0,10.99725526075023,2.4885008821939603,0.0,4.581969247296476,9.816660037463496,0.0,5.399570971569218,21.45992051755379
51113,-78.28450394057501,38.42522614899054,57118.0,18.198701298701295,1.265296846628668,0.0,10.279848219471155,9.781488376577316,27.44996315672281,36.087588291872216,12.241609259255007
51115,-76.33693300532227,37.44077922269413,68291.0,34.98760330578512,1.944836868117421,0.0,7.405443225826577,6.777515831881242,33.09297692845906,40.96100967516233,15.812718092241598
51117,-78.35726082523747,36.68318772154402,46675.0,17.345650938032975,0.7623085311292969,0.5652526493715613,4.603405929292826,7.503556032443245,19.703113148075083,30.710944426892777,11.011034255839244
51119,-76.56301742864119,37.630321466514005,62216.0,27.95408163265306,1.6218441868024704,0.0,7.156138259833135,4.685231336006067,0.0,3.820565608408278,16.006934662476972
51125,-78.88717316763139,37.788031821390454,63841.0,12.02291325695581,2.2909248418679016,0.2627572632477435,5.045257948009096,13.206180050831588,0.0,3.8655574594398336,10.58449955092395
51127,-76.99014835999859,37.5148271990676,115233.0,37.70739064856712,0.4497806462498945,0.0214871762423015,15.964444655361511,4.842260398211423,0.0,5.144662743609213,12.849199569729183
51131,-75.90463317881314,37.35938423819922,66139.0,23.205426356589147,20.27992716087267,0.0,4.898633439480498,7.753214274557941,21.89216354625854,28.49656292664821,14.872301837699576
51133,-76.41801461943959,37.88705516809517,61493.0,21.74290780141844,8.88982311682601,0.0,6.619649229624367,23.558007098521585,29.13655593649505,30.199642899424724,10.173017403216804
51135,-78.05117515784508,37.14303186350079,45144.0,19.0,9.879030791500876,1.0031060644635674,3.018047180173561,6.834505684752642,0.0,5.741927505764768,34.53667265572149
51137,-78.01007510385864,38.259421072554154,59889.0,37.1279296875,6.342627737226278,0.1354744525547445,6.298248175182482,16.626277372262773,0.0,2.9732846715328467,13.76970802919708
51139,-78.48403907078044,38.62011206840751,49053.0,29.137423312883435,22.72129181147324,0.0,4.439404719554132,9.712302401736766,21.75222796887685,26.329027903200796,12.747653449361026
51141,-80.2829499861379,36.67947584012017,40750.0,14.04396482813749,2.028970297069669,0.0,3.6088747520046502,24.108679988616935,0.0,4.936495025965089,13.309907906182575
51145,-77.91193072538108,37.55049635491668,68246.0,45.83744557329463,0.9769516306200522,1.0805461914321426,17.255122912010908,3.4092458618991706,0.0,3.3083974091890456,12.765330858679595
51147,-78.44085595342598,37.2242075696816,40153.0,23.73072747014115,3.009738656734717,0.4478876381907327,6.473660782825856,1.8052467468777649,16.631155969828608,36.207214580703166,20.678823143475363
51155,-80.71306276654312,37.06546330677826,48493.0,38.93402777777778,0.3589707618609186,0.2271123719950934,2.353233124100731,39.23515060562317,0.0,5.227062269343602,10.330636238835217
51157,-78.15519900334478,38.68782538505797,83989.0,10.471167369901549,0.7845562289720174,0.0,8.593484402658758,8.777827274538996,21.852103677479104,24.61343680761521,8.737090137509817
51159,-76.7221430181574,37.94644901478041,43096.0,19.400852878464818,2.380959249909845,0.0,5.6118283447529755,5.252939055174901,19.04276956364948,24.546411828344752,24.892895780742876
51167,-82.10093813671115,36.933233365870144,41678.0,20.15847860538827,0.1821219863673736,8.07714798484927,5.130484972410161,6.997172183581993,0.0,9.858962814024656,14.20943018046748
51169,-82.60145284862573,36.71675550478905,41603.0,15.900147928994082,1.1399856480824244,0.0,2.7299758662199034,18.942392025156696,20.50068356355391,28.846381974924984,19.71910691400712
51171,-78.57040862290019,38.85819310186208,55528.0,34.148288973384034,7.496252881429793,0.0,4.806726431788044,24.03171240559013,0.0,5.384044257993733,8.770681142886762
51173,-81.53704950862219,36.84418672273189,45285.0,25.079351535836174,0.3554770258840868,0.0249545709572338,3.4753845767353053,27.604863629131533,0.0,6.192753125601882,20.436035070383618
51179,-77.45930233924157,38.42857754798734,63818.0,243.2682563338301,0.0116530445529886,0.0948777395897705,5.158714202270399,1.5127794614362264,0.0,4.758344161890815,24.690566033742773
51181,-76.89780831287803,37.11044572927485,53368.0,8.803788903924222,0.5951050814565018,0.0,0.7646144304617323,0.0,0.0,0.1224267381430092,2.5881693587802497
51183,-77.26181972444658,36.92205064079917,38155.0,8.315378610460577,5.98990820110645,4.8978053377104995,6.356131071797677,2.53267675846556,15.844124262873123,20.93963158854642,24.995075688491703
51185,-81.5587731803565,37.1279477776938,45644.0,28.815406976744185,0.9362411302022486,9.039531548973985,5.353726011615377,6.85745276838772,0.0,10.475740605028578,14.912469975034002
51187,-78.207313958554,38.90887976426726,55957.0,73.86096256684492,0.0974657586823261,0.0,5.138401815968681,8.423155793883168,0.0,6.75974602756851,8.671601364169709
51193,-76.79000635703105,38.11214546716008,50727.0,30.76315789473684,12.650954056413305,0.0,8.757254274019212,13.10294598053864,26.5768395196604,30.04675224523239,13.41427059178453
51197,-81.07869505006636,36.91713076031274,44919.0,23.3551867219917,0.8216114406678793,1.6802072985292744,5.1874564184801315,40.27632062528631,10.649305859968983,16.15290066403576,10.649305859968983
51510,-77.08773310697813,38.8189223204141,108556.0,3786.2195121951218,0.009629122585107,0.0,3.580465797982529,0.0,20.106093508842324,25.636550230528567,23.048065409237417
51550,-76.30344851093676,36.679150080973706,58710.0,281.1726057906459,0.1066110794611434,0.1290277099743891,8.191806653618224,5.027786055074566,22.056085050960473,28.53563097003175,12.732155531865882
51650,-76.36099735310722,37.055253663705216,48962.0,851.6666666666666,0.0116081836540355,0.0,3.139288968608393,3.8438993030472184,0.0,8.995970356931766,41.782162749556704
51700,-76.52403388745108,37.11152193795816,47815.0,1076.046783625731,0.0357990677977885,0.0,2.705230008261416,33.34736807027621,0.0,7.830610054953037,18.24062895120299
51710,-76.252708156726,36.89488966705806,47988.0,1551.7733333333333,0.0004646059264385,0.0047041350051901,2.70463288021949,3.6605969082715664,14.854521721177456,24.884911511860455,36.37802594832395
51740,-76.35344494335004,36.840870141301735,46238.0,1114.816091954023,0.008788040026776,0.0,3.712974373937969,0.0,0.0,6.606752372942449,52.9198606271777
51760,-77.47368421267977,37.52874890197594,72510.0,1394.3292682926829,0.0071665845643763,0.0468386281008862,2.916098507297006,12.547344355167665,20.920527625980593,29.717159473550492,17.488072465250198
51770,-79.95924518617566,37.27792434068817,52651.0,896.7247706422019,0.0159187925385353,0.0,4.36089575352839,0.0,16.29171784708287,33.09799160366189,9.639426263504376
51800,-76.64151164486232,36.69389904585346,61380.0,92.43673851921277,0.9674900752538992,0.0,5.7475040489760945,9.198492920047489,0.0,8.672456352137798,19.49512421197616
51810,-76.05396429940635,36.747245522254666,67721.0,628.2955801104972,0.009165852554131,0.0,4.575439245869057,2.861395557743591,26.324010327494523,35.27036521862533,22.997818995260165
53001,-118.56568104123484,46.98623542040664,51773.0,4.221794612112619,42.267699861640736,0.0247471850077053,1.257888165221206,8.582844013993409,9.323150429138686,13.365729648252511,12.030576834385087
53003,-117.19032862542628,46.19793852476208,53953.0,12.81880341880342,4.38104594664195,0.03993288552535,6.751720687617062,5.2236071420873325,0.0,15.677968505205456,12.876653896462653
53005,-119.5048542224694,46.256997228826755,54507.0,45.41028376360145,2.728635700845455,0.0029497940891388,6.732960403653701,7.0745548684551105,14.009943160376151,22.507192027302075,11.15886330723435
53007,-120.6135178167786,47.866829054292886,64246.0,10.17700915564598,6.014245184280513,0.0177591710834113,6.832735942637553,3.8832578730303378,19.898940935552485,31.70015273210614,13.716210063497932
53009,-123.93218066061095,48.049736225624265,55781.0,16.933725746675385,2.3140984004450167,0.1141834701193516,4.505643861756697,4.415373160248729,25.208422196668774,31.1707422493486,27.89726357221492
53011,-122.47890082478764,45.7895149662477,65697.0,325.3845185651353,0.2035136293237858,0.0709974704795031,7.587114711365311,7.974101019364734,21.867193738121593,30.97913238136384,11.462550948453869
53013,-117.91086543084836,46.30357188617131,60187.0,1.7477163984341018,21.921528798165177,0.0732597683159827,2.796983029541169,4.486952685012134,7.776774155951732,8.64964764548932,12.162786535187582
53015,-122.67669834930804,46.19648940924056,55226.0,37.67921990585071,1.809325897608485,0.8155550998675681,7.707404187825133,20.333313438022067,14.732010157245842,22.76845521575283,10.31445327389166
53017,-119.683564127243,47.74006985706432,49773.0,9.563908145580587,6.119201721663353,0.0141436123107287,4.116554616041106,3.0412382732578043,15.387647483320984,17.946837697227046,11.973974146119588
53019,-118.51634720478935,48.46786902122779,44975.0,1.278370013755158,7.115169939405923,0.0,3.354712209026911,0.0,22.299114774491994,22.299114774491994,36.63531922080383
53021,-118.89279477589966,46.54080175368305,46794.0,31.75137052563689,13.79341881094834,0.1083650502368875,6.975379520312009,7.245433587118333,0.0,4.91179614977446,14.645071797911683
53023,-117.54180984445588,46.43994512719558,59290.0,1.2233766233766237,44.52792405251057,0.0,0.0,0.8607134910628198,0.0,0.3693540013350144,20.370837350737965
53025,-119.44051400950664,47.21903735187304,49434.0,14.33536153955002,3.040315396096308,0.2589927225185408,3.541047193715218,12.446995291041407,14.074695421781536,17.368045030139648,15.279760733995904
53027,-123.77295883291828,47.15244908239263,46977.0,15.437612657720807,4.61943599975713,0.4785267148359513,6.121775430298316,11.734214479761508,0.0,5.7178531944964615,21.203302315263738
53029,-122.54762369254418,48.15758231599594,65520.0,162.44194756554307,0.7200159045687133,0.1026726116691781,4.64031774267483,2.3684440571082503,24.361595503327052,28.289428280638152,40.87890661417449
53031,-123.59208812206454,47.748127760482554,63918.0,7.079013906447535,0.8627623291328124,0.2103077064630187,5.760678592866187,15.603454804811289,26.791386647588755,30.779596897710963,20.283489780985807
53033,-121.80563673755194,47.49350194170289,114289.0,403.48871913306095,0.1093467757569777,0.0219894602513122,3.240134221376905,4.96649212223807,14.418743723430868,19.157393358571856,6.5864357188377545
53035,-122.67867415905438,47.61124716469918,68702.0,269.78252427184464,0.2239584844658403,0.0808868978139882,3.9155012107761418,1.982197019690362,20.74307739014013,27.917773931666733,39.223100129829646
53037,-120.67129239191613,47.12370354660538,53545.0,7.720945395273024,1.5059559566768652,0.0299513576395449,8.835353955570318,2.4791420778870865,24.03509604345531,28.01451730019225,23.036533878078064
53039,-120.7893883153155,45.87659613929914,55144.0,4.7963688879719415,6.0926288255623735,0.1123029232081253,2.543866865066762,43.240478201153955,8.771082179499327,10.369251178477825,9.435111610466612
53041,-122.39318782910384,46.57808932848333,56424.0,13.536496350364963,8.182986174230223,0.9607623562200782,3.5077356275474756,21.04557255708008,13.951786869847856,20.92798806387109,10.484265097943307
53043,-118.4124462921466,47.57975637284101,50832.0,1.8962757268866384,49.3065886496112,0.0,4.045106507685392,0.0,13.290922321537227,14.293164980739952,13.472346745412231
53045,-123.20169476955311,47.350417875671496,50811.0,27.40481927710843,1.9175730236183528,0.2110510593260144,4.236388748247062,4.809854123781615,25.16710416846316,29.18526390535509,29.649903820260228
53047,-119.73769063532652,48.54463030262866,50158.0,3.156377699941623,7.15916414457129,0.5972185216308108,4.4197017209458025,2.389614204805531,18.864191711130697,25.792040426399225,29.478512658299916
53049,-123.70224213857364,46.55606578453335,47155.0,9.969759734879869,8.235559179469574,0.5604669127113553,4.427302377478328,7.224379881555231,30.502961119217236,34.0792635825251,21.66541498583813
53051,-117.27529609077294,48.53083325875474,49595.0,3.876472199397426,2.3301421373571296,2.5269836266986516,4.0611507274671945,3.451948935027717,17.947741429953467,19.906233994773267,26.25054171536633
53053,-122.0925523635945,47.02194022855212,61101.0,212.1026989935956,0.1751004726671321,0.0896573377375789,5.942446341616116,4.564843165311257,22.111411793059048,31.766460090573872,21.915569000331065
53055,-122.96723428570796,48.567556355371984,86637.0,48.99212598425197,0.4786272725449038,0.1852868389809953,7.79782215016623,2.5817970270216053,34.534658304443056,37.67751336308379,9.104860314513468
53057,-121.72686131479487,48.47900547195689,63349.0,29.045816733067728,4.140641721865594,0.1240910408210039,6.197981679701632,18.541547887161204,19.34733463525142,24.397503783581055,16.908156055907973
53059,-121.91472992317452,46.03199247768297,63206.0,2.915262172284644,0.7739815662795058,0.491837989382626,4.3265416493409425,10.486506343128427,23.58016219429131,25.76103510468139,17.916117132951868
53061,-121.699388305272,48.046993521133786,70120.0,153.2281500364166,0.6151681578274304,0.0937633981242574,6.536355522615385,21.334050397378075,21.74139354523904,27.77473115656789,10.021054725751682
53063,-117.40677149321247,47.624226306942795,55498.0,117.88915094339625,0.5331950362511821,0.0982255761963252,5.178749601436278,5.8582667777210125,22.21970949686765,34.322360149425165,14.131073907301325
53065,-117.85270021484912,48.40984643685808,46790.0,7.5556425105650336,5.687980020302633,0.8083995198308026,6.046320180738439,8.393034634916559,0.0,9.462165499551991,20.62444495326027
53067,-122.82929204311716,46.91940695495352,61507.0,156.52253668763103,2.3234541786817258,0.0103316972671375,4.941163660669161,2.951535721147384,18.89100525112529,27.455596854388965,27.953584662665
53069,-123.42447088703152,46.29658499072745,50670.0,7.011958146487294,15.811746094522444,0.0,0.0,7.114099268340913,0.0,0.0,18.4955507217718
53071,-118.47575377191616,46.23381657995284,54894.0,18.33579444772593,4.751591618523044,0.0,3.2438724612281753,14.2020122644907,14.469981679791708,32.77588686018329,17.879476843506108
53073,-121.7125144964783,48.82165504632866,59187.0,42.06801604668126,2.0751478731500113,0.1722270810114119,5.425942855040524,35.031990028085005,15.15981717356035,22.823407406874207,9.536163588033862
53075,-117.53096564504412,46.907956527201634,47237.0,8.57068345323741,17.952998173592803,0.0658704234669799,1.9459434797548252,16.765990330449956,0.0,3.710215761281023,27.553027829541033
53077,-120.7372345949861,46.45923887788329,49840.0,22.909724082507367,14.470437901255062,0.0342121213291073,3.48376063096695,8.448270670305872,13.496762935710397,24.60863757619744,15.208009852102643
54001,-80.00359625232656,39.13266335238598,41471.0,17.39774011299435,0.2097658854748136,0.0,0.0,1.7168601039260094,11.32735781563994,21.45156170018212,9.020388758006725
54003,-78.02486850187385,39.46598245511029,51455.0,153.84560570071258,0.0801577293451374,0.0510737775356735,7.789566603920006,7.072234514122125,18.900323991292893,26.814165535241983,21.054403300478295
54005,-81.71176817643402,38.02440127271008,41797.0,16.022205206738132,0.3409298380055418,43.5028957301177,1.134197187856688,0.4266280486517436,0.0,3.946092099494381,17.741765209258883
54007,-80.71948112601073,38.700162432026374,40538.0,9.134485349361382,2.4486677388158986,4.102306545631348,4.001325048220001,8.229190598569161,13.0915298429711,22.725111266649925,17.895898227748006
54009,-80.58000345302885,40.26872662971877,50842.0,89.8305785123967,0.0260932912737687,0.0,0.0,28.780829752558024,9.255713549258845,22.521401788025152,5.4484202627805995
54011,-82.24091935281803,38.419868009873454,50998.0,123.9959785522788,0.0255420274858395,0.2684926948595765,3.3650200297376025,12.249029773254655,14.823555915252827,36.18747262585305,14.18862210320598
54013,-81.11712460319099,38.84453171146889,41526.0,8.295890410958904,0.3690252617887129,12.444554867845111,14.422676419651143,1.576212850848027,0.0,15.766512967036178,18.570374213537747
54015,-81.07464375665691,38.46287480815872,39200.0,8.775533108866442,0.7237470981838044,4.727874125661917,6.291440969851457,3.4396953282655867,0.0,11.871273157631206,29.084164049342252
54017,-80.70643203701718,39.26918841186519,39297.0,9.266506602641057,0.1032762872452858,0.0,1.874084512265218,0.0,0.0,0.5164741438451412,4.540726456900228
54019,-81.08119303399958,38.029218782786955,45201.0,22.860208816705335,0.3322426117595406,18.00673650536947,2.361176914940718,7.747129002525635,14.62200103922828,23.83173667167556,15.806174316870017
54021,-80.85643392487772,38.92450145848566,36665.0,8.324601366742597,0.3202558273354149,14.068616815553398,1.177730192719486,8.089407503136528,0.0,4.8943957588506635,46.373421124621494
54023,-79.1965179215359,39.106759507445695,47851.0,8.74401913875598,6.698810832417308,1.906498784184404,5.7226608041037945,4.480696845541454,10.055960827420805,14.89140934679058,14.838779521001966
54025,-80.4508743455845,37.94582288844872,47325.0,12.088191330343795,3.6830213087484354,1.974608754671667,3.914266114985737,3.2126277502469076,18.76831866389956,30.767451405234585,15.347070246501598
54027,-78.61364324529833,39.31980017976562,45010.0,13.933491686460808,8.33248970435191,0.6477045867770269,6.643679464180863,2.172108411048435,25.863842331817494,36.35932925421848,19.232716066880208
54029,-80.57903673510683,40.52295366515588,51261.0,112.60956175298804,0.0393250275357635,0.73274810217582,2.5269421781943135,36.66007677036822,17.29476787516241,21.94658061877972,9.55095270444068
54031,-78.85604093457827,39.010649809089635,45433.0,9.482965931863728,14.15644999390771,0.0,1.5894106338495342,50.76230980935969,0.0,2.782145530290283,6.402802839973928
54033,-80.37953383014303,39.28385896817164,59948.0,59.94717330861909,0.0613419519571104,13.263982112396976,4.972267994522876,3.281343775780055,9.726772943233158,19.487724893981454,19.587717047301343
54035,-81.6761178513767,38.83684651770057,46252.0,22.2953995157385,0.2247764239841546,1.9110497569173517,4.538743172678711,27.3249904967689,18.027929496028648,25.143448772582676,11.352159734309666
54037,-77.86241027812967,39.313985175873235,62828.0,113.59730250481697,0.4462699119248106,0.4141609984904412,5.336897276108505,3.168533968591325,0.0,9.399598506627632,25.99735563304702
54039,-81.52727883363917,38.33749476023779,57834.0,74.88250319284802,0.0388842628355216,3.768505909933373,3.380270118813285,4.700693482700355,19.054292404832943,33.38795905778094,15.768455495763073
54041,-80.50163228557095,38.995194992029965,44125.0,16.504442250740375,1.5164057345090276,10.56775238438006,6.1677463859396555,4.1575190450482875,13.40231539799652,23.120988542978825,16.388488992861856
54043,-82.07012919620651,38.175877166188926,36862.0,17.561450044208666,0.453997619100434,10.132132531813106,6.618826852406409,1.468098164045459,0.0,10.112907876932631,24.3539406845456
54045,-81.9344748907024,37.83198906337102,44741.0,26.483898305084747,0.0492354341164671,48.12573906609844,0.7780374681119039,1.8906192866047544,0.0,7.138763736204991,9.074395222078005
54047,-81.64932333906874,37.38089198588907,34672.0,13.236607142857142,0.2621716456531258,50.63026404836243,0.0,0.0,0.0,3.2147305205329872,19.604297112699687
54049,-80.24301940495285,39.51000672563048,49953.0,69.31552795031055,0.0676618879801963,27.532437802168257,2.591803845631486,4.917860638212971,14.38436432828862,20.080669212125795,10.66691589203781
54051,-80.66490880795722,39.86111596284868,50128.0,36.424019607843135,0.0802978877831804,67.35671867374307,1.9082625020219308,8.709157574350282,0.0,2.736779120787953,3.8963825859488663
54053,-82.02626305330627,38.770100135406025,41727.0,21.66637706342311,5.268810114756535,0.0,0.0,12.460621935942408,0.0,7.756151582777468,13.16710826718638
54055,-81.11453320704584,37.406744935199534,45424.0,57.002918287937746,1.262731576028307,4.888695893936854,3.172330638569659,4.6122927274820515,13.835922761891522,23.274283565954352,22.393290272528937
54057,-78.94546189683072,39.414138709749686,47727.0,31.466042154566743,1.3249309019510398,0.2684487207949992,3.437997103686791,25.64326871961366,13.892526819412224,21.611445936505156,13.749340589731734
54059,-82.13323735087934,37.72860540850434,38389.0,20.68911439114391,0.1957305617048446,35.63578415210463,2.501583114837319,0.5683513101910729,12.333903778018517,17.942186216172367,12.264429895488254
54061,-80.04603754360943,39.63070646075424,55543.0,112.54842105263158,0.0206706230383738,6.633249730117679,2.6337067437822057,11.544400292835729,10.936140672549708,29.073362563641208,16.71968055612308
54063,-80.54262383834234,37.562995626465714,40424.0,10.126644736842104,9.170093308702643,0.0,4.554742194333247,22.9860236556252,0.0,4.00164043304529,27.59774549334572
54065,-78.25732828136444,39.56588840917039,43908.0,27.15625,0.5669092554219425,6.576705894180662,7.217899810657894,6.402723398551171,0.0,9.75028066197128,16.081232790254745
54067,-80.79982429696494,38.2920386050975,40961.0,14.29093050647821,0.8017242341456396,20.186337329346827,2.270249892421381,7.452625104323358,0.0,10.137316201774087,12.093820956935067
54069,-80.62076514442562,40.09651522452103,64162.0,145.01048951048952,0.0345852900728472,25.181321090965604,2.011672587833319,3.3392946991803347,0.0,10.22306778024729,6.885660695443279
54071,-79.3504812826202,38.68548895092496,55029.0,3.4361158432708687,36.42199630045007,4.003233464905254,2.414174811017085,2.01436124502964,0.0,6.277582766505964,10.234935986133973
54073,-81.16400199176493,39.37139453424461,50633.0,20.952908587257618,0.0790147388826262,13.230886334664294,1.2667379555199696,17.218365132376025,0.0,2.0366048946996913,6.253358126402511
54075,-80.00763921537435,38.3319238564808,51445.0,3.1829717560376585,4.478070255446712,0.3544999604759907,3.608846081346491,4.847467727126239,0.0,3.4300759469040543,20.37584292550636
54077,-79.66851415878148,39.4700242257762,42312.0,20.306413301662708,0.477598210923101,1.0249641995758385,8.703641366959625,7.660568651826571,21.431483709557185,25.184056951836904,32.883953300026995
54079,-81.90839166065682,38.50880798570891,54459.0,62.64544456641054,0.4039316009155783,0.380308273804975,10.041036054231151,18.35860028602724,15.172817222770096,22.03046590416996,6.718728961895786
54081,-81.24857530435128,37.77201481989207,49458.0,45.85462555066079,0.1280020999187507,20.54851185111004,2.6166254121831036,1.9434972737314564,11.46230334327288,23.869187113893524,16.333507134974422
54083,-79.87493897561663,38.77554555068116,45933.0,10.2109751575825,1.4090639297868264,9.514577197092189,2.884645798950226,6.0430850182994105,16.280056340229493,32.75296818860952,15.581106300318728
54085,-81.06280230949025,39.17865528727817,55047.0,6.994057724957555,0.8897379212438158,67.87546876135823,1.685295966407396,10.59432739960917,0.0,1.0059394255562064,4.31730814458161
54087,-81.3483270668657,38.71440366533565,39503.0,11.017571884984026,0.2062088322825427,13.540106348467535,4.0646553548004904,5.271160383080156,21.53260271654043,37.11364053089606,13.079733141511165
54089,-80.8605513499992,37.64800456464181,43652.0,11.769849246231155,0.5904981351662728,0.6080724844271739,8.68680556911601,0.743199703188768,24.422487356232057,34.414090722696294,20.91894319579778
54091,-80.0454376585304,39.33584667841482,49638.0,35.777292576419214,0.1085787183213155,0.0,1.945420764399175,0.0,0.0,2.9516168733077524,11.077528203603212
54093,-79.56480471325592,39.11406488099644,55319.0,6.055758683729433,1.7557759209900836,32.888398020022095,4.510527797026249,11.02113600404888,13.311874900965629,18.960677146769527,11.825235967864382
54095,-80.88371983105303,39.46486746000232,61150.0,12.079222720478326,0.0062020324473798,84.3592184116016,0.0,0.0,1.5916069135296098,1.908365384058792,1.6062023632224438
54097,-80.23322554830297,38.897522143882014,42159.0,25.918032786885245,0.6995552231230548,4.263558125971141,5.255512962641413,9.7431291099565,0.0,14.336596811319328,13.043894446744758
54099,-82.42458737693782,38.14766035458376,42171.0,29.38562596599691,0.4381851091814197,1.9829566994089307,3.9496282901703794,14.02939862564362,0.0,5.090653771470981,36.20624600658879
54101,-80.42189762034349,38.494879112356905,32937.0,5.634535367545077,4.2917200870628225,9.793374877008857,3.8659471063537967,7.423000089448105,0.0,15.563373982527803,18.000536688631147
54103,-80.6381256071616,39.60575330214076,46441.0,15.018201284796572,0.099840724232181,74.4615166021677,1.856187492507188,0.8619667100324704,0.0,2.1559633900429493,5.329490247768649
54105,-81.37842461736798,39.02244394420102,41225.0,8.407590759075907,1.1501799435852544,0.0,3.2596537301818893,0.0,0.0,18.881918101352007,28.674253477288204
54107,-81.51612500277261,39.21279954320742,56142.0,83.364,0.0675823992149127,0.1701131508429332,3.750156916933493,17.58664210853345,15.5543077526199,28.006347275349302,18.738628636002037
54109,-81.54854636831472,37.60970391884096,36415.0,15.847457627118644,0.1820036759756145,66.36841333683047,0.7729920506778016,0.5132005022304176,0.0,4.09463393326399,8.81915017746605
55001,-89.77035624607419,43.97022633082793,44578.0,11.869613878007836,1.9589125289325364,0.0,3.571143163929972,10.118142098892973,35.04204208131187,39.60499187055659,16.967797523825297
55003,-90.56628021078528,46.70181194891798,47683.0,5.963927110449982,1.4284654855193506,0.0,5.06490189084805,12.942120956359703,15.943369907229204,32.780075172481176,18.872930726192536
55005,-91.84840954373362,45.42410556958549,58710.0,20.30702515177797,6.751809693236462,1.43262139485871,3.518449176887431,25.83484171936768,13.569073226900231,23.458412206012724,11.87633849218624
55007,-91.18101905908088,46.63524609068497,52580.0,4.2608028637177195,1.377465563360916,0.0,10.00417297259876,4.138934988163758,0.0,3.174536021214854,24.597269683642526
55009,-87.99286566604857,44.47433293056458,61974.0,195.35090252707585,0.8517904753048725,0.1473456928465708,4.058396170869975,15.716245683841098,22.307726294474296,32.67111262555543,8.366247457376694
55011,-91.75928933107592,44.383609110256664,56163.0,7.235421166306695,16.610445504245668,0.1461581643748324,2.5032746509146264,3.640425628758263,0.0,1.6335324253657746,10.183911475691724
55013,-92.37599876812168,45.86371735277307,49149.0,7.207218683651805,5.052197818833603,0.3070103729540211,4.361727251258015,18.25788265784996,26.33658510000545,31.353510030822147,17.37636322899825
55015,-88.21803362039482,44.08187363217592,59314.0,51.30836575875487,7.468370468068045,2.293714481551402,4.663253432853354,28.71849364642399,16.179301084794766,16.179301084794766,6.703475352921159
55017,-91.27976501038064,45.06972984189128,54933.0,24.768175074183976,5.175561832847838,0.3421839626843097,7.156495365964865,21.794502067949388,0.0,7.389056992150053,9.421200530679116
55019,-90.61206366730346,44.735435218741515,50199.0,11.008238276299112,19.098623698043056,0.0,6.06708258694175,22.108368704205382,0.0,3.8091708361644736,10.580258788301286
55021,-89.33858290236883,43.46544344059723,64047.0,27.899091343854614,4.325329146499562,0.0,3.54640668492878,22.031544991417174,0.0,5.852574432856326,9.240399260301462
55023,-90.92952410536444,43.2480425971743,49071.0,10.688,6.82216574923831,0.7068526565231706,1.920918757738628,21.98697823677535,14.95300015303354,24.985160383789573,10.248262141820357
55025,-89.42034104016197,43.06886612351389,73988.0,176.90393554384875,0.8926684541136789,0.087069042534699,4.272589842324178,7.664199777083628,20.31244994824643,28.03428935880936,15.5960841679282
55027,-88.70761317453103,43.416663453432456,52959.0,37.69220945083014,5.374573444827853,0.0,8.066009494355612,29.546619753925352,0.0,7.58344926828463,9.413997700707949
55029,-87.02966478405082,45.03242353560574,72879.0,24.16824644549763,2.3610833456717506,0.0456857500211721,5.45129513052125,18.57462764385394,22.66716058742772,30.576729303577487,9.971476652162064
55031,-91.90165058378824,46.468145867817775,50385.0,12.796644489441713,0.1807844577844942,0.2459824934824201,7.862634054010302,11.958013532372648,14.223356195636802,19.210116458101144,13.585607333489286
55033,-91.89645847371656,44.94717374212155,49163.0,20.418417523468932,6.649812363866156,0.1980882454985002,4.538616733939861,24.564469890281195,14.758861710489162,20.99115694620283,14.580673936448544
55035,-91.28614935354074,44.72690232981869,57975.0,63.89653110047847,0.95693987936373,0.0,4.079856936625049,8.508373536859333,20.805388934775753,37.81284737671252,10.79834406752216
55037,-88.39813282426694,45.85382612107908,61401.0,3.5451807228915664,0.8723724420462304,0.0,0.0,0.0,30.019953199472333,32.913498571456984,15.38849078241732
55039,-88.48831329142858,43.753894717736294,58165.0,52.450832072617246,4.042050100222017,1.422476889291314,6.045475224952269,25.14102148412342,0.0,9.843363043551369,8.425660897423288
55041,-88.77027980214936,45.66991387002496,46260.0,3.440353460972018,1.4048020724228638,0.0828862539410947,3.065458819390586,7.914970963159592,25.22220711968935,25.22220711968935,43.37083203407131
55043,-90.7072193166903,42.88087906074572,51665.0,16.694959349593496,16.767560820841915,0.1309129711220727,3.67009033331737,16.455375101767157,13.461175829701643,20.64720918538384,16.799400471720702
55045,-89.6023484666892,42.680947475626965,63123.0,24.429423459244532,7.247406969082077,0.0869116942007303,3.1948053236682603,26.608689455541302,0.0,7.548733917164631,8.326699570132144
55047,-89.0448792020095,43.80052440357099,51333.0,19.553861788617887,6.876720608701836,2.5339296417070467,6.499202551834131,14.33908308698788,19.001869177866496,27.267901949430613,12.023435833358729
55049,-90.13364290649524,43.0064575870554,59046.0,11.681618722574354,7.382177061013646,0.6099297307066208,5.084770629476024,16.438293130387986,0.0,6.113301816518253,8.289069080243838
55051,-90.2642748739026,46.31761652334837,53498.0,2.968034351145038,3.963979532079529,0.0,7.682670429999136,8.179487917974711,31.26062037383716,39.28266274972879,15.605829325192246
55053,-90.80490798399308,44.32008212197436,50506.0,8.109259976753197,9.32424155349203,4.2988717824627205,6.7052191403768795,9.400331962130606,14.813621033846529,22.196186594476877,17.350598136777474
55055,-88.77572220028968,43.02111163559562,55517.0,56.8648111332008,2.904692472915981,0.0896118759812847,4.7602697539201,30.59001390876655,15.68322056257713,21.429848078641644,8.336457766399914
55057,-90.11516259934852,43.92506806967869,46768.0,12.87578237843043,6.83591226011471,0.0,3.833047556849572,20.198976755400484,17.340951726757787,25.908001654814967,16.98501039463174
55059,-87.65450837152972,42.57805543618567,57601.0,230.65934065934067,0.2964491067237321,0.0,3.1231946160769515,13.880037497401869,0.0,9.60714737747871,10.282429194362503
55061,-87.32168851562201,44.505697073779515,57964.0,23.184977578475337,25.455266816293715,0.0229255996248157,4.823064618786011,22.12456451829023,15.957473536111484,15.957473536111484,10.481081669569878
55063,-91.11254962335492,43.90984801655135,59341.0,97.29911075181892,0.6753806934703652,0.0,3.602648105116425,9.575541901131732,17.816080399639556,35.6366759166671,10.687159309402688
55065,-90.13130693257456,42.661200709644376,52478.0,10.327028676021964,27.806491059507614,0.0623900375588026,4.554098401567238,12.449557654633708,13.602650328795498,13.602650328795498,12.388290637750965
55067,-89.07191631020748,45.26266316030373,51290.0,8.497824194952132,5.738332580480362,0.0,3.1237519613052536,17.15253180471942,18.78859319656062,25.19266019554455,10.232466585275104
55069,-89.73452673051457,45.33787950970067,54209.0,12.066836951894423,1.855233104384169,0.1160498726518522,3.309486983197806,28.048765984242507,29.086579839996396,33.312760666228925,9.947927783679033
55071,-87.51397457795014,44.11103500506661,54775.0,52.69520103761349,3.929637022860631,0.0,3.052028815565747,22.804840068332823,0.0,6.612076103222061,8.324214694275387
55073,-89.75902156192998,44.89862370956629,60203.0,33.841538084741615,3.2351844053153154,0.0,3.1709660839065323,20.668976276234257,0.0,9.735573975954118,6.996021130512831
55075,-88.00303611028372,45.34982008478196,51839.0,11.416145691764068,3.733064914165224,2.1349663540755777,3.0146783631674228,30.894377558130852,0.0,9.427442649042671,9.497655235433095
55077,-89.39877632385698,43.81984821413507,49234.0,13.124792013311149,4.418974797846899,0.0,3.156867606715242,31.32893168784842,0.0,3.2506458501627624,13.273320589623207
55078,-88.70997253929208,45.00436867513967,41554.0,4.438689217758985,0.0779971161592577,0.0,0.0,0.0,10.402865367741008,10.402865367741008,77.70000872336168
55079,-87.5826416956991,43.01595433169449,57290.0,1465.7821939586645,0.0076223639561532,0.0148126565636825,2.4929777746193613,11.207328157478637,22.051427860784905,36.59511148222502,9.545590278394656
55081,-90.61906096114885,43.94709025698792,50674.0,19.483911939034716,5.303142441371962,3.733888239353277,3.475384983928463,18.052465792117616,11.08417623986814,16.57495700550973,24.833760596666988
55083,-88.22110586027765,44.99919974780254,53593.0,15.03981797497156,8.8049200451471,0.1119615096267125,5.474991967441363,24.312536558439955,0.0,6.498710671357132,13.140606849506923
55085,-89.52149941103133,45.70589530765945,57717.0,11.94723696534499,0.1826742915504222,0.0,5.648916157569249,10.668516564596858,20.25253359667469,35.93971185148749,10.812234108463096
55087,-88.46484408637222,44.416231271580465,61535.0,115.3750748951468,1.2753538155958966,0.1431347656562507,6.938597686816274,18.077567588024746,18.402708229671052,26.68798874200692,7.536005900676345
55089,-87.59558251694145,43.36608681451099,98304.0,153.1496710526316,0.9600695050480368,0.0,3.206634008602801,18.366864088929223,0.0,11.035648487528263,5.952610899725781
55091,-91.99623117263216,44.59228431575499,61608.0,12.29235880398671,12.345604345758296,0.0,7.947063561663419,7.3282438551010705,18.216281748529926,23.387866075429475,10.990853784257071
55093,-92.42223550683237,44.72352046421591,58265.0,28.512048192771083,8.3280017641822,0.4088519475428046,5.588210471292563,14.6389007620287,19.142057504716735,22.510338706647534,22.94546281196486
55095,-92.4441712133591,45.462422688962256,54900.0,18.250500200080033,4.632669249778808,1.6583274857369497,4.880098849803216,23.384893878837804,16.41425389755011,27.122575789934,12.139559243778669
55097,-89.50138424394765,44.47631890926464,54924.0,33.23896713615024,2.2941779384752956,0.1453759368798615,2.7463038675451306,11.61919065837232,36.703285245456705,42.27371467355779,9.767826311373131
55099,-90.36134739945224,45.68107937220058,52148.0,4.280797101449275,3.2734798535845626,0.467517469374104,3.5344663711868596,32.12921262397217,0.0,8.478488622217013,10.914267501175583
55101,-87.69485791523077,42.75136687885667,59434.0,223.02721088435376,0.4935949424226866,0.0,4.131717249880332,30.747242663015843,0.0,8.374000798617052,9.672085853813396
55103,-90.4262816984859,43.38172183463679,51720.0,11.63457627118644,11.804328582965685,0.0159873793746348,3.4127177251840015,32.35375368385663,13.160669636087276,23.633461114814068,10.102495559387824
55105,-89.07189942329781,42.67359185114207,54101.0,88.38760107816712,1.897201541860284,0.0,4.722170317813582,17.53546243992174,0.0,10.071384404540543,9.10887185163875
55107,-91.13302998626996,45.475313440178425,53608.0,5.87893864013267,7.192314854432278,1.2453677182378635,3.2654476912864063,28.24515591617187,0.0,7.016902942058631,10.666863779998778
55109,-92.45671124736988,45.0346422260677,67027.0,49.709410548086865,3.0924347522561657,0.0,5.175918650406179,21.53644539917488,0.0,8.433712013457804,8.569585548237892
55111,-89.95247043973147,43.434925822380464,62973.0,31.358705994291153,2.8399237810404023,0.0,8.738205209159641,20.278726959490097,0.0,7.342990786124974,8.406119307500244
55113,-91.14471702295864,45.88053136560501,51768.0,5.3147353361945635,2.289950821150901,0.0,6.038367951878491,10.637566611820509,23.54224733752539,32.438058286127955,20.64221388174925
55115,-88.76591116504262,44.78930563455853,50959.0,17.409592529711375,13.209024663891771,0.0,4.2040173437334465,18.623133742547417,15.38841513147566,22.04088822175676,14.95016293255626
55117,-87.63667695597624,43.71945143806262,60128.0,87.75874906924795,1.038678107108095,0.0035177849770479,3.3569719495257915,35.504991516254805,17.99282053180329,27.58032898766361,6.625496733914376
55119,-90.50127690609249,45.2116438005856,49793.0,7.821960784313726,9.919113764792014,0.0,3.683258060653881,27.182956773657903,0.0,5.962636486934744,8.593352843383757
55121,-91.3563536256733,44.31581131976639,51466.0,16.77699403147043,9.165017898850616,1.433463218797969,3.3699374188215843,28.593176261199385,0.0,4.233114169611409,12.094151122170096
55123,-90.83506155032944,43.59178824897864,49916.0,14.674528301886792,11.201470506322062,0.0069626246309808,5.12434514683076,17.889181400557597,15.893326727390525,25.07886088529406,11.4908958186141
55125,-89.5150095716613,46.05500687611091,61762.0,8.913696060037523,0.6878881136681415,0.6368908836043463,7.85348504641013,3.249062693891115,28.853472672732128,32.51784903052233,16.315047983355633
55127,-88.54150689738232,42.67001763117954,64022.0,71.32591093117409,1.972218545918772,0.0441928289342082,4.076605890987816,21.12566848110797,18.638401306155487,24.76636670999262,12.916543240839518
55129,-91.79102560501704,45.89978942667821,55491.0,7.653846153846154,4.555402076953801,0.019970709625882,5.350347268450717,16.513419207384725,22.7005946833533,29.377468601606537,15.058192428882084
55131,-88.23076947788621,43.36886525598867,69100.0,122.12300884955752,0.7709942934261532,0.4704343161456474,4.518387983911879,24.999842225733712,0.0,8.143239615419159,6.264269468737636
55133,-88.30431583510097,43.018439446881814,86239.0,273.49367930805056,0.0411036765878465,0.0,6.080168471087723,16.739152077622542,0.0,7.774721260069567,4.8742286246194295
55135,-88.96476909233283,44.470786549900424,53939.0,26.057013118062564,4.350562912660496,0.0,3.630415667200454,33.22303213131602,13.708977587593107,20.730069923874453,13.172621381157098
55137,-89.24281373054579,44.11317237804465,47352.0,15.092009685230025,6.34478957045718,0.0,6.1785401006054705,17.667624394498286,19.94087509391648,26.426618037752853,14.454894291262526
55139,-88.64463776341962,44.069139949885134,57288.0,114.1849132176235,0.6061815943124655,0.0,6.1889159626889345,26.411912053741233,16.036710977538405,23.450519881031955,8.75807345529331
55141,-90.04153181623994,44.45559067770519,54357.0,35.199714013346046,1.311627920361322,0.0,3.72308620123687,16.59599553794504,0.0,17.697264740577793,8.931550786090837
56001,-105.72349702936134,41.6597991259214,50653.0,3.445392491467577,0.7750799461337664,0.94007038112632,5.2773165359721945,2.702028753664473,18.469472014758797,28.0958159630227,31.838769001239935
56003,-107.99584897001832,44.52796414378509,48435.0,1.452366393542864,8.383291088218652,21.999860474850593,4.747420722585246,5.959119131223403,18.02633924764939,19.68932400065112,19.48112147214535
56005,-105.54909795494082,44.252647603224666,59723.0,3.7817699541837473,0.6914921497690047,45.41629304072246,2.821202302456378,1.2709669674273325,0.0,1.38433696166161,6.3446053298269325
56007,-106.93022747578968,41.69715784777283,69244.0,0.702942030388077,2.484444814124344,5.813959796105463,2.0934179096651,59.843751977737234,5.641817547298434,6.659617634454489,7.8067956407507
56009,-105.5070778752441,42.97451335367493,68247.0,1.2467414916727009,1.171585931445314,60.866930830658895,2.3980292167642907,2.8818331782523874,0.0,0.9741188932322352,8.03594638653298
56011,-104.57057289533908,44.5912238580999,61597.0,0.9957041213585716,8.425118260996015,27.027622507816133,5.273988750057836,6.004375711934501,13.296127296642863,15.483542608109389,13.43273058966354
56013,-108.63323226158288,43.04499116141223,53871.0,1.6470220741357768,6.081582947985764,12.43156217243804,4.901690504830935,2.086231910646303,15.269581325608865,23.744765206560512,25.07618527226876
56015,-104.35333335931904,42.09006241521582,51140.0,2.1853709147501297,13.464501360958469,0.0,4.258406027835453,2.016859744242522,20.56056081760222,30.98968459512403,20.707661719283056
56017,-108.44252584724472,43.71945288528362,79134.0,0.8866871873797615,0.8763122666103008,19.278869865426618,2.394666384837596,2.2475868385823996,0.0,3.569541323187487,16.647290918058196
56019,-106.58503757076718,44.041001573675416,66457.0,0.8078986311505735,6.884552628950084,23.94044672357083,4.206394133469489,1.1798918894919694,17.444011558426663,19.67485450219958,16.778773045630626
56021,-104.6890131198409,41.307582331238685,61146.0,14.480976310122038,0.893360580499868,0.0,5.038962433128274,0.0,0.0,5.067683953856671,24.71561694626495
56023,-110.65969641112162,42.27169955872259,68685.0,1.9367218945988955,3.193066782209057,12.63174487835595,16.6442578494785,1.2694208578179516,19.832941214156076,21.64076375992697,16.253206427776032
56025,-106.79854630373282,42.96454286040433,75500.0,5.715876436781609,0.3186470009190956,8.373185131459541,4.7783084027807305,8.402121656117023,16.751438862411693,25.324464905754652,8.953422081424305
56027,-104.47559475347914,43.05784449671789,56841.0,0.3448478612376892,19.2302192223541,10.264697049864862,0.0,0.0,0.0,2.7928327303407743,26.335997940768497
56029,-109.58789304383492,44.52348959418557,73121.0,1.6992263594367452,6.587605839862299,8.55984003727123,6.827455068455321,4.316706386809188,21.0977199830087,28.262734776609772,18.390707067725916
56031,-104.96589784852534,42.134985952777534,56090.0,1.5834248079034028,11.216385782298664,0.0,3.3792713716697205,0.0,0.0,4.1064717338267425,12.17950470773746
56033,-106.87605508629004,44.791624175845925,70638.0,4.861064765660549,1.292843512683446,0.4991858817245523,8.695289313513072,4.4742045116797975,21.663676540901903,27.35609705668245,21.795486166450573
56035,-109.91544297863857,42.76920074569853,67689.0,0.6859937402190923,4.1839432406954575,70.23139172026029,2.7438904557278327,0.4422802951370431,7.102516371265441,7.102516371265441,6.318602899436003
56037,-108.87848701967856,41.662548663399846,60187.0,1.520924583164636,1.0040511565223005,35.09804148775891,4.283853855669479,11.812913235819591,0.0,0.0,9.31711609492254
56039,-110.58949996628398,43.938822471961814,440019.0,2.1205596438629963,0.4583755514055948,0.0,8.898707474437797,0.6294862881238091,25.048988783241544,27.669277661636883,8.10584614508463
56041,-110.54963012469084,41.28999372884918,46500.0,3.841675936225436,1.6977567333161434,5.194158599188955,8.0152832798106,7.321441128899932,15.704179461334707,22.0877147746185,15.41473476946157
56043,-107.68348351398744,43.90580122338452,55225.0,1.3314955203308063,7.255060961169995,4.924734423625712,4.946023590310319,13.891061659646024,0.0,9.157690532061723,16.84977742056629
56045,-104.56752666334874,43.84110195561129,51593.0,1.1051785139916372,1.418870152877108,9.466008042216952,0.0,0.0,13.78799666313609,15.789646348664784,16.66815075876161
